timestamp;run_label;level;Player name;outcome;ticks;inputs;resets;elapsed_seconds;final_reward
2026-05-08T12:00:23;q_learning_train;level_1;ai;complete;46;41;0;0.404,;150.740
2026-05-08T12:00:23;q_learning_train;level_1;ai;complete;66;53;0;0.582,;146.952
2026-05-08T12:00:23;q_learning_train;level_1;ai;complete;67;60;0;0.593,;144.969
2026-05-08T12:00:23;q_learning_train;level_1;ai;complete;73;62;0;0.645,;142.499
2026-05-08T12:00:23;q_learning_train;level_1;ai;complete;79;61;0;0.697,;141.412
2026-05-08T12:00:23;q_learning_train;level_1;ai;complete;84;67;0;0.744,;138.302
2026-05-08T12:00:23;q_learning_train;level_1;ai;complete;85;66;0;0.756,;138.423
2026-05-08T12:00:23;q_learning_train;level_1;ai;complete;85;74;0;0.758,;136.130
2026-05-08T12:00:23;q_learning_train;level_1;ai;complete;87;70;0;0.778,;136.832
2026-05-08T12:00:23;q_learning_train;level_1;ai;complete;88;69;0;0.790,;136.939
2026-05-08T12:00:23;q_learning_train;level_1;ai;complete;88;74;0;0.794,;135.568
2026-05-08T12:00:23;q_learning_train;level_1;ai;complete;89;71;0;0.803,;136.189
2026-05-08T12:00:23;q_learning_train;level_1;ai;complete;89;67;0;0.806,;137.366
2026-05-08T12:00:23;q_learning_train;level_1;ai;complete;90;68;0;0.816,;136.884
2026-05-08T12:00:23;q_learning_train;level_1;ai;complete;92;80;0;0.834,;133.457
2026-05-08T12:00:23;q_learning_train;level_1;ai;complete;93;71;0;0.844,;135.512
2026-05-08T12:00:24;q_learning_train;level_1;ai;complete;94;79;0;0.854,;133.355
2026-05-08T12:00:24;q_learning_train;level_1;ai;complete;94;79;0;0.855,;133.355
2026-05-08T12:00:24;q_learning_train;level_1;ai;complete;95;81;0;0.864,;132.761
2026-05-08T12:00:24;q_learning_train;level_1;ai;complete;96;76;0;0.873,;133.744
2026-05-08T12:00:24;q_learning_train;level_1;ai;complete;96;82;0;0.875,;132.397
2026-05-08T12:00:24;q_learning_train;level_1;ai;complete;97;78;0;0.883,;133.122
2026-05-08T12:00:24;q_learning_train;level_1;ai;complete;98;77;0;0.893,;133.208
2026-05-08T12:00:24;q_learning_train;level_1;ai;complete;99;83;0;0.901,;131.749
2026-05-08T12:00:24;q_learning_train;level_1;ai;complete;99;74;0;0.903,;133.800
2026-05-08T12:00:24;q_learning_train;level_1;ai;complete;99;87;0;0.904,;130.973
2026-05-08T12:00:24;q_learning_train;level_1;ai;complete;100;80;0;0.913,;132.240
2026-05-08T12:00:24;q_learning_train;level_1;ai;complete;100;82;0;0.916,;131.813
2026-05-08T12:00:24;q_learning_train;level_1;ai;complete;102;75;0;0.934,;133.132
2026-05-08T12:00:24;q_learning_train;level_1;ai;complete;102;87;0;0.935,;130.557
2026-05-08T12:00:24;q_learning_train;level_1;ai;complete;102;84;0;0.936,;131.132
2026-05-08T12:00:24;q_learning_train;level_1;ai;complete;103;83;0;0.945,;131.200
2026-05-08T12:00:24;q_learning_train;level_1;ai;complete;103;83;0;0.946,;131.200
2026-05-08T12:00:24;q_learning_train;level_1;ai;complete;103;89;0;0.947,;130.063
2026-05-08T12:00:24;q_learning_train;level_1;ai;complete;103;79;0;0.948,;132.054
2026-05-08T12:00:24;q_learning_train;level_1;ai;complete;103;83;0;0.949,;131.200
2026-05-08T12:00:24;q_learning_train;level_1;ai;complete;104;87;0;0.958,;130.293
2026-05-08T12:00:24;q_learning_train;level_1;ai;complete;104;88;0;0.959,;130.111
2026-05-08T12:00:24;q_learning_train;level_1;ai;complete;104;88;0;0.961,;130.111
2026-05-08T12:00:24;q_learning_train;level_1;ai;complete;104;85;0;0.961,;130.672
2026-05-08T12:00:24;q_learning_train;level_1;ai;complete;105;91;0;0.969,;129.458
2026-05-08T12:00:24;q_learning_train;level_1;ai;complete;105;81;0;0.970,;131.357
2026-05-08T12:00:24;q_learning_train;level_1;ai;complete;105;85;0;0.970,;130.544
2026-05-08T12:00:24;q_learning_train;level_1;ai;complete;106;86;0;0.978,;130.227
2026-05-08T12:00:24;q_learning_train;level_1;ai;complete;106;92;0;0.979,;129.165
2026-05-08T12:00:24;q_learning_train;level_1;ai;complete;106;87;0;0.980,;130.040
2026-05-08T12:00:24;q_learning_train;level_1;ai;complete;106;83;0;0.981,;130.815
2026-05-08T12:00:24;q_learning_train;level_1;ai;complete;106;85;0;0.982,;130.418
2026-05-08T12:00:24;q_learning_train;level_1;ai;complete;106;82;0;0.983,;131.021
2026-05-08T12:00:24;q_learning_train;level_1;ai;complete;107;86;0;0.991,;130.103
2026-05-08T12:00:24;q_learning_train;level_1;ai;complete;107;87;0;0.992,;129.916
2026-05-08T12:00:24;q_learning_train;level_1;ai;complete;107;83;0;0.993,;130.692
2026-05-08T12:00:24;q_learning_train;level_1;ai;complete;107;89;0;0.996,;129.554
2026-05-08T12:00:24;q_learning_train;level_1;ai;complete;108;92;0;1.004,;128.920
2026-05-08T12:00:24;q_learning_train;level_1;ai;complete;108;85;0;1.005,;130.174
2026-05-08T12:00:24;q_learning_train;level_1;ai;complete;108;91;0;1.006,;129.088
2026-05-08T12:00:24;q_learning_train;level_1;ai;complete;108;89;0;1.007,;129.433
2026-05-08T12:00:24;q_learning_train;level_1;ai;complete;108;94;0;1.008,;128.597
2026-05-08T12:00:24;q_learning_train;level_1;ai;complete;108;93;0;1.010,;128.757
2026-05-08T12:00:24;q_learning_train;level_1;ai;complete;109;91;0;1.018,;128.969
2026-05-08T12:00:24;q_learning_train;level_1;ai;complete;109;89;0;1.018,;129.314
2026-05-08T12:00:24;q_learning_train;level_1;ai;complete;109;90;0;1.020,;129.140
2026-05-08T12:00:24;q_learning_train;level_1;ai;complete;109;94;0;1.021,;128.478
2026-05-08T12:00:24;q_learning_train;level_1;ai;complete;110;85;0;1.030,;129.938
2026-05-08T12:00:24;q_learning_train;level_1;ai;complete;110;85;0;1.031,;129.938
2026-05-08T12:00:24;q_learning_train;level_1;ai;complete;110;91;0;1.033,;128.852
2026-05-08T12:00:24;q_learning_train;level_1;ai;complete;111;85;0;1.040,;129.823
2026-05-08T12:00:24;q_learning_train;level_1;ai;complete;111;91;0;1.041,;128.737
2026-05-08T12:00:24;q_learning_train;level_1;ai;complete;111;86;0;1.043,;129.632
2026-05-08T12:00:24;q_learning_train;level_1;ai;complete;111;84;0;1.045,;130.019
2026-05-08T12:00:24;q_learning_train;level_1;ai;complete;111;90;0;1.046,;128.908
2026-05-08T12:00:24;q_learning_train;level_1;ai;complete;111;92;0;1.048,;128.570
2026-05-08T12:00:24;q_learning_train;level_1;ai;complete;111;90;0;1.050,;128.908
2026-05-08T12:00:24;q_learning_train;level_1;ai;complete;111;95;0;1.052,;128.089
2026-05-08T12:00:24;q_learning_train;level_1;ai;complete;111;85;0;1.054,;129.823
2026-05-08T12:00:24;q_learning_train;level_1;ai;complete;111;90;0;1.055,;128.908
2026-05-08T12:00:24;q_learning_train;level_1;ai;complete;111;92;0;1.059,;128.570
2026-05-08T12:00:24;q_learning_train;level_1;ai;complete;111;94;0;1.061,;128.246
2026-05-08T12:00:24;q_learning_train;level_1;ai;complete;112;91;0;1.068,;128.625
2026-05-08T12:00:24;q_learning_train;level_1;ai;complete;112;89;0;1.070,;128.970
2026-05-08T12:00:24;q_learning_train;level_1;ai;complete;112;83;0;1.071,;130.107
2026-05-08T12:00:24;q_learning_train;level_1;ai;complete;112;97;0;1.071,;127.673
2026-05-08T12:00:24;q_learning_train;level_1;ai;complete;113;97;0;1.078,;127.562
2026-05-08T12:00:24;q_learning_train;level_1;ai;complete;113;95;0;1.079,;127.866
2026-05-08T12:00:24;q_learning_train;level_1;ai;complete;113;95;0;1.081,;127.866
2026-05-08T12:00:24;q_learning_train;level_1;ai;complete;114;100;0;1.085,;127.021
2026-05-08T12:00:24;q_learning_train;level_1;ai;complete;114;92;0;1.086,;128.238
2026-05-08T12:00:24;q_learning_train;level_1;ai;complete;114;102;0;1.087,;126.746
2026-05-08T12:00:24;q_learning_train;level_1;ai;complete;114;100;0;1.088,;127.021
2026-05-08T12:00:24;q_learning_train;level_1;ai;complete;114;88;0;1.089,;128.930
2026-05-08T12:00:24;q_learning_train;level_1;ai;complete;114;105;0;1.090,;126.354
2026-05-08T12:00:24;q_learning_train;level_1;ai;complete;114;97;0;1.093,;127.454
2026-05-08T12:00:24;q_learning_train;level_1;ai;complete;115;94;0;1.098,;127.808
2026-05-08T12:00:24;q_learning_train;level_1;ai;complete;115;96;0;1.100,;127.497
2026-05-08T12:00:24;q_learning_train;level_1;ai;complete;115;98;0;1.099,;127.200
2026-05-08T12:00:24;q_learning_train;level_1;ai;complete;116;98;0;1.106,;127.095
2026-05-08T12:00:24;q_learning_train;level_1;ai;complete;116;95;0;1.106,;127.546
2026-05-08T12:00:24;q_learning_train;level_1;ai;complete;118;98;0;1.108,;126.890
2026-05-08T12:00:24;q_learning_train;level_1;ai;complete;119;100;0;1.113,;126.505
2026-05-08T12:00:24;q_learning_train;level_1;ai;complete;121;99;0;1.116,;126.452
2026-05-08T12:00:24;q_learning_evaluation;level_1;ai;complete;13;13;0;0.001,;150.740
2026-05-08T12:00:24;q_learning_evaluation;level_1;ai;complete;13;13;0;0.002,;150.740
2026-05-08T12:00:24;q_learning_evaluation;level_1;ai;complete;13;13;0;0.003,;150.740
2026-05-08T12:00:24;q_learning_evaluation;level_1;ai;complete;13;13;0;0.001,;150.740
2026-05-08T12:00:24;q_learning_evaluation;level_1;ai;complete;13;13;0;0.002,;150.740
2026-05-08T12:00:27;q_learning_preview;level_1;ai;complete;13;13;0;1.306,;150.740
2026-05-08T12:00:27;q_learning_train;level_1;ai;complete;13;13;0;0.120,;150.740
2026-05-08T12:00:27;q_learning_train;level_1;ai;complete;13;13;0;0.122,;150.740
2026-05-08T12:00:27;q_learning_train;level_1;ai;complete;13;13;0;0.123,;150.740
2026-05-08T12:00:27;q_learning_train;level_1;ai;complete;13;13;0;0.124,;150.740
2026-05-08T12:00:27;q_learning_train;level_1;ai;complete;13;13;0;0.125,;150.740
2026-05-08T12:00:27;q_learning_train;level_1;ai;complete;13;13;0;0.127,;150.740
2026-05-08T12:00:27;q_learning_train;level_1;ai;complete;13;13;0;0.128,;150.740
2026-05-08T12:00:27;q_learning_train;level_1;ai;complete;13;13;0;0.129,;150.740
2026-05-08T12:00:27;q_learning_train;level_1;ai;complete;13;13;0;0.130,;150.740
2026-05-08T12:00:27;q_learning_train;level_1;ai;complete;13;13;0;0.131,;150.740
2026-05-08T12:00:27;q_learning_train;level_1;ai;complete;13;13;0;0.132,;150.740
2026-05-08T12:00:27;q_learning_train;level_1;ai;complete;13;13;0;0.133,;150.740
2026-05-08T12:00:27;q_learning_train;level_1;ai;complete;14;13;0;0.142,;150.740
2026-05-08T12:00:27;q_learning_train;level_1;ai;complete;14;14;0;0.143,;150.740
2026-05-08T12:00:27;q_learning_train;level_1;ai;complete;14;14;0;0.144,;150.740
2026-05-08T12:00:27;q_learning_train;level_1;ai;complete;14;14;0;0.145,;150.740
2026-05-08T12:00:27;q_learning_train;level_1;ai;complete;14;14;0;0.146,;150.740
2026-05-08T12:00:27;q_learning_train;level_1;ai;complete;14;14;0;0.147,;150.740
2026-05-08T12:00:27;q_learning_train;level_1;ai;complete;14;14;0;0.148,;150.740
2026-05-08T12:00:27;q_learning_train;level_1;ai;complete;14;13;0;0.148,;150.740
2026-05-08T12:00:27;q_learning_train;level_1;ai;complete;14;14;0;0.149,;150.740
2026-05-08T12:00:27;q_learning_train;level_1;ai;complete;14;14;0;0.150,;150.740
2026-05-08T12:00:27;q_learning_train;level_1;ai;complete;14;14;0;0.151,;150.740
2026-05-08T12:00:27;q_learning_train;level_1;ai;complete;14;14;0;0.152,;150.740
2026-05-08T12:00:27;q_learning_train;level_1;ai;complete;14;14;0;0.152,;150.740
2026-05-08T12:00:27;q_learning_train;level_1;ai;complete;14;13;0;0.153,;150.740
2026-05-08T12:00:27;q_learning_train;level_1;ai;complete;14;13;0;0.154,;150.740
2026-05-08T12:00:27;q_learning_train;level_1;ai;complete;14;14;0;0.155,;150.740
2026-05-08T12:00:27;q_learning_train;level_1;ai;complete;14;14;0;0.156,;150.740
2026-05-08T12:00:27;q_learning_train;level_1;ai;complete;14;13;0;0.157,;150.740
2026-05-08T12:00:27;q_learning_train;level_1;ai;complete;14;14;0;0.158,;150.740
2026-05-08T12:00:27;q_learning_train;level_1;ai;complete;14;14;0;0.158,;150.740
2026-05-08T12:00:27;q_learning_train;level_1;ai;complete;14;13;0;0.159,;150.740
2026-05-08T12:00:27;q_learning_train;level_1;ai;complete;14;14;0;0.160,;150.740
2026-05-08T12:00:27;q_learning_train;level_1;ai;complete;14;14;0;0.161,;150.740
2026-05-08T12:00:27;q_learning_train;level_1;ai;complete;14;14;0;0.162,;150.740
2026-05-08T12:00:27;q_learning_train;level_1;ai;complete;14;14;0;0.162,;150.740
2026-05-08T12:00:27;q_learning_train;level_1;ai;complete;14;14;0;0.164,;150.740
2026-05-08T12:00:27;q_learning_train;level_1;ai;complete;14;14;0;0.166,;150.740
2026-05-08T12:00:27;q_learning_train;level_1;ai;complete;14;14;0;0.167,;150.740
2026-05-08T12:00:27;q_learning_train;level_1;ai;complete;14;13;0;0.169,;150.740
2026-05-08T12:00:27;q_learning_train;level_1;ai;complete;14;14;0;0.170,;150.740
2026-05-08T12:00:27;q_learning_train;level_1;ai;complete;14;13;0;0.171,;150.740
2026-05-08T12:00:27;q_learning_train;level_1;ai;complete;14;13;0;0.172,;150.740
2026-05-08T12:00:27;q_learning_train;level_1;ai;complete;14;14;0;0.173,;150.740
2026-05-08T12:00:27;q_learning_train;level_1;ai;complete;14;14;0;0.173,;150.740
2026-05-08T12:00:27;q_learning_train;level_1;ai;complete;14;13;0;0.174,;150.740
2026-05-08T12:00:27;q_learning_train;level_1;ai;complete;14;13;0;0.175,;150.740
2026-05-08T12:00:27;q_learning_train;level_1;ai;complete;15;15;0;0.182,;150.740
2026-05-08T12:00:27;q_learning_train;level_1;ai;complete;15;15;0;0.183,;150.740
2026-05-08T12:00:27;q_learning_train;level_1;ai;complete;15;15;0;0.184,;150.740
2026-05-08T12:00:27;q_learning_train;level_1;ai;complete;15;15;0;0.184,;150.740
2026-05-08T12:00:27;q_learning_train;level_1;ai;complete;15;15;0;0.185,;150.740
2026-05-08T12:00:27;q_learning_train;level_1;ai;complete;15;14;0;0.185,;150.740
2026-05-08T12:00:27;q_learning_train;level_1;ai;complete;15;15;0;0.186,;150.740
2026-05-08T12:00:27;q_learning_train;level_1;ai;complete;15;13;0;0.187,;150.740
2026-05-08T12:00:27;q_learning_train;level_1;ai;complete;15;15;0;0.188,;150.740
2026-05-08T12:00:27;q_learning_train;level_1;ai;complete;15;13;0;0.188,;150.740
2026-05-08T12:00:27;q_learning_train;level_1;ai;complete;15;15;0;0.189,;150.740
2026-05-08T12:00:27;q_learning_train;level_1;ai;complete;15;13;0;0.190,;150.740
2026-05-08T12:00:27;q_learning_train;level_1;ai;complete;15;14;0;0.191,;150.740
2026-05-08T12:00:27;q_learning_train;level_1;ai;complete;15;15;0;0.191,;150.740
2026-05-08T12:00:27;q_learning_train;level_1;ai;complete;15;15;0;0.192,;150.740
2026-05-08T12:00:27;q_learning_train;level_1;ai;complete;15;15;0;0.193,;150.740
2026-05-08T12:00:27;q_learning_train;level_1;ai;complete;15;15;0;0.193,;150.740
2026-05-08T12:00:27;q_learning_train;level_1;ai;complete;15;14;0;0.194,;150.740
2026-05-08T12:00:27;q_learning_train;level_1;ai;complete;15;15;0;0.195,;150.740
2026-05-08T12:00:27;q_learning_train;level_1;ai;complete;15;15;0;0.196,;150.740
2026-05-08T12:00:27;q_learning_train;level_1;ai;complete;15;15;0;0.196,;150.740
2026-05-08T12:00:27;q_learning_train;level_1;ai;complete;15;15;0;0.197,;150.740
2026-05-08T12:00:27;q_learning_train;level_1;ai;complete;15;14;0;0.197,;150.740
2026-05-08T12:00:27;q_learning_train;level_1;ai;complete;15;15;0;0.198,;150.740
2026-05-08T12:00:27;q_learning_train;level_1;ai;complete;15;15;0;0.198,;150.740
2026-05-08T12:00:27;q_learning_train;level_1;ai;complete;16;16;0;0.206,;150.740
2026-05-08T12:00:27;q_learning_train;level_1;ai;complete;16;16;0;0.207,;150.740
2026-05-08T12:00:27;q_learning_train;level_1;ai;complete;16;15;0;0.208,;150.740
2026-05-08T12:00:27;q_learning_train;level_1;ai;complete;16;15;0;0.209,;150.740
2026-05-08T12:00:27;q_learning_train;level_1;ai;complete;16;16;0;0.209,;150.740
2026-05-08T12:00:27;q_learning_train;level_1;ai;complete;16;14;0;0.210,;150.740
2026-05-08T12:00:27;q_learning_train;level_1;ai;complete;16;16;0;0.210,;150.740
2026-05-08T12:00:27;q_learning_train;level_1;ai;complete;16;15;0;0.211,;150.740
2026-05-08T12:00:27;q_learning_train;level_1;ai;complete;16;16;0;0.211,;150.740
2026-05-08T12:00:27;q_learning_train;level_1;ai;complete;16;15;0;0.211,;150.740
2026-05-08T12:00:27;q_learning_train;level_1;ai;complete;16;16;0;0.212,;150.740
2026-05-08T12:00:27;q_learning_train;level_1;ai;complete;16;16;0;0.213,;150.740
2026-05-08T12:00:27;q_learning_train;level_1;ai;complete;16;15;0;0.212,;150.740
2026-05-08T12:00:27;q_learning_train;level_1;ai;complete;16;15;0;0.213,;150.740
2026-05-08T12:00:27;q_learning_train;level_1;ai;complete;16;16;0;0.213,;150.740
2026-05-08T12:00:27;q_learning_train;level_1;ai;complete;16;16;0;0.214,;150.740
2026-05-08T12:00:27;q_learning_train;level_1;ai;complete;17;16;0;0.221,;150.740
2026-05-08T12:00:27;q_learning_train;level_1;ai;complete;17;17;0;0.223,;150.740
2026-05-08T12:00:27;q_learning_train;level_1;ai;complete;17;15;0;0.223,;150.740
2026-05-08T12:00:27;q_learning_train;level_1;ai;complete;17;17;0;0.223,;150.740
2026-05-08T12:00:27;q_learning_train;level_1;ai;complete;17;15;0;0.222,;150.740
2026-05-08T12:00:27;q_learning_train;level_1;ai;complete;17;15;0;0.229,;150.740
2026-05-08T12:00:27;q_learning_train;level_1;ai;complete;17;16;0;0.230,;150.740
2026-05-08T12:00:27;q_learning_train;level_1;ai;complete;18;17;0;0.233,;150.740
2026-05-08T12:00:27;q_learning_train;level_1;ai;complete;18;17;0;0.233,;150.740
2026-05-08T12:00:27;q_learning_train;level_1;ai;complete;19;19;0;0.236,;150.740
2026-05-08T12:00:27;q_learning_train;level_1;ai;complete;20;18;0;0.240,;150.740
2026-05-08T12:00:27;q_learning_evaluation;level_1;ai;complete;13;13;0;0.002,;150.740
2026-05-08T12:00:27;q_learning_evaluation;level_1;ai;complete;13;13;0;0.001,;150.740
2026-05-08T12:00:27;q_learning_evaluation;level_1;ai;complete;13;13;0;0.002,;150.740
2026-05-08T12:00:27;q_learning_evaluation;level_1;ai;complete;13;13;0;0.001,;150.740
2026-05-08T12:00:27;q_learning_evaluation;level_1;ai;complete;13;13;0;0.001,;150.740
2026-05-08T12:00:28;q_learning_preview;level_1;ai;complete;13;13;0;1.304,;150.740
2026-05-08T12:00:29;q_learning_train;level_1;ai;complete;13;13;0;0.162,;150.740
2026-05-08T12:00:29;q_learning_train;level_1;ai;complete;13;13;0;0.164,;150.740
2026-05-08T12:00:29;q_learning_train;level_1;ai;complete;13;13;0;0.165,;150.740
2026-05-08T12:00:29;q_learning_train;level_1;ai;complete;13;13;0;0.166,;150.740
2026-05-08T12:00:29;q_learning_train;level_1;ai;complete;13;13;0;0.167,;150.740
2026-05-08T12:00:29;q_learning_train;level_1;ai;complete;13;13;0;0.168,;150.740
2026-05-08T12:00:29;q_learning_train;level_1;ai;complete;13;13;0;0.170,;150.740
2026-05-08T12:00:29;q_learning_train;level_1;ai;complete;13;13;0;0.171,;150.740
2026-05-08T12:00:29;q_learning_train;level_1;ai;complete;13;13;0;0.172,;150.740
2026-05-08T12:00:29;q_learning_train;level_1;ai;complete;13;13;0;0.173,;150.740
2026-05-08T12:00:29;q_learning_train;level_1;ai;complete;13;13;0;0.174,;150.740
2026-05-08T12:00:29;q_learning_train;level_1;ai;complete;13;13;0;0.175,;150.740
2026-05-08T12:00:29;q_learning_train;level_1;ai;complete;13;13;0;0.176,;150.740
2026-05-08T12:00:29;q_learning_train;level_1;ai;complete;13;13;0;0.178,;150.740
2026-05-08T12:00:29;q_learning_train;level_1;ai;complete;13;13;0;0.180,;150.740
2026-05-08T12:00:29;q_learning_train;level_1;ai;complete;13;13;0;0.182,;150.740
2026-05-08T12:00:29;q_learning_train;level_1;ai;complete;13;13;0;0.183,;150.740
2026-05-08T12:00:29;q_learning_train;level_1;ai;complete;13;13;0;0.185,;150.740
2026-05-08T12:00:29;q_learning_train;level_1;ai;complete;13;13;0;0.186,;150.740
2026-05-08T12:00:29;q_learning_train;level_1;ai;complete;13;13;0;0.188,;150.740
2026-05-08T12:00:29;q_learning_train;level_1;ai;complete;13;13;0;0.189,;150.740
2026-05-08T12:00:29;q_learning_train;level_1;ai;complete;13;13;0;0.190,;150.740
2026-05-08T12:00:29;q_learning_train;level_1;ai;complete;13;13;0;0.191,;150.740
2026-05-08T12:00:29;q_learning_train;level_1;ai;complete;13;13;0;0.192,;150.740
2026-05-08T12:00:29;q_learning_train;level_1;ai;complete;13;13;0;0.194,;150.740
2026-05-08T12:00:29;q_learning_train;level_1;ai;complete;13;13;0;0.195,;150.740
2026-05-08T12:00:29;q_learning_train;level_1;ai;complete;13;13;0;0.196,;150.740
2026-05-08T12:00:29;q_learning_train;level_1;ai;complete;13;13;0;0.198,;150.740
2026-05-08T12:00:29;q_learning_train;level_1;ai;complete;13;13;0;0.199,;150.740
2026-05-08T12:00:29;q_learning_train;level_1;ai;complete;13;13;0;0.200,;150.740
2026-05-08T12:00:29;q_learning_train;level_1;ai;complete;13;13;0;0.201,;150.740
2026-05-08T12:00:29;q_learning_train;level_1;ai;complete;13;13;0;0.202,;150.740
2026-05-08T12:00:29;q_learning_train;level_1;ai;complete;13;13;0;0.203,;150.740
2026-05-08T12:00:29;q_learning_train;level_1;ai;complete;13;13;0;0.204,;150.740
2026-05-08T12:00:29;q_learning_train;level_1;ai;complete;13;13;0;0.206,;150.740
2026-05-08T12:00:29;q_learning_train;level_1;ai;complete;13;13;0;0.207,;150.740
2026-05-08T12:00:29;q_learning_train;level_1;ai;complete;13;13;0;0.209,;150.740
2026-05-08T12:00:29;q_learning_train;level_1;ai;complete;13;13;0;0.210,;150.740
2026-05-08T12:00:29;q_learning_train;level_1;ai;complete;13;13;0;0.211,;150.740
2026-05-08T12:00:29;q_learning_train;level_1;ai;complete;13;13;0;0.213,;150.740
2026-05-08T12:00:29;q_learning_train;level_1;ai;complete;13;13;0;0.214,;150.740
2026-05-08T12:00:29;q_learning_train;level_1;ai;complete;13;13;0;0.215,;150.740
2026-05-08T12:00:29;q_learning_train;level_1;ai;complete;13;13;0;0.216,;150.740
2026-05-08T12:00:29;q_learning_train;level_1;ai;complete;13;13;0;0.217,;150.740
2026-05-08T12:00:29;q_learning_train;level_1;ai;complete;13;13;0;0.218,;150.740
2026-05-08T12:00:29;q_learning_train;level_1;ai;complete;13;13;0;0.219,;150.740
2026-05-08T12:00:29;q_learning_train;level_1;ai;complete;13;13;0;0.221,;150.740
2026-05-08T12:00:29;q_learning_train;level_1;ai;complete;13;13;0;0.222,;150.740
2026-05-08T12:00:29;q_learning_train;level_1;ai;complete;13;13;0;0.223,;150.740
2026-05-08T12:00:29;q_learning_train;level_1;ai;complete;13;13;0;0.224,;150.740
2026-05-08T12:00:29;q_learning_train;level_1;ai;complete;13;13;0;0.225,;150.740
2026-05-08T12:00:29;q_learning_train;level_1;ai;complete;13;13;0;0.226,;150.740
2026-05-08T12:00:29;q_learning_train;level_1;ai;complete;13;13;0;0.227,;150.740
2026-05-08T12:00:29;q_learning_train;level_1;ai;complete;13;13;0;0.229,;150.740
2026-05-08T12:00:29;q_learning_train;level_1;ai;complete;13;13;0;0.230,;150.740
2026-05-08T12:00:29;q_learning_train;level_1;ai;complete;13;13;0;0.231,;150.740
2026-05-08T12:00:29;q_learning_train;level_1;ai;complete;14;14;0;0.241,;150.740
2026-05-08T12:00:29;q_learning_train;level_1;ai;complete;14;13;0;0.242,;150.740
2026-05-08T12:00:29;q_learning_train;level_1;ai;complete;14;13;0;0.243,;150.740
2026-05-08T12:00:29;q_learning_train;level_1;ai;complete;14;14;0;0.244,;150.740
2026-05-08T12:00:29;q_learning_train;level_1;ai;complete;14;14;0;0.245,;150.740
2026-05-08T12:00:29;q_learning_train;level_1;ai;complete;14;13;0;0.246,;150.740
2026-05-08T12:00:29;q_learning_train;level_1;ai;complete;14;14;0;0.247,;150.740
2026-05-08T12:00:29;q_learning_train;level_1;ai;complete;14;14;0;0.248,;150.740
2026-05-08T12:00:29;q_learning_train;level_1;ai;complete;14;14;0;0.248,;150.740
2026-05-08T12:00:29;q_learning_train;level_1;ai;complete;14;14;0;0.249,;150.740
2026-05-08T12:00:29;q_learning_train;level_1;ai;complete;14;14;0;0.250,;150.740
2026-05-08T12:00:29;q_learning_train;level_1;ai;complete;14;14;0;0.251,;150.740
2026-05-08T12:00:29;q_learning_train;level_1;ai;complete;14;14;0;0.251,;150.740
2026-05-08T12:00:29;q_learning_train;level_1;ai;complete;14;14;0;0.252,;150.740
2026-05-08T12:00:29;q_learning_train;level_1;ai;complete;14;13;0;0.254,;150.740
2026-05-08T12:00:29;q_learning_train;level_1;ai;complete;14;13;0;0.255,;150.740
2026-05-08T12:00:29;q_learning_train;level_1;ai;complete;14;14;0;0.256,;150.740
2026-05-08T12:00:29;q_learning_train;level_1;ai;complete;14;13;0;0.257,;150.740
2026-05-08T12:00:29;q_learning_train;level_1;ai;complete;14;13;0;0.258,;150.740
2026-05-08T12:00:29;q_learning_train;level_1;ai;complete;14;14;0;0.259,;150.740
2026-05-08T12:00:29;q_learning_train;level_1;ai;complete;14;14;0;0.260,;150.740
2026-05-08T12:00:29;q_learning_train;level_1;ai;complete;14;14;0;0.261,;150.740
2026-05-08T12:00:29;q_learning_train;level_1;ai;complete;14;13;0;0.262,;150.740
2026-05-08T12:00:29;q_learning_train;level_1;ai;complete;14;13;0;0.262,;150.740
2026-05-08T12:00:29;q_learning_train;level_1;ai;complete;14;14;0;0.263,;150.740
2026-05-08T12:00:29;q_learning_train;level_1;ai;complete;14;14;0;0.264,;150.740
2026-05-08T12:00:29;q_learning_train;level_1;ai;complete;14;13;0;0.265,;150.740
2026-05-08T12:00:29;q_learning_train;level_1;ai;complete;15;15;0;0.272,;150.740
2026-05-08T12:00:29;q_learning_train;level_1;ai;complete;15;15;0;0.272,;150.740
2026-05-08T12:00:29;q_learning_train;level_1;ai;complete;15;15;0;0.272,;150.740
2026-05-08T12:00:29;q_learning_train;level_1;ai;complete;15;14;0;0.273,;150.740
2026-05-08T12:00:29;q_learning_train;level_1;ai;complete;15;15;0;0.274,;150.740
2026-05-08T12:00:29;q_learning_train;level_1;ai;complete;15;15;0;0.275,;150.740
2026-05-08T12:00:29;q_learning_train;level_1;ai;complete;15;14;0;0.275,;150.740
2026-05-08T12:00:29;q_learning_train;level_1;ai;complete;16;16;0;0.281,;150.740
2026-05-08T12:00:29;q_learning_train;level_1;ai;complete;16;15;0;0.281,;150.740
2026-05-08T12:00:29;q_learning_train;level_1;ai;complete;16;15;0;0.282,;150.740
2026-05-08T12:00:29;q_learning_train;level_1;ai;complete;16;16;0;0.283,;150.740
2026-05-08T12:00:29;q_learning_train;level_1;ai;complete;16;16;0;0.283,;150.740
2026-05-08T12:00:29;q_learning_train;level_1;ai;complete;16;15;0;0.283,;150.740
2026-05-08T12:00:29;q_learning_train;level_1;ai;complete;17;16;0;0.286,;150.740
2026-05-08T12:00:29;q_learning_train;level_1;ai;complete;17;16;0;0.287,;150.740
2026-05-08T12:00:29;q_learning_train;level_1;ai;complete;18;18;0;0.291,;150.740
2026-05-08T12:00:29;q_learning_train;level_1;ai;complete;19;18;0;0.292,;150.740
2026-05-08T12:00:29;q_learning_evaluation;level_1;ai;complete;13;13;0;0.002,;150.740
2026-05-08T12:00:29;q_learning_evaluation;level_1;ai;complete;13;13;0;0.002,;150.740
2026-05-08T12:00:29;q_learning_evaluation;level_1;ai;complete;13;13;0;0.002,;150.740
2026-05-08T12:00:29;q_learning_evaluation;level_1;ai;complete;13;13;0;0.002,;150.740
2026-05-08T12:00:29;q_learning_evaluation;level_1;ai;complete;13;13;0;0.001,;150.740
2026-05-08T12:00:30;q_learning_preview;level_1;ai;complete;13;13;0;1.309,;150.740
2026-05-08T12:00:31;q_learning_train;level_1;ai;complete;13;13;0;0.268,;150.740
2026-05-08T12:00:31;q_learning_train;level_1;ai;complete;13;13;0;0.270,;150.740
2026-05-08T12:00:31;q_learning_train;level_1;ai;complete;13;13;0;0.272,;150.740
2026-05-08T12:00:31;q_learning_train;level_1;ai;complete;13;13;0;0.275,;150.740
2026-05-08T12:00:31;q_learning_train;level_1;ai;complete;13;13;0;0.277,;150.740
2026-05-08T12:00:31;q_learning_train;level_1;ai;complete;13;13;0;0.279,;150.740
2026-05-08T12:00:31;q_learning_train;level_1;ai;complete;13;13;0;0.284,;150.740
2026-05-08T12:00:31;q_learning_train;level_1;ai;complete;13;13;0;0.286,;150.740
2026-05-08T12:00:31;q_learning_train;level_1;ai;complete;13;13;0;0.289,;150.740
2026-05-08T12:00:31;q_learning_train;level_1;ai;complete;13;13;0;0.291,;150.740
2026-05-08T12:00:31;q_learning_train;level_1;ai;complete;13;13;0;0.293,;150.740
2026-05-08T12:00:31;q_learning_train;level_1;ai;complete;13;13;0;0.295,;150.740
2026-05-08T12:00:31;q_learning_train;level_1;ai;complete;13;13;0;0.297,;150.740
2026-05-08T12:00:31;q_learning_train;level_1;ai;complete;13;13;0;0.299,;150.740
2026-05-08T12:00:31;q_learning_train;level_1;ai;complete;13;13;0;0.302,;150.740
2026-05-08T12:00:31;q_learning_train;level_1;ai;complete;13;13;0;0.306,;150.740
2026-05-08T12:00:31;q_learning_train;level_1;ai;complete;13;13;0;0.309,;150.740
2026-05-08T12:00:31;q_learning_train;level_1;ai;complete;13;13;0;0.310,;150.740
2026-05-08T12:00:31;q_learning_train;level_1;ai;complete;13;13;0;0.312,;150.740
2026-05-08T12:00:31;q_learning_train;level_1;ai;complete;13;13;0;0.314,;150.740
2026-05-08T12:00:31;q_learning_train;level_1;ai;complete;13;13;0;0.317,;150.740
2026-05-08T12:00:31;q_learning_train;level_1;ai;complete;13;13;0;0.321,;150.740
2026-05-08T12:00:31;q_learning_train;level_1;ai;complete;13;13;0;0.324,;150.740
2026-05-08T12:00:31;q_learning_train;level_1;ai;complete;13;13;0;0.327,;150.740
2026-05-08T12:00:31;q_learning_train;level_1;ai;complete;13;13;0;0.329,;150.740
2026-05-08T12:00:31;q_learning_train;level_1;ai;complete;13;13;0;0.330,;150.740
2026-05-08T12:00:31;q_learning_train;level_1;ai;complete;13;13;0;0.332,;150.740
2026-05-08T12:00:31;q_learning_train;level_1;ai;complete;13;13;0;0.334,;150.740
2026-05-08T12:00:31;q_learning_train;level_1;ai;complete;13;13;0;0.336,;150.740
2026-05-08T12:00:31;q_learning_train;level_1;ai;complete;13;13;0;0.339,;150.740
2026-05-08T12:00:31;q_learning_train;level_1;ai;complete;13;13;0;0.341,;150.740
2026-05-08T12:00:31;q_learning_train;level_1;ai;complete;13;13;0;0.343,;150.740
2026-05-08T12:00:31;q_learning_train;level_1;ai;complete;13;13;0;0.345,;150.740
2026-05-08T12:00:31;q_learning_train;level_1;ai;complete;13;13;0;0.347,;150.740
2026-05-08T12:00:31;q_learning_train;level_1;ai;complete;13;13;0;0.349,;150.740
2026-05-08T12:00:31;q_learning_train;level_1;ai;complete;13;13;0;0.350,;150.740
2026-05-08T12:00:31;q_learning_train;level_1;ai;complete;13;13;0;0.353,;150.740
2026-05-08T12:00:31;q_learning_train;level_1;ai;complete;13;13;0;0.355,;150.740
2026-05-08T12:00:31;q_learning_train;level_1;ai;complete;13;13;0;0.357,;150.740
2026-05-08T12:00:31;q_learning_train;level_1;ai;complete;13;13;0;0.359,;150.740
2026-05-08T12:00:31;q_learning_train;level_1;ai;complete;13;13;0;0.360,;150.740
2026-05-08T12:00:31;q_learning_train;level_1;ai;complete;13;13;0;0.362,;150.740
2026-05-08T12:00:31;q_learning_train;level_1;ai;complete;13;13;0;0.364,;150.740
2026-05-08T12:00:31;q_learning_train;level_1;ai;complete;13;13;0;0.367,;150.740
2026-05-08T12:00:31;q_learning_train;level_1;ai;complete;13;13;0;0.370,;150.740
2026-05-08T12:00:31;q_learning_train;level_1;ai;complete;13;13;0;0.371,;150.740
2026-05-08T12:00:31;q_learning_train;level_1;ai;complete;13;13;0;0.373,;150.740
2026-05-08T12:00:31;q_learning_train;level_1;ai;complete;13;13;0;0.374,;150.740
2026-05-08T12:00:31;q_learning_train;level_1;ai;complete;13;13;0;0.377,;150.740
2026-05-08T12:00:31;q_learning_train;level_1;ai;complete;13;13;0;0.380,;150.740
2026-05-08T12:00:31;q_learning_train;level_1;ai;complete;13;13;0;0.381,;150.740
2026-05-08T12:00:31;q_learning_train;level_1;ai;complete;13;13;0;0.383,;150.740
2026-05-08T12:00:31;q_learning_train;level_1;ai;complete;13;13;0;0.385,;150.740
2026-05-08T12:00:31;q_learning_train;level_1;ai;complete;13;13;0;0.386,;150.740
2026-05-08T12:00:31;q_learning_train;level_1;ai;complete;13;13;0;0.388,;150.740
2026-05-08T12:00:31;q_learning_train;level_1;ai;complete;13;13;0;0.390,;150.740
2026-05-08T12:00:31;q_learning_train;level_1;ai;complete;13;13;0;0.392,;150.740
2026-05-08T12:00:31;q_learning_train;level_1;ai;complete;13;13;0;0.394,;150.740
2026-05-08T12:00:31;q_learning_train;level_1;ai;complete;13;13;0;0.396,;150.740
2026-05-08T12:00:31;q_learning_train;level_1;ai;complete;13;13;0;0.398,;150.740
2026-05-08T12:00:31;q_learning_train;level_1;ai;complete;13;13;0;0.400,;150.740
2026-05-08T12:00:31;q_learning_train;level_1;ai;complete;13;13;0;0.402,;150.740
2026-05-08T12:00:31;q_learning_train;level_1;ai;complete;13;13;0;0.403,;150.740
2026-05-08T12:00:31;q_learning_train;level_1;ai;complete;13;13;0;0.405,;150.740
2026-05-08T12:00:31;q_learning_train;level_1;ai;complete;14;14;0;0.422,;150.740
2026-05-08T12:00:31;q_learning_train;level_1;ai;complete;14;14;0;0.423,;150.740
2026-05-08T12:00:31;q_learning_train;level_1;ai;complete;14;13;0;0.425,;150.740
2026-05-08T12:00:31;q_learning_train;level_1;ai;complete;14;14;0;0.427,;150.740
2026-05-08T12:00:31;q_learning_train;level_1;ai;complete;14;14;0;0.429,;150.740
2026-05-08T12:00:31;q_learning_train;level_1;ai;complete;14;13;0;0.431,;150.740
2026-05-08T12:00:31;q_learning_train;level_1;ai;complete;14;14;0;0.433,;150.740
2026-05-08T12:00:31;q_learning_train;level_1;ai;complete;14;13;0;0.435,;150.740
2026-05-08T12:00:31;q_learning_train;level_1;ai;complete;14;14;0;0.436,;150.740
2026-05-08T12:00:31;q_learning_train;level_1;ai;complete;14;14;0;0.439,;150.740
2026-05-08T12:00:31;q_learning_train;level_1;ai;complete;14;14;0;0.441,;150.740
2026-05-08T12:00:31;q_learning_train;level_1;ai;complete;14;14;0;0.443,;150.740
2026-05-08T12:00:31;q_learning_train;level_1;ai;complete;14;14;0;0.444,;150.740
2026-05-08T12:00:31;q_learning_train;level_1;ai;complete;14;14;0;0.446,;150.740
2026-05-08T12:00:31;q_learning_train;level_1;ai;complete;14;14;0;0.447,;150.740
2026-05-08T12:00:31;q_learning_train;level_1;ai;complete;14;14;0;0.447,;150.740
2026-05-08T12:00:31;q_learning_train;level_1;ai;complete;14;14;0;0.448,;150.740
2026-05-08T12:00:31;q_learning_train;level_1;ai;complete;14;13;0;0.447,;150.740
2026-05-08T12:00:31;q_learning_train;level_1;ai;complete;14;14;0;0.449,;150.740
2026-05-08T12:00:31;q_learning_train;level_1;ai;complete;14;14;0;0.450,;150.740
2026-05-08T12:00:31;q_learning_train;level_1;ai;complete;14;13;0;0.452,;150.740
2026-05-08T12:00:31;q_learning_train;level_1;ai;complete;15;15;0;0.468,;150.740
2026-05-08T12:00:31;q_learning_train;level_1;ai;complete;15;15;0;0.466,;150.740
2026-05-08T12:00:31;q_learning_train;level_1;ai;complete;15;15;0;0.464,;150.740
2026-05-08T12:00:31;q_learning_train;level_1;ai;complete;15;14;0;0.465,;150.740
2026-05-08T12:00:31;q_learning_train;level_1;ai;complete;15;15;0;0.466,;150.740
2026-05-08T12:00:31;q_learning_train;level_1;ai;complete;15;15;0;0.467,;150.740
2026-05-08T12:00:31;q_learning_train;level_1;ai;complete;15;15;0;0.469,;150.740
2026-05-08T12:00:31;q_learning_train;level_1;ai;complete;15;15;0;0.468,;150.740
2026-05-08T12:00:31;q_learning_train;level_1;ai;complete;15;15;0;0.469,;150.740
2026-05-08T12:00:31;q_learning_train;level_1;ai;complete;15;15;0;0.471,;150.740
2026-05-08T12:00:31;q_learning_train;level_1;ai;complete;16;16;0;0.479,;150.740
2026-05-08T12:00:31;q_learning_train;level_1;ai;complete;16;16;0;0.478,;150.740
2026-05-08T12:00:31;q_learning_train;level_1;ai;complete;16;16;0;0.478,;150.740
2026-05-08T12:00:31;q_learning_train;level_1;ai;complete;16;16;0;0.479,;150.740
2026-05-08T12:00:31;q_learning_train;level_1;ai;complete;17;16;0;0.481,;150.740
2026-05-08T12:00:31;q_learning_evaluation;level_1;ai;complete;13;13;0;0.002,;150.740
2026-05-08T12:00:31;q_learning_evaluation;level_1;ai;complete;13;13;0;0.002,;150.740
2026-05-08T12:00:31;q_learning_evaluation;level_1;ai;complete;13;13;0;0.002,;150.740
2026-05-08T12:00:31;q_learning_evaluation;level_1;ai;complete;13;13;0;0.002,;150.740
2026-05-08T12:00:31;q_learning_evaluation;level_1;ai;complete;13;13;0;0.002,;150.740
2026-05-08T12:00:32;q_learning_preview;level_1;ai;complete;13;13;0;1.307,;150.740
2026-05-08T12:00:33;q_learning_train;level_1;ai;complete;13;13;0;0.111,;150.740
2026-05-08T12:00:33;q_learning_train;level_1;ai;complete;13;13;0;0.112,;150.740
2026-05-08T12:00:33;q_learning_train;level_1;ai;complete;13;13;0;0.113,;150.740
2026-05-08T12:00:33;q_learning_train;level_1;ai;complete;13;13;0;0.113,;150.740
2026-05-08T12:00:33;q_learning_train;level_1;ai;complete;13;13;0;0.114,;150.740
2026-05-08T12:00:33;q_learning_train;level_1;ai;complete;13;13;0;0.115,;150.740
2026-05-08T12:00:33;q_learning_train;level_1;ai;complete;13;13;0;0.116,;150.740
2026-05-08T12:00:33;q_learning_train;level_1;ai;complete;13;13;0;0.116,;150.740
2026-05-08T12:00:33;q_learning_train;level_1;ai;complete;13;13;0;0.117,;150.740
2026-05-08T12:00:33;q_learning_train;level_1;ai;complete;13;13;0;0.118,;150.740
2026-05-08T12:00:33;q_learning_train;level_1;ai;complete;13;13;0;0.119,;150.740
2026-05-08T12:00:33;q_learning_train;level_1;ai;complete;13;13;0;0.120,;150.740
2026-05-08T12:00:33;q_learning_train;level_1;ai;complete;13;13;0;0.121,;150.740
2026-05-08T12:00:33;q_learning_train;level_1;ai;complete;13;13;0;0.121,;150.740
2026-05-08T12:00:33;q_learning_train;level_1;ai;complete;13;13;0;0.122,;150.740
2026-05-08T12:00:33;q_learning_train;level_1;ai;complete;13;13;0;0.123,;150.740
2026-05-08T12:00:33;q_learning_train;level_1;ai;complete;13;13;0;0.125,;150.740
2026-05-08T12:00:33;q_learning_train;level_1;ai;complete;13;13;0;0.126,;150.740
2026-05-08T12:00:33;q_learning_train;level_1;ai;complete;13;13;0;0.127,;150.740
2026-05-08T12:00:33;q_learning_train;level_1;ai;complete;13;13;0;0.128,;150.740
2026-05-08T12:00:33;q_learning_train;level_1;ai;complete;13;13;0;0.129,;150.740
2026-05-08T12:00:33;q_learning_train;level_1;ai;complete;13;13;0;0.129,;150.740
2026-05-08T12:00:33;q_learning_train;level_1;ai;complete;13;13;0;0.130,;150.740
2026-05-08T12:00:33;q_learning_train;level_1;ai;complete;13;13;0;0.131,;150.740
2026-05-08T12:00:33;q_learning_train;level_1;ai;complete;13;13;0;0.132,;150.740
2026-05-08T12:00:33;q_learning_train;level_1;ai;complete;13;13;0;0.133,;150.740
2026-05-08T12:00:33;q_learning_train;level_1;ai;complete;13;13;0;0.133,;150.740
2026-05-08T12:00:33;q_learning_train;level_1;ai;complete;13;13;0;0.134,;150.740
2026-05-08T12:00:33;q_learning_train;level_1;ai;complete;13;13;0;0.135,;150.740
2026-05-08T12:00:33;q_learning_train;level_1;ai;complete;13;13;0;0.137,;150.740
2026-05-08T12:00:33;q_learning_train;level_1;ai;complete;13;13;0;0.137,;150.740
2026-05-08T12:00:33;q_learning_train;level_1;ai;complete;13;13;0;0.138,;150.740
2026-05-08T12:00:33;q_learning_train;level_1;ai;complete;13;13;0;0.139,;150.740
2026-05-08T12:00:33;q_learning_train;level_1;ai;complete;13;13;0;0.140,;150.740
2026-05-08T12:00:33;q_learning_train;level_1;ai;complete;13;13;0;0.141,;150.740
2026-05-08T12:00:33;q_learning_train;level_1;ai;complete;13;13;0;0.142,;150.740
2026-05-08T12:00:33;q_learning_train;level_1;ai;complete;13;13;0;0.143,;150.740
2026-05-08T12:00:33;q_learning_train;level_1;ai;complete;13;13;0;0.144,;150.740
2026-05-08T12:00:33;q_learning_train;level_1;ai;complete;13;13;0;0.145,;150.740
2026-05-08T12:00:33;q_learning_train;level_1;ai;complete;13;13;0;0.146,;150.740
2026-05-08T12:00:33;q_learning_train;level_1;ai;complete;13;13;0;0.146,;150.740
2026-05-08T12:00:33;q_learning_train;level_1;ai;complete;13;13;0;0.147,;150.740
2026-05-08T12:00:33;q_learning_train;level_1;ai;complete;13;13;0;0.148,;150.740
2026-05-08T12:00:33;q_learning_train;level_1;ai;complete;13;13;0;0.149,;150.740
2026-05-08T12:00:33;q_learning_train;level_1;ai;complete;13;13;0;0.150,;150.740
2026-05-08T12:00:33;q_learning_train;level_1;ai;complete;13;13;0;0.150,;150.740
2026-05-08T12:00:33;q_learning_train;level_1;ai;complete;13;13;0;0.151,;150.740
2026-05-08T12:00:33;q_learning_train;level_1;ai;complete;13;13;0;0.152,;150.740
2026-05-08T12:00:33;q_learning_train;level_1;ai;complete;13;13;0;0.153,;150.740
2026-05-08T12:00:33;q_learning_train;level_1;ai;complete;13;13;0;0.154,;150.740
2026-05-08T12:00:33;q_learning_train;level_1;ai;complete;13;13;0;0.155,;150.740
2026-05-08T12:00:33;q_learning_train;level_1;ai;complete;13;13;0;0.156,;150.740
2026-05-08T12:00:33;q_learning_train;level_1;ai;complete;13;13;0;0.157,;150.740
2026-05-08T12:00:33;q_learning_train;level_1;ai;complete;13;13;0;0.157,;150.740
2026-05-08T12:00:33;q_learning_train;level_1;ai;complete;13;13;0;0.158,;150.740
2026-05-08T12:00:33;q_learning_train;level_1;ai;complete;13;13;0;0.159,;150.740
2026-05-08T12:00:33;q_learning_train;level_1;ai;complete;13;13;0;0.160,;150.740
2026-05-08T12:00:33;q_learning_train;level_1;ai;complete;13;13;0;0.161,;150.740
2026-05-08T12:00:33;q_learning_train;level_1;ai;complete;13;13;0;0.162,;150.740
2026-05-08T12:00:33;q_learning_train;level_1;ai;complete;13;13;0;0.163,;150.740
2026-05-08T12:00:33;q_learning_train;level_1;ai;complete;14;14;0;0.170,;150.740
2026-05-08T12:00:33;q_learning_train;level_1;ai;complete;14;14;0;0.171,;150.740
2026-05-08T12:00:33;q_learning_train;level_1;ai;complete;14;14;0;0.173,;150.740
2026-05-08T12:00:33;q_learning_train;level_1;ai;complete;14;13;0;0.174,;150.740
2026-05-08T12:00:33;q_learning_train;level_1;ai;complete;14;14;0;0.174,;150.740
2026-05-08T12:00:33;q_learning_train;level_1;ai;complete;14;13;0;0.175,;150.740
2026-05-08T12:00:33;q_learning_train;level_1;ai;complete;14;14;0;0.176,;150.740
2026-05-08T12:00:33;q_learning_train;level_1;ai;complete;14;13;0;0.177,;150.740
2026-05-08T12:00:33;q_learning_train;level_1;ai;complete;14;14;0;0.178,;150.740
2026-05-08T12:00:33;q_learning_train;level_1;ai;complete;14;14;0;0.179,;150.740
2026-05-08T12:00:33;q_learning_train;level_1;ai;complete;14;14;0;0.179,;150.740
2026-05-08T12:00:33;q_learning_train;level_1;ai;complete;14;14;0;0.179,;150.740
2026-05-08T12:00:33;q_learning_train;level_1;ai;complete;14;13;0;0.180,;150.740
2026-05-08T12:00:33;q_learning_train;level_1;ai;complete;14;14;0;0.180,;150.740
2026-05-08T12:00:33;q_learning_train;level_1;ai;complete;14;14;0;0.181,;150.740
2026-05-08T12:00:33;q_learning_train;level_1;ai;complete;14;14;0;0.181,;150.740
2026-05-08T12:00:33;q_learning_train;level_1;ai;complete;14;14;0;0.182,;150.740
2026-05-08T12:00:33;q_learning_train;level_1;ai;complete;14;14;0;0.183,;150.740
2026-05-08T12:00:33;q_learning_train;level_1;ai;complete;14;14;0;0.183,;150.740
2026-05-08T12:00:33;q_learning_train;level_1;ai;complete;14;14;0;0.184,;150.740
2026-05-08T12:00:33;q_learning_train;level_1;ai;complete;14;14;0;0.185,;150.740
2026-05-08T12:00:33;q_learning_train;level_1;ai;complete;15;15;0;0.193,;150.740
2026-05-08T12:00:33;q_learning_train;level_1;ai;complete;15;15;0;0.193,;150.740
2026-05-08T12:00:33;q_learning_train;level_1;ai;complete;15;15;0;0.194,;150.740
2026-05-08T12:00:33;q_learning_train;level_1;ai;complete;15;15;0;0.194,;150.740
2026-05-08T12:00:33;q_learning_train;level_1;ai;complete;15;14;0;0.194,;150.740
2026-05-08T12:00:33;q_learning_train;level_1;ai;complete;15;15;0;0.195,;150.740
2026-05-08T12:00:33;q_learning_train;level_1;ai;complete;15;15;0;0.195,;150.740
2026-05-08T12:00:33;q_learning_train;level_1;ai;complete;15;13;0;0.196,;150.740
2026-05-08T12:00:33;q_learning_train;level_1;ai;complete;15;15;0;0.197,;150.740
2026-05-08T12:00:33;q_learning_train;level_1;ai;complete;15;15;0;0.197,;150.740
2026-05-08T12:00:33;q_learning_train;level_1;ai;complete;15;13;0;0.197,;150.740
2026-05-08T12:00:33;q_learning_train;level_1;ai;complete;16;16;0;0.204,;150.740
2026-05-08T12:00:33;q_learning_train;level_1;ai;complete;16;15;0;0.205,;150.740
2026-05-08T12:00:33;q_learning_train;level_1;ai;complete;16;15;0;0.205,;150.740
2026-05-08T12:00:33;q_learning_train;level_1;ai;complete;16;16;0;0.206,;150.740
2026-05-08T12:00:33;q_learning_train;level_1;ai;complete;16;16;0;0.205,;150.740
2026-05-08T12:00:33;q_learning_train;level_1;ai;complete;16;15;0;0.204,;150.740
2026-05-08T12:00:33;q_learning_train;level_1;ai;complete;16;16;0;0.205,;150.740
2026-05-08T12:00:33;q_learning_train;level_1;ai;complete;17;16;0;0.206,;150.740
2026-05-08T12:00:33;q_learning_evaluation;level_1;ai;complete;13;13;0;0.001,;150.740
2026-05-08T12:00:33;q_learning_evaluation;level_1;ai;complete;13;13;0;0.001,;150.740
2026-05-08T12:00:33;q_learning_evaluation;level_1;ai;complete;13;13;0;0.001,;150.740
2026-05-08T12:00:33;q_learning_evaluation;level_1;ai;complete;13;13;0;0.001,;150.740
2026-05-08T12:00:33;q_learning_evaluation;level_1;ai;complete;13;13;0;0.001,;150.740
2026-05-08T12:00:34;q_learning_preview;level_1;ai;complete;13;13;0;1.307,;150.740
2026-05-08T12:00:34;q_learning_train;level_2;ai;complete;13;13;0;0.222,;150.740
2026-05-08T12:00:34;q_learning_train;level_2;ai;complete;13;13;0;0.223,;150.740
2026-05-08T12:00:34;q_learning_train;level_2;ai;complete;13;13;0;0.225,;150.740
2026-05-08T12:00:34;q_learning_train;level_2;ai;complete;13;13;0;0.225,;150.740
2026-05-08T12:00:34;q_learning_train;level_2;ai;complete;13;13;0;0.226,;150.740
2026-05-08T12:00:34;q_learning_train;level_2;ai;complete;13;13;0;0.227,;150.740
2026-05-08T12:00:34;q_learning_train;level_2;ai;complete;13;13;0;0.229,;150.740
2026-05-08T12:00:34;q_learning_train;level_2;ai;complete;13;13;0;0.230,;150.740
2026-05-08T12:00:34;q_learning_train;level_2;ai;complete;13;13;0;0.231,;150.740
2026-05-08T12:00:34;q_learning_train;level_2;ai;complete;13;13;0;0.232,;150.740
2026-05-08T12:00:34;q_learning_train;level_2;ai;complete;13;13;0;0.233,;150.740
2026-05-08T12:00:34;q_learning_train;level_2;ai;complete;13;13;0;0.234,;150.740
2026-05-08T12:00:34;q_learning_train;level_2;ai;complete;13;13;0;0.235,;150.740
2026-05-08T12:00:34;q_learning_train;level_2;ai;complete;13;13;0;0.236,;150.740
2026-05-08T12:00:34;q_learning_train;level_2;ai;complete;13;13;0;0.237,;150.740
2026-05-08T12:00:34;q_learning_train;level_2;ai;complete;13;13;0;0.238,;150.740
2026-05-08T12:00:34;q_learning_train;level_2;ai;complete;13;13;0;0.239,;150.740
2026-05-08T12:00:34;q_learning_train;level_2;ai;complete;13;13;0;0.240,;150.740
2026-05-08T12:00:34;q_learning_train;level_2;ai;complete;13;13;0;0.241,;150.740
2026-05-08T12:00:34;q_learning_train;level_2;ai;complete;13;13;0;0.242,;150.740
2026-05-08T12:00:34;q_learning_train;level_2;ai;complete;13;13;0;0.243,;150.740
2026-05-08T12:00:34;q_learning_train;level_2;ai;complete;13;13;0;0.244,;150.740
2026-05-08T12:00:34;q_learning_train;level_2;ai;complete;13;13;0;0.245,;150.740
2026-05-08T12:00:35;q_learning_train;level_2;ai;complete;13;13;0;0.246,;150.740
2026-05-08T12:00:35;q_learning_train;level_2;ai;complete;13;13;0;0.248,;150.740
2026-05-08T12:00:35;q_learning_train;level_2;ai;complete;13;13;0;0.249,;150.740
2026-05-08T12:00:35;q_learning_train;level_2;ai;complete;13;13;0;0.251,;150.740
2026-05-08T12:00:35;q_learning_train;level_2;ai;complete;13;13;0;0.252,;150.740
2026-05-08T12:00:35;q_learning_train;level_2;ai;complete;13;13;0;0.253,;150.740
2026-05-08T12:00:35;q_learning_train;level_2;ai;complete;13;13;0;0.254,;150.740
2026-05-08T12:00:35;q_learning_train;level_2;ai;complete;13;13;0;0.255,;150.740
2026-05-08T12:00:35;q_learning_train;level_2;ai;complete;13;13;0;0.255,;150.740
2026-05-08T12:00:35;q_learning_train;level_2;ai;complete;13;13;0;0.256,;150.740
2026-05-08T12:00:35;q_learning_train;level_2;ai;complete;13;13;0;0.258,;150.740
2026-05-08T12:00:35;q_learning_train;level_2;ai;complete;13;13;0;0.259,;150.740
2026-05-08T12:00:35;q_learning_train;level_2;ai;complete;13;13;0;0.260,;150.740
2026-05-08T12:00:35;q_learning_train;level_2;ai;complete;13;13;0;0.262,;150.740
2026-05-08T12:00:35;q_learning_train;level_2;ai;complete;14;13;0;0.271,;150.740
2026-05-08T12:00:35;q_learning_train;level_2;ai;complete;14;14;0;0.272,;150.740
2026-05-08T12:00:35;q_learning_train;level_2;ai;complete;14;14;0;0.273,;150.740
2026-05-08T12:00:35;q_learning_train;level_2;ai;complete;14;14;0;0.274,;150.740
2026-05-08T12:00:35;q_learning_train;level_2;ai;complete;14;14;0;0.276,;150.740
2026-05-08T12:00:35;q_learning_train;level_2;ai;complete;14;14;0;0.277,;150.740
2026-05-08T12:00:35;q_learning_train;level_2;ai;complete;14;13;0;0.278,;150.740
2026-05-08T12:00:35;q_learning_train;level_2;ai;complete;14;14;0;0.279,;150.740
2026-05-08T12:00:35;q_learning_train;level_2;ai;complete;14;14;0;0.281,;150.740
2026-05-08T12:00:35;q_learning_train;level_2;ai;complete;14;13;0;0.282,;150.740
2026-05-08T12:00:35;q_learning_train;level_2;ai;complete;14;13;0;0.283,;150.740
2026-05-08T12:00:35;q_learning_train;level_2;ai;complete;14;13;0;0.285,;150.740
2026-05-08T12:00:35;q_learning_train;level_2;ai;complete;14;14;0;0.286,;150.740
2026-05-08T12:00:35;q_learning_train;level_2;ai;complete;14;14;0;0.287,;150.740
2026-05-08T12:00:35;q_learning_train;level_2;ai;complete;14;13;0;0.288,;150.740
2026-05-08T12:00:35;q_learning_train;level_2;ai;complete;14;14;0;0.289,;150.740
2026-05-08T12:00:35;q_learning_train;level_2;ai;complete;14;13;0;0.289,;150.740
2026-05-08T12:00:35;q_learning_train;level_2;ai;complete;14;14;0;0.290,;150.740
2026-05-08T12:00:35;q_learning_train;level_2;ai;complete;14;13;0;0.291,;150.740
2026-05-08T12:00:35;q_learning_train;level_2;ai;complete;14;14;0;0.291,;150.740
2026-05-08T12:00:35;q_learning_train;level_2;ai;complete;14;14;0;0.293,;150.740
2026-05-08T12:00:35;q_learning_train;level_2;ai;complete;15;15;0;0.301,;150.740
2026-05-08T12:00:35;q_learning_train;level_2;ai;complete;15;13;0;0.302,;150.740
2026-05-08T12:00:35;q_learning_train;level_2;ai;complete;15;15;0;0.303,;150.740
2026-05-08T12:00:35;q_learning_train;level_2;ai;complete;15;15;0;0.304,;150.740
2026-05-08T12:00:35;q_learning_train;level_2;ai;complete;15;15;0;0.305,;150.740
2026-05-08T12:00:35;q_learning_train;level_2;ai;complete;15;14;0;0.306,;150.740
2026-05-08T12:00:35;q_learning_train;level_2;ai;complete;15;14;0;0.307,;150.740
2026-05-08T12:00:35;q_learning_train;level_2;ai;complete;15;13;0;0.308,;150.740
2026-05-08T12:00:35;q_learning_train;level_2;ai;complete;15;15;0;0.309,;150.740
2026-05-08T12:00:35;q_learning_train;level_2;ai;complete;15;15;0;0.310,;150.740
2026-05-08T12:00:35;q_learning_train;level_2;ai;complete;15;15;0;0.311,;150.740
2026-05-08T12:00:35;q_learning_train;level_2;ai;complete;15;15;0;0.312,;150.740
2026-05-08T12:00:35;q_learning_train;level_2;ai;complete;15;14;0;0.313,;150.740
2026-05-08T12:00:35;q_learning_train;level_2;ai;complete;15;15;0;0.314,;150.740
2026-05-08T12:00:35;q_learning_train;level_2;ai;complete;15;14;0;0.315,;150.740
2026-05-08T12:00:35;q_learning_train;level_2;ai;complete;15;15;0;0.316,;150.740
2026-05-08T12:00:35;q_learning_train;level_2;ai;complete;15;13;0;0.317,;150.740
2026-05-08T12:00:35;q_learning_train;level_2;ai;complete;15;14;0;0.317,;150.740
2026-05-08T12:00:35;q_learning_train;level_2;ai;complete;15;15;0;0.318,;150.740
2026-05-08T12:00:35;q_learning_train;level_2;ai;complete;15;14;0;0.318,;150.740
2026-05-08T12:00:35;q_learning_train;level_2;ai;complete;15;15;0;0.318,;150.740
2026-05-08T12:00:35;q_learning_train;level_2;ai;complete;16;14;0;0.326,;150.740
2026-05-08T12:00:35;q_learning_train;level_2;ai;complete;16;15;0;0.327,;150.740
2026-05-08T12:00:35;q_learning_train;level_2;ai;complete;16;16;0;0.328,;150.740
2026-05-08T12:00:35;q_learning_train;level_2;ai;complete;16;16;0;0.329,;150.740
2026-05-08T12:00:35;q_learning_train;level_2;ai;complete;16;16;0;0.330,;150.740
2026-05-08T12:00:35;q_learning_train;level_2;ai;complete;16;16;0;0.331,;150.740
2026-05-08T12:00:35;q_learning_train;level_2;ai;complete;16;16;0;0.331,;150.740
2026-05-08T12:00:35;q_learning_train;level_2;ai;complete;16;16;0;0.332,;150.740
2026-05-08T12:00:35;q_learning_train;level_2;ai;complete;16;16;0;0.333,;150.740
2026-05-08T12:00:35;q_learning_train;level_2;ai;complete;16;16;0;0.333,;150.740
2026-05-08T12:00:35;q_learning_train;level_2;ai;complete;16;16;0;0.333,;150.740
2026-05-08T12:00:35;q_learning_train;level_2;ai;complete;16;16;0;0.333,;150.740
2026-05-08T12:00:35;q_learning_train;level_2;ai;complete;17;16;0;0.341,;150.740
2026-05-08T12:00:35;q_learning_train;level_2;ai;complete;17;17;0;0.341,;150.740
2026-05-08T12:00:35;q_learning_train;level_2;ai;complete;17;15;0;0.340,;150.740
2026-05-08T12:00:35;q_learning_train;level_2;ai;complete;17;15;0;0.341,;150.740
2026-05-08T12:00:35;q_learning_train;level_2;ai;complete;18;17;0;0.341,;150.740
2026-05-08T12:00:35;q_learning_train;level_2;ai;complete;18;17;0;0.341,;150.740
2026-05-08T12:00:35;q_learning_train;level_2;ai;complete;19;19;0;0.348,;150.740
2026-05-08T12:00:35;q_learning_train;level_2;ai;complete;19;19;0;0.349,;150.740
2026-05-08T12:00:35;q_learning_train;level_2;ai;complete;20;20;0;0.350,;150.740
2026-05-08T12:00:35;q_learning_evaluation;level_2;ai;complete;13;13;0;0.002,;150.740
2026-05-08T12:00:35;q_learning_evaluation;level_2;ai;complete;13;13;0;0.002,;150.740
2026-05-08T12:00:35;q_learning_evaluation;level_2;ai;complete;13;13;0;0.003,;150.740
2026-05-08T12:00:35;q_learning_evaluation;level_2;ai;complete;13;13;0;0.003,;150.740
2026-05-08T12:00:35;q_learning_evaluation;level_2;ai;complete;13;13;0;0.002,;150.740
2026-05-08T12:00:36;q_learning_preview;level_2;ai;complete;13;13;0;1.306,;150.740
2026-05-08T12:00:36;q_learning_train;level_2;ai;complete;13;13;0;0.227,;150.740
2026-05-08T12:00:36;q_learning_train;level_2;ai;complete;13;13;0;0.228,;150.740
2026-05-08T12:00:36;q_learning_train;level_2;ai;complete;13;13;0;0.229,;150.740
2026-05-08T12:00:36;q_learning_train;level_2;ai;complete;13;13;0;0.230,;150.740
2026-05-08T12:00:36;q_learning_train;level_2;ai;complete;13;13;0;0.232,;150.740
2026-05-08T12:00:36;q_learning_train;level_2;ai;complete;13;13;0;0.233,;150.740
2026-05-08T12:00:36;q_learning_train;level_2;ai;complete;13;13;0;0.234,;150.740
2026-05-08T12:00:36;q_learning_train;level_2;ai;complete;13;13;0;0.235,;150.740
2026-05-08T12:00:36;q_learning_train;level_2;ai;complete;13;13;0;0.237,;150.740
2026-05-08T12:00:36;q_learning_train;level_2;ai;complete;13;13;0;0.238,;150.740
2026-05-08T12:00:36;q_learning_train;level_2;ai;complete;13;13;0;0.239,;150.740
2026-05-08T12:00:36;q_learning_train;level_2;ai;complete;13;13;0;0.240,;150.740
2026-05-08T12:00:36;q_learning_train;level_2;ai;complete;13;13;0;0.242,;150.740
2026-05-08T12:00:36;q_learning_train;level_2;ai;complete;13;13;0;0.243,;150.740
2026-05-08T12:00:36;q_learning_train;level_2;ai;complete;13;13;0;0.244,;150.740
2026-05-08T12:00:36;q_learning_train;level_2;ai;complete;13;13;0;0.245,;150.740
2026-05-08T12:00:36;q_learning_train;level_2;ai;complete;13;13;0;0.246,;150.740
2026-05-08T12:00:36;q_learning_train;level_2;ai;complete;13;13;0;0.248,;150.740
2026-05-08T12:00:36;q_learning_train;level_2;ai;complete;13;13;0;0.249,;150.740
2026-05-08T12:00:36;q_learning_train;level_2;ai;complete;13;13;0;0.250,;150.740
2026-05-08T12:00:36;q_learning_train;level_2;ai;complete;13;13;0;0.251,;150.740
2026-05-08T12:00:36;q_learning_train;level_2;ai;complete;13;13;0;0.252,;150.740
2026-05-08T12:00:36;q_learning_train;level_2;ai;complete;13;13;0;0.253,;150.740
2026-05-08T12:00:36;q_learning_train;level_2;ai;complete;13;13;0;0.254,;150.740
2026-05-08T12:00:36;q_learning_train;level_2;ai;complete;13;13;0;0.256,;150.740
2026-05-08T12:00:36;q_learning_train;level_2;ai;complete;13;13;0;0.257,;150.740
2026-05-08T12:00:36;q_learning_train;level_2;ai;complete;13;13;0;0.259,;150.740
2026-05-08T12:00:36;q_learning_train;level_2;ai;complete;13;13;0;0.260,;150.740
2026-05-08T12:00:36;q_learning_train;level_2;ai;complete;13;13;0;0.261,;150.740
2026-05-08T12:00:36;q_learning_train;level_2;ai;complete;13;13;0;0.263,;150.740
2026-05-08T12:00:36;q_learning_train;level_2;ai;complete;13;13;0;0.264,;150.740
2026-05-08T12:00:36;q_learning_train;level_2;ai;complete;13;13;0;0.265,;150.740
2026-05-08T12:00:36;q_learning_train;level_2;ai;complete;13;13;0;0.266,;150.740
2026-05-08T12:00:36;q_learning_train;level_2;ai;complete;13;13;0;0.268,;150.740
2026-05-08T12:00:36;q_learning_train;level_2;ai;complete;13;13;0;0.269,;150.740
2026-05-08T12:00:36;q_learning_train;level_2;ai;complete;13;13;0;0.270,;150.740
2026-05-08T12:00:36;q_learning_train;level_2;ai;complete;13;13;0;0.271,;150.740
2026-05-08T12:00:36;q_learning_train;level_2;ai;complete;13;13;0;0.272,;150.740
2026-05-08T12:00:36;q_learning_train;level_2;ai;complete;13;13;0;0.273,;150.740
2026-05-08T12:00:36;q_learning_train;level_2;ai;complete;13;13;0;0.274,;150.740
2026-05-08T12:00:36;q_learning_train;level_2;ai;complete;13;13;0;0.276,;150.740
2026-05-08T12:00:36;q_learning_train;level_2;ai;complete;13;13;0;0.277,;150.740
2026-05-08T12:00:36;q_learning_train;level_2;ai;complete;13;13;0;0.278,;150.740
2026-05-08T12:00:36;q_learning_train;level_2;ai;complete;13;13;0;0.279,;150.740
2026-05-08T12:00:36;q_learning_train;level_2;ai;complete;13;13;0;0.280,;150.740
2026-05-08T12:00:36;q_learning_train;level_2;ai;complete;13;13;0;0.281,;150.740
2026-05-08T12:00:36;q_learning_train;level_2;ai;complete;13;13;0;0.282,;150.740
2026-05-08T12:00:36;q_learning_train;level_2;ai;complete;13;13;0;0.283,;150.740
2026-05-08T12:00:36;q_learning_train;level_2;ai;complete;13;13;0;0.284,;150.740
2026-05-08T12:00:36;q_learning_train;level_2;ai;complete;13;13;0;0.285,;150.740
2026-05-08T12:00:36;q_learning_train;level_2;ai;complete;13;13;0;0.286,;150.740
2026-05-08T12:00:36;q_learning_train;level_2;ai;complete;13;13;0;0.287,;150.740
2026-05-08T12:00:36;q_learning_train;level_2;ai;complete;14;14;0;0.296,;150.740
2026-05-08T12:00:36;q_learning_train;level_2;ai;complete;14;13;0;0.298,;150.740
2026-05-08T12:00:36;q_learning_train;level_2;ai;complete;14;13;0;0.299,;150.740
2026-05-08T12:00:36;q_learning_train;level_2;ai;complete;14;13;0;0.300,;150.740
2026-05-08T12:00:36;q_learning_train;level_2;ai;complete;14;14;0;0.302,;150.740
2026-05-08T12:00:36;q_learning_train;level_2;ai;complete;14;14;0;0.303,;150.740
2026-05-08T12:00:36;q_learning_train;level_2;ai;complete;14;14;0;0.304,;150.740
2026-05-08T12:00:36;q_learning_train;level_2;ai;complete;14;14;0;0.305,;150.740
2026-05-08T12:00:36;q_learning_train;level_2;ai;complete;14;13;0;0.307,;150.740
2026-05-08T12:00:36;q_learning_train;level_2;ai;complete;14;13;0;0.308,;150.740
2026-05-08T12:00:36;q_learning_train;level_2;ai;complete;14;13;0;0.309,;150.740
2026-05-08T12:00:36;q_learning_train;level_2;ai;complete;14;13;0;0.310,;150.740
2026-05-08T12:00:36;q_learning_train;level_2;ai;complete;14;14;0;0.312,;150.740
2026-05-08T12:00:36;q_learning_train;level_2;ai;complete;14;14;0;0.313,;150.740
2026-05-08T12:00:36;q_learning_train;level_2;ai;complete;14;14;0;0.314,;150.740
2026-05-08T12:00:36;q_learning_train;level_2;ai;complete;14;13;0;0.315,;150.740
2026-05-08T12:00:36;q_learning_train;level_2;ai;complete;14;14;0;0.317,;150.740
2026-05-08T12:00:36;q_learning_train;level_2;ai;complete;14;13;0;0.317,;150.740
2026-05-08T12:00:36;q_learning_train;level_2;ai;complete;14;14;0;0.318,;150.740
2026-05-08T12:00:36;q_learning_train;level_2;ai;complete;14;14;0;0.320,;150.740
2026-05-08T12:00:36;q_learning_train;level_2;ai;complete;14;14;0;0.321,;150.740
2026-05-08T12:00:36;q_learning_train;level_2;ai;complete;14;14;0;0.322,;150.740
2026-05-08T12:00:36;q_learning_train;level_2;ai;complete;14;14;0;0.324,;150.740
2026-05-08T12:00:37;q_learning_train;level_2;ai;complete;14;14;0;0.325,;150.740
2026-05-08T12:00:37;q_learning_train;level_2;ai;complete;14;14;0;0.327,;150.740
2026-05-08T12:00:37;q_learning_train;level_2;ai;complete;15;13;0;0.335,;150.740
2026-05-08T12:00:37;q_learning_train;level_2;ai;complete;15;15;0;0.336,;150.740
2026-05-08T12:00:37;q_learning_train;level_2;ai;complete;15;15;0;0.337,;150.740
2026-05-08T12:00:37;q_learning_train;level_2;ai;complete;15;15;0;0.338,;150.740
2026-05-08T12:00:37;q_learning_train;level_2;ai;complete;15;14;0;0.338,;150.740
2026-05-08T12:00:37;q_learning_train;level_2;ai;complete;15;15;0;0.339,;150.740
2026-05-08T12:00:37;q_learning_train;level_2;ai;complete;15;14;0;0.340,;150.740
2026-05-08T12:00:37;q_learning_train;level_2;ai;complete;15;14;0;0.341,;150.740
2026-05-08T12:00:37;q_learning_train;level_2;ai;complete;15;14;0;0.342,;150.740
2026-05-08T12:00:37;q_learning_train;level_2;ai;complete;15;15;0;0.343,;150.740
2026-05-08T12:00:37;q_learning_train;level_2;ai;complete;15;13;0;0.344,;150.740
2026-05-08T12:00:37;q_learning_train;level_2;ai;complete;15;13;0;0.344,;150.740
2026-05-08T12:00:37;q_learning_train;level_2;ai;complete;16;16;0;0.352,;150.740
2026-05-08T12:00:37;q_learning_train;level_2;ai;complete;16;16;0;0.352,;150.740
2026-05-08T12:00:37;q_learning_train;level_2;ai;complete;16;16;0;0.353,;150.740
2026-05-08T12:00:37;q_learning_train;level_2;ai;complete;16;15;0;0.353,;150.740
2026-05-08T12:00:37;q_learning_train;level_2;ai;complete;16;16;0;0.353,;150.740
2026-05-08T12:00:37;q_learning_train;level_2;ai;complete;16;15;0;0.354,;150.740
2026-05-08T12:00:37;q_learning_train;level_2;ai;complete;16;14;0;0.355,;150.740
2026-05-08T12:00:37;q_learning_train;level_2;ai;complete;16;15;0;0.355,;150.740
2026-05-08T12:00:37;q_learning_train;level_2;ai;complete;16;16;0;0.356,;150.740
2026-05-08T12:00:37;q_learning_train;level_2;ai;complete;18;17;0;0.364,;150.740
2026-05-08T12:00:37;q_learning_train;level_2;ai;complete;18;16;0;0.362,;150.740
2026-05-08T12:00:37;q_learning_evaluation;level_2;ai;complete;13;13;0;0.002,;150.740
2026-05-08T12:00:37;q_learning_evaluation;level_2;ai;complete;13;13;0;0.002,;150.740
2026-05-08T12:00:37;q_learning_evaluation;level_2;ai;complete;13;13;0;0.002,;150.740
2026-05-08T12:00:37;q_learning_evaluation;level_2;ai;complete;13;13;0;0.003,;150.740
2026-05-08T12:00:37;q_learning_evaluation;level_2;ai;complete;13;13;0;0.002,;150.740
2026-05-08T12:00:38;q_learning_preview;level_2;ai;complete;13;13;0;1.312,;150.740
2026-05-08T12:00:38;q_learning_train;level_2;ai;complete;13;13;0;0.221,;150.740
2026-05-08T12:00:38;q_learning_train;level_2;ai;complete;13;13;0;0.223,;150.740
2026-05-08T12:00:38;q_learning_train;level_2;ai;complete;13;13;0;0.224,;150.740
2026-05-08T12:00:38;q_learning_train;level_2;ai;complete;13;13;0;0.225,;150.740
2026-05-08T12:00:38;q_learning_train;level_2;ai;complete;13;13;0;0.226,;150.740
2026-05-08T12:00:38;q_learning_train;level_2;ai;complete;13;13;0;0.227,;150.740
2026-05-08T12:00:38;q_learning_train;level_2;ai;complete;13;13;0;0.228,;150.740
2026-05-08T12:00:38;q_learning_train;level_2;ai;complete;13;13;0;0.230,;150.740
2026-05-08T12:00:38;q_learning_train;level_2;ai;complete;13;13;0;0.231,;150.740
2026-05-08T12:00:38;q_learning_train;level_2;ai;complete;13;13;0;0.232,;150.740
2026-05-08T12:00:38;q_learning_train;level_2;ai;complete;13;13;0;0.233,;150.740
2026-05-08T12:00:38;q_learning_train;level_2;ai;complete;13;13;0;0.234,;150.740
2026-05-08T12:00:38;q_learning_train;level_2;ai;complete;13;13;0;0.235,;150.740
2026-05-08T12:00:38;q_learning_train;level_2;ai;complete;13;13;0;0.236,;150.740
2026-05-08T12:00:38;q_learning_train;level_2;ai;complete;13;13;0;0.237,;150.740
2026-05-08T12:00:38;q_learning_train;level_2;ai;complete;13;13;0;0.238,;150.740
2026-05-08T12:00:38;q_learning_train;level_2;ai;complete;13;13;0;0.239,;150.740
2026-05-08T12:00:38;q_learning_train;level_2;ai;complete;13;13;0;0.240,;150.740
2026-05-08T12:00:38;q_learning_train;level_2;ai;complete;13;13;0;0.241,;150.740
2026-05-08T12:00:38;q_learning_train;level_2;ai;complete;13;13;0;0.243,;150.740
2026-05-08T12:00:38;q_learning_train;level_2;ai;complete;13;13;0;0.244,;150.740
2026-05-08T12:00:38;q_learning_train;level_2;ai;complete;13;13;0;0.245,;150.740
2026-05-08T12:00:38;q_learning_train;level_2;ai;complete;13;13;0;0.247,;150.740
2026-05-08T12:00:38;q_learning_train;level_2;ai;complete;13;13;0;0.248,;150.740
2026-05-08T12:00:38;q_learning_train;level_2;ai;complete;13;13;0;0.249,;150.740
2026-05-08T12:00:38;q_learning_train;level_2;ai;complete;13;13;0;0.250,;150.740
2026-05-08T12:00:38;q_learning_train;level_2;ai;complete;13;13;0;0.251,;150.740
2026-05-08T12:00:38;q_learning_train;level_2;ai;complete;13;13;0;0.252,;150.740
2026-05-08T12:00:38;q_learning_train;level_2;ai;complete;13;13;0;0.253,;150.740
2026-05-08T12:00:38;q_learning_train;level_2;ai;complete;13;13;0;0.254,;150.740
2026-05-08T12:00:38;q_learning_train;level_2;ai;complete;13;13;0;0.255,;150.740
2026-05-08T12:00:38;q_learning_train;level_2;ai;complete;13;13;0;0.256,;150.740
2026-05-08T12:00:38;q_learning_train;level_2;ai;complete;13;13;0;0.257,;150.740
2026-05-08T12:00:38;q_learning_train;level_2;ai;complete;13;13;0;0.258,;150.740
2026-05-08T12:00:38;q_learning_train;level_2;ai;complete;13;13;0;0.260,;150.740
2026-05-08T12:00:38;q_learning_train;level_2;ai;complete;13;13;0;0.261,;150.740
2026-05-08T12:00:38;q_learning_train;level_2;ai;complete;13;13;0;0.262,;150.740
2026-05-08T12:00:38;q_learning_train;level_2;ai;complete;13;13;0;0.263,;150.740
2026-05-08T12:00:38;q_learning_train;level_2;ai;complete;13;13;0;0.264,;150.740
2026-05-08T12:00:38;q_learning_train;level_2;ai;complete;13;13;0;0.265,;150.740
2026-05-08T12:00:38;q_learning_train;level_2;ai;complete;13;13;0;0.266,;150.740
2026-05-08T12:00:38;q_learning_train;level_2;ai;complete;13;13;0;0.267,;150.740
2026-05-08T12:00:38;q_learning_train;level_2;ai;complete;13;13;0;0.269,;150.740
2026-05-08T12:00:38;q_learning_train;level_2;ai;complete;13;13;0;0.270,;150.740
2026-05-08T12:00:38;q_learning_train;level_2;ai;complete;13;13;0;0.272,;150.740
2026-05-08T12:00:38;q_learning_train;level_2;ai;complete;13;13;0;0.273,;150.740
2026-05-08T12:00:38;q_learning_train;level_2;ai;complete;13;13;0;0.274,;150.740
2026-05-08T12:00:38;q_learning_train;level_2;ai;complete;13;13;0;0.275,;150.740
2026-05-08T12:00:38;q_learning_train;level_2;ai;complete;13;13;0;0.277,;150.740
2026-05-08T12:00:38;q_learning_train;level_2;ai;complete;13;13;0;0.278,;150.740
2026-05-08T12:00:38;q_learning_train;level_2;ai;complete;13;13;0;0.279,;150.740
2026-05-08T12:00:38;q_learning_train;level_2;ai;complete;13;13;0;0.280,;150.740
2026-05-08T12:00:38;q_learning_train;level_2;ai;complete;13;13;0;0.281,;150.740
2026-05-08T12:00:38;q_learning_train;level_2;ai;complete;13;13;0;0.284,;150.740
2026-05-08T12:00:38;q_learning_train;level_2;ai;complete;13;13;0;0.285,;150.740
2026-05-08T12:00:38;q_learning_train;level_2;ai;complete;13;13;0;0.286,;150.740
2026-05-08T12:00:38;q_learning_train;level_2;ai;complete;14;14;0;0.295,;150.740
2026-05-08T12:00:38;q_learning_train;level_2;ai;complete;14;14;0;0.296,;150.740
2026-05-08T12:00:38;q_learning_train;level_2;ai;complete;14;14;0;0.297,;150.740
2026-05-08T12:00:38;q_learning_train;level_2;ai;complete;14;13;0;0.298,;150.740
2026-05-08T12:00:38;q_learning_train;level_2;ai;complete;14;13;0;0.299,;150.740
2026-05-08T12:00:38;q_learning_train;level_2;ai;complete;14;13;0;0.300,;150.740
2026-05-08T12:00:38;q_learning_train;level_2;ai;complete;14;14;0;0.302,;150.740
2026-05-08T12:00:38;q_learning_train;level_2;ai;complete;14;13;0;0.303,;150.740
2026-05-08T12:00:38;q_learning_train;level_2;ai;complete;14;14;0;0.305,;150.740
2026-05-08T12:00:38;q_learning_train;level_2;ai;complete;14;13;0;0.307,;150.740
2026-05-08T12:00:38;q_learning_train;level_2;ai;complete;14;14;0;0.309,;150.740
2026-05-08T12:00:38;q_learning_train;level_2;ai;complete;14;14;0;0.310,;150.740
2026-05-08T12:00:38;q_learning_train;level_2;ai;complete;14;14;0;0.311,;150.740
2026-05-08T12:00:38;q_learning_train;level_2;ai;complete;14;14;0;0.312,;150.740
2026-05-08T12:00:38;q_learning_train;level_2;ai;complete;14;14;0;0.313,;150.740
2026-05-08T12:00:38;q_learning_train;level_2;ai;complete;14;14;0;0.314,;150.740
2026-05-08T12:00:38;q_learning_train;level_2;ai;complete;14;13;0;0.315,;150.740
2026-05-08T12:00:38;q_learning_train;level_2;ai;complete;14;13;0;0.317,;150.740
2026-05-08T12:00:38;q_learning_train;level_2;ai;complete;14;14;0;0.319,;150.740
2026-05-08T12:00:38;q_learning_train;level_2;ai;complete;14;13;0;0.320,;150.740
2026-05-08T12:00:38;q_learning_train;level_2;ai;complete;14;14;0;0.321,;150.740
2026-05-08T12:00:38;q_learning_train;level_2;ai;complete;14;14;0;0.322,;150.740
2026-05-08T12:00:38;q_learning_train;level_2;ai;complete;15;13;0;0.331,;150.740
2026-05-08T12:00:38;q_learning_train;level_2;ai;complete;15;15;0;0.332,;150.740
2026-05-08T12:00:38;q_learning_train;level_2;ai;complete;15;14;0;0.333,;150.740
2026-05-08T12:00:38;q_learning_train;level_2;ai;complete;15;15;0;0.333,;150.740
2026-05-08T12:00:38;q_learning_train;level_2;ai;complete;15;15;0;0.335,;150.740
2026-05-08T12:00:38;q_learning_train;level_2;ai;complete;15;15;0;0.336,;150.740
2026-05-08T12:00:38;q_learning_train;level_2;ai;complete;15;15;0;0.336,;150.740
2026-05-08T12:00:38;q_learning_train;level_2;ai;complete;15;15;0;0.337,;150.740
2026-05-08T12:00:38;q_learning_train;level_2;ai;complete;15;15;0;0.339,;150.740
2026-05-08T12:00:38;q_learning_train;level_2;ai;complete;15;14;0;0.339,;150.740
2026-05-08T12:00:38;q_learning_train;level_2;ai;complete;16;16;0;0.347,;150.740
2026-05-08T12:00:38;q_learning_train;level_2;ai;complete;16;16;0;0.348,;150.740
2026-05-08T12:00:38;q_learning_train;level_2;ai;complete;16;15;0;0.349,;150.740
2026-05-08T12:00:38;q_learning_train;level_2;ai;complete;16;16;0;0.350,;150.740
2026-05-08T12:00:38;q_learning_train;level_2;ai;complete;16;15;0;0.350,;150.740
2026-05-08T12:00:38;q_learning_train;level_2;ai;complete;16;15;0;0.350,;150.740
2026-05-08T12:00:38;q_learning_train;level_2;ai;complete;16;16;0;0.350,;150.740
2026-05-08T12:00:38;q_learning_train;level_2;ai;complete;17;16;0;0.358,;150.740
2026-05-08T12:00:38;q_learning_train;level_2;ai;complete;17;16;0;0.355,;150.740
2026-05-08T12:00:38;q_learning_train;level_2;ai;complete;17;16;0;0.355,;150.740
2026-05-08T12:00:38;q_learning_train;level_2;ai;complete;18;17;0;0.363,;150.740
2026-05-08T12:00:38;q_learning_train;level_2;ai;complete;18;17;0;0.357,;150.740
2026-05-08T12:00:38;q_learning_evaluation;level_2;ai;complete;13;13;0;0.002,;150.740
2026-05-08T12:00:38;q_learning_evaluation;level_2;ai;complete;13;13;0;0.003,;150.740
2026-05-08T12:00:38;q_learning_evaluation;level_2;ai;complete;13;13;0;0.002,;150.740
2026-05-08T12:00:38;q_learning_evaluation;level_2;ai;complete;13;13;0;0.003,;150.740
2026-05-08T12:00:38;q_learning_evaluation;level_2;ai;complete;13;13;0;0.003,;150.740
2026-05-08T12:00:40;q_learning_preview;level_2;ai;complete;13;13;0;1.308,;150.740
2026-05-08T12:00:40;q_learning_train;level_2;ai;complete;13;13;0;0.220,;150.740
2026-05-08T12:00:40;q_learning_train;level_2;ai;complete;13;13;0;0.222,;150.740
2026-05-08T12:00:40;q_learning_train;level_2;ai;complete;13;13;0;0.223,;150.740
2026-05-08T12:00:40;q_learning_train;level_2;ai;complete;13;13;0;0.224,;150.740
2026-05-08T12:00:40;q_learning_train;level_2;ai;complete;13;13;0;0.225,;150.740
2026-05-08T12:00:40;q_learning_train;level_2;ai;complete;13;13;0;0.226,;150.740
2026-05-08T12:00:40;q_learning_train;level_2;ai;complete;13;13;0;0.227,;150.740
2026-05-08T12:00:40;q_learning_train;level_2;ai;complete;13;13;0;0.229,;150.740
2026-05-08T12:00:40;q_learning_train;level_2;ai;complete;13;13;0;0.230,;150.740
2026-05-08T12:00:40;q_learning_train;level_2;ai;complete;13;13;0;0.231,;150.740
2026-05-08T12:00:40;q_learning_train;level_2;ai;complete;13;13;0;0.232,;150.740
2026-05-08T12:00:40;q_learning_train;level_2;ai;complete;13;13;0;0.233,;150.740
2026-05-08T12:00:40;q_learning_train;level_2;ai;complete;13;13;0;0.234,;150.740
2026-05-08T12:00:40;q_learning_train;level_2;ai;complete;13;13;0;0.235,;150.740
2026-05-08T12:00:40;q_learning_train;level_2;ai;complete;13;13;0;0.237,;150.740
2026-05-08T12:00:40;q_learning_train;level_2;ai;complete;13;13;0;0.238,;150.740
2026-05-08T12:00:40;q_learning_train;level_2;ai;complete;13;13;0;0.239,;150.740
2026-05-08T12:00:40;q_learning_train;level_2;ai;complete;13;13;0;0.240,;150.740
2026-05-08T12:00:40;q_learning_train;level_2;ai;complete;13;13;0;0.241,;150.740
2026-05-08T12:00:40;q_learning_train;level_2;ai;complete;13;13;0;0.242,;150.740
2026-05-08T12:00:40;q_learning_train;level_2;ai;complete;13;13;0;0.243,;150.740
2026-05-08T12:00:40;q_learning_train;level_2;ai;complete;13;13;0;0.245,;150.740
2026-05-08T12:00:40;q_learning_train;level_2;ai;complete;13;13;0;0.246,;150.740
2026-05-08T12:00:40;q_learning_train;level_2;ai;complete;13;13;0;0.246,;150.740
2026-05-08T12:00:40;q_learning_train;level_2;ai;complete;13;13;0;0.247,;150.740
2026-05-08T12:00:40;q_learning_train;level_2;ai;complete;13;13;0;0.248,;150.740
2026-05-08T12:00:40;q_learning_train;level_2;ai;complete;13;13;0;0.249,;150.740
2026-05-08T12:00:40;q_learning_train;level_2;ai;complete;13;13;0;0.251,;150.740
2026-05-08T12:00:40;q_learning_train;level_2;ai;complete;13;13;0;0.252,;150.740
2026-05-08T12:00:40;q_learning_train;level_2;ai;complete;13;13;0;0.253,;150.740
2026-05-08T12:00:40;q_learning_train;level_2;ai;complete;13;13;0;0.254,;150.740
2026-05-08T12:00:40;q_learning_train;level_2;ai;complete;13;13;0;0.256,;150.740
2026-05-08T12:00:40;q_learning_train;level_2;ai;complete;13;13;0;0.257,;150.740
2026-05-08T12:00:40;q_learning_train;level_2;ai;complete;13;13;0;0.258,;150.740
2026-05-08T12:00:40;q_learning_train;level_2;ai;complete;13;13;0;0.260,;150.740
2026-05-08T12:00:40;q_learning_train;level_2;ai;complete;13;13;0;0.261,;150.740
2026-05-08T12:00:40;q_learning_train;level_2;ai;complete;13;13;0;0.262,;150.740
2026-05-08T12:00:40;q_learning_train;level_2;ai;complete;13;13;0;0.263,;150.740
2026-05-08T12:00:40;q_learning_train;level_2;ai;complete;13;13;0;0.264,;150.740
2026-05-08T12:00:40;q_learning_train;level_2;ai;complete;13;13;0;0.266,;150.740
2026-05-08T12:00:40;q_learning_train;level_2;ai;complete;13;13;0;0.267,;150.740
2026-05-08T12:00:40;q_learning_train;level_2;ai;complete;13;13;0;0.268,;150.740
2026-05-08T12:00:40;q_learning_train;level_2;ai;complete;13;13;0;0.270,;150.740
2026-05-08T12:00:40;q_learning_train;level_2;ai;complete;13;13;0;0.271,;150.740
2026-05-08T12:00:40;q_learning_train;level_2;ai;complete;13;13;0;0.272,;150.740
2026-05-08T12:00:40;q_learning_train;level_2;ai;complete;13;13;0;0.273,;150.740
2026-05-08T12:00:40;q_learning_train;level_2;ai;complete;13;13;0;0.274,;150.740
2026-05-08T12:00:40;q_learning_train;level_2;ai;complete;13;13;0;0.275,;150.740
2026-05-08T12:00:40;q_learning_train;level_2;ai;complete;13;13;0;0.276,;150.740
2026-05-08T12:00:40;q_learning_train;level_2;ai;complete;14;13;0;0.285,;150.740
2026-05-08T12:00:40;q_learning_train;level_2;ai;complete;14;14;0;0.286,;150.740
2026-05-08T12:00:40;q_learning_train;level_2;ai;complete;14;14;0;0.288,;150.740
2026-05-08T12:00:40;q_learning_train;level_2;ai;complete;14;14;0;0.288,;150.740
2026-05-08T12:00:40;q_learning_train;level_2;ai;complete;14;14;0;0.289,;150.740
2026-05-08T12:00:40;q_learning_train;level_2;ai;complete;14;14;0;0.291,;150.740
2026-05-08T12:00:40;q_learning_train;level_2;ai;complete;14;14;0;0.292,;150.740
2026-05-08T12:00:40;q_learning_train;level_2;ai;complete;14;14;0;0.293,;150.740
2026-05-08T12:00:40;q_learning_train;level_2;ai;complete;14;14;0;0.294,;150.740
2026-05-08T12:00:40;q_learning_train;level_2;ai;complete;14;14;0;0.295,;150.740
2026-05-08T12:00:40;q_learning_train;level_2;ai;complete;14;13;0;0.296,;150.740
2026-05-08T12:00:40;q_learning_train;level_2;ai;complete;14;14;0;0.297,;150.740
2026-05-08T12:00:40;q_learning_train;level_2;ai;complete;14;13;0;0.298,;150.740
2026-05-08T12:00:40;q_learning_train;level_2;ai;complete;14;14;0;0.298,;150.740
2026-05-08T12:00:40;q_learning_train;level_2;ai;complete;14;13;0;0.299,;150.740
2026-05-08T12:00:40;q_learning_train;level_2;ai;complete;14;13;0;0.301,;150.740
2026-05-08T12:00:40;q_learning_train;level_2;ai;complete;14;13;0;0.302,;150.740
2026-05-08T12:00:40;q_learning_train;level_2;ai;complete;14;14;0;0.303,;150.740
2026-05-08T12:00:40;q_learning_train;level_2;ai;complete;14;14;0;0.304,;150.740
2026-05-08T12:00:40;q_learning_train;level_2;ai;complete;14;14;0;0.304,;150.740
2026-05-08T12:00:40;q_learning_train;level_2;ai;complete;14;13;0;0.305,;150.740
2026-05-08T12:00:40;q_learning_train;level_2;ai;complete;14;14;0;0.306,;150.740
2026-05-08T12:00:40;q_learning_train;level_2;ai;complete;14;14;0;0.307,;150.740
2026-05-08T12:00:40;q_learning_train;level_2;ai;complete;14;13;0;0.308,;150.740
2026-05-08T12:00:40;q_learning_train;level_2;ai;complete;14;14;0;0.309,;150.740
2026-05-08T12:00:40;q_learning_train;level_2;ai;complete;14;14;0;0.310,;150.740
2026-05-08T12:00:40;q_learning_train;level_2;ai;complete;14;13;0;0.311,;150.740
2026-05-08T12:00:40;q_learning_train;level_2;ai;complete;14;14;0;0.312,;150.740
2026-05-08T12:00:40;q_learning_train;level_2;ai;complete;15;15;0;0.321,;150.740
2026-05-08T12:00:40;q_learning_train;level_2;ai;complete;15;15;0;0.322,;150.740
2026-05-08T12:00:40;q_learning_train;level_2;ai;complete;15;15;0;0.323,;150.740
2026-05-08T12:00:40;q_learning_train;level_2;ai;complete;15;14;0;0.324,;150.740
2026-05-08T12:00:40;q_learning_train;level_2;ai;complete;15;15;0;0.325,;150.740
2026-05-08T12:00:40;q_learning_train;level_2;ai;complete;15;14;0;0.326,;150.740
2026-05-08T12:00:40;q_learning_train;level_2;ai;complete;15;14;0;0.326,;150.740
2026-05-08T12:00:40;q_learning_train;level_2;ai;complete;15;15;0;0.326,;150.740
2026-05-08T12:00:40;q_learning_train;level_2;ai;complete;15;14;0;0.326,;150.740
2026-05-08T12:00:40;q_learning_train;level_2;ai;complete;16;16;0;0.335,;150.740
2026-05-08T12:00:40;q_learning_train;level_2;ai;complete;16;16;0;0.335,;150.740
2026-05-08T12:00:40;q_learning_train;level_2;ai;complete;16;15;0;0.334,;150.740
2026-05-08T12:00:40;q_learning_train;level_2;ai;complete;16;15;0;0.335,;150.740
2026-05-08T12:00:40;q_learning_train;level_2;ai;complete;16;15;0;0.336,;150.740
2026-05-08T12:00:40;q_learning_train;level_2;ai;complete;16;15;0;0.337,;150.740
2026-05-08T12:00:40;q_learning_train;level_2;ai;complete;16;16;0;0.337,;150.740
2026-05-08T12:00:40;q_learning_train;level_2;ai;complete;16;15;0;0.338,;150.740
2026-05-08T12:00:40;q_learning_train;level_2;ai;complete;16;16;0;0.338,;150.740
2026-05-08T12:00:40;q_learning_train;level_2;ai;complete;16;15;0;0.339,;150.740
2026-05-08T12:00:40;q_learning_train;level_2;ai;complete;17;16;0;0.346,;150.740
2026-05-08T12:00:40;q_learning_train;level_2;ai;complete;18;16;0;0.342,;150.740
2026-05-08T12:00:40;q_learning_train;level_2;ai;complete;18;17;0;0.342,;150.740
2026-05-08T12:00:40;q_learning_train;level_2;ai;complete;19;19;0;0.344,;150.740
2026-05-08T12:00:40;q_learning_evaluation;level_2;ai;complete;13;13;0;0.002,;150.740
2026-05-08T12:00:40;q_learning_evaluation;level_2;ai;complete;13;13;0;0.002,;150.740
2026-05-08T12:00:40;q_learning_evaluation;level_2;ai;complete;13;13;0;0.002,;150.740
2026-05-08T12:00:40;q_learning_evaluation;level_2;ai;complete;13;13;0;0.002,;150.740
2026-05-08T12:00:40;q_learning_evaluation;level_2;ai;complete;13;13;0;0.002,;150.740
2026-05-08T12:00:42;q_learning_preview;level_2;ai;complete;13;13;0;1.305,;150.740
2026-05-08T12:00:42;q_learning_train;level_2;ai;complete;13;13;0;0.225,;150.740
2026-05-08T12:00:42;q_learning_train;level_2;ai;complete;13;13;0;0.226,;150.740
2026-05-08T12:00:42;q_learning_train;level_2;ai;complete;13;13;0;0.227,;150.740
2026-05-08T12:00:42;q_learning_train;level_2;ai;complete;13;13;0;0.228,;150.740
2026-05-08T12:00:42;q_learning_train;level_2;ai;complete;13;13;0;0.230,;150.740
2026-05-08T12:00:42;q_learning_train;level_2;ai;complete;13;13;0;0.231,;150.740
2026-05-08T12:00:42;q_learning_train;level_2;ai;complete;13;13;0;0.232,;150.740
2026-05-08T12:00:42;q_learning_train;level_2;ai;complete;13;13;0;0.233,;150.740
2026-05-08T12:00:42;q_learning_train;level_2;ai;complete;13;13;0;0.234,;150.740
2026-05-08T12:00:42;q_learning_train;level_2;ai;complete;13;13;0;0.235,;150.740
2026-05-08T12:00:42;q_learning_train;level_2;ai;complete;13;13;0;0.236,;150.740
2026-05-08T12:00:42;q_learning_train;level_2;ai;complete;13;13;0;0.237,;150.740
2026-05-08T12:00:42;q_learning_train;level_2;ai;complete;13;13;0;0.239,;150.740
2026-05-08T12:00:42;q_learning_train;level_2;ai;complete;13;13;0;0.240,;150.740
2026-05-08T12:00:42;q_learning_train;level_2;ai;complete;13;13;0;0.241,;150.740
2026-05-08T12:00:42;q_learning_train;level_2;ai;complete;13;13;0;0.242,;150.740
2026-05-08T12:00:42;q_learning_train;level_2;ai;complete;13;13;0;0.243,;150.740
2026-05-08T12:00:42;q_learning_train;level_2;ai;complete;13;13;0;0.244,;150.740
2026-05-08T12:00:42;q_learning_train;level_2;ai;complete;13;13;0;0.245,;150.740
2026-05-08T12:00:42;q_learning_train;level_2;ai;complete;13;13;0;0.246,;150.740
2026-05-08T12:00:42;q_learning_train;level_2;ai;complete;13;13;0;0.247,;150.740
2026-05-08T12:00:42;q_learning_train;level_2;ai;complete;13;13;0;0.248,;150.740
2026-05-08T12:00:42;q_learning_train;level_2;ai;complete;13;13;0;0.249,;150.740
2026-05-08T12:00:42;q_learning_train;level_2;ai;complete;13;13;0;0.250,;150.740
2026-05-08T12:00:42;q_learning_train;level_2;ai;complete;13;13;0;0.252,;150.740
2026-05-08T12:00:42;q_learning_train;level_2;ai;complete;13;13;0;0.253,;150.740
2026-05-08T12:00:42;q_learning_train;level_2;ai;complete;13;13;0;0.254,;150.740
2026-05-08T12:00:42;q_learning_train;level_2;ai;complete;13;13;0;0.255,;150.740
2026-05-08T12:00:42;q_learning_train;level_2;ai;complete;13;13;0;0.256,;150.740
2026-05-08T12:00:42;q_learning_train;level_2;ai;complete;13;13;0;0.257,;150.740
2026-05-08T12:00:42;q_learning_train;level_2;ai;complete;13;13;0;0.258,;150.740
2026-05-08T12:00:42;q_learning_train;level_2;ai;complete;13;13;0;0.259,;150.740
2026-05-08T12:00:42;q_learning_train;level_2;ai;complete;13;13;0;0.260,;150.740
2026-05-08T12:00:42;q_learning_train;level_2;ai;complete;13;13;0;0.261,;150.740
2026-05-08T12:00:42;q_learning_train;level_2;ai;complete;13;13;0;0.262,;150.740
2026-05-08T12:00:42;q_learning_train;level_2;ai;complete;13;13;0;0.263,;150.740
2026-05-08T12:00:42;q_learning_train;level_2;ai;complete;13;13;0;0.264,;150.740
2026-05-08T12:00:42;q_learning_train;level_2;ai;complete;13;13;0;0.266,;150.740
2026-05-08T12:00:42;q_learning_train;level_2;ai;complete;13;13;0;0.267,;150.740
2026-05-08T12:00:42;q_learning_train;level_2;ai;complete;13;13;0;0.268,;150.740
2026-05-08T12:00:42;q_learning_train;level_2;ai;complete;13;13;0;0.270,;150.740
2026-05-08T12:00:42;q_learning_train;level_2;ai;complete;13;13;0;0.271,;150.740
2026-05-08T12:00:42;q_learning_train;level_2;ai;complete;13;13;0;0.272,;150.740
2026-05-08T12:00:42;q_learning_train;level_2;ai;complete;13;13;0;0.273,;150.740
2026-05-08T12:00:42;q_learning_train;level_2;ai;complete;13;13;0;0.274,;150.740
2026-05-08T12:00:42;q_learning_train;level_2;ai;complete;13;13;0;0.275,;150.740
2026-05-08T12:00:42;q_learning_train;level_2;ai;complete;13;13;0;0.276,;150.740
2026-05-08T12:00:42;q_learning_train;level_2;ai;complete;13;13;0;0.277,;150.740
2026-05-08T12:00:42;q_learning_train;level_2;ai;complete;13;13;0;0.278,;150.740
2026-05-08T12:00:42;q_learning_train;level_2;ai;complete;13;13;0;0.279,;150.740
2026-05-08T12:00:42;q_learning_train;level_2;ai;complete;13;13;0;0.281,;150.740
2026-05-08T12:00:42;q_learning_train;level_2;ai;complete;13;13;0;0.282,;150.740
2026-05-08T12:00:42;q_learning_train;level_2;ai;complete;13;13;0;0.283,;150.740
2026-05-08T12:00:42;q_learning_train;level_2;ai;complete;13;13;0;0.284,;150.740
2026-05-08T12:00:42;q_learning_train;level_2;ai;complete;13;13;0;0.285,;150.740
2026-05-08T12:00:42;q_learning_train;level_2;ai;complete;13;13;0;0.286,;150.740
2026-05-08T12:00:42;q_learning_train;level_2;ai;complete;13;13;0;0.287,;150.740
2026-05-08T12:00:42;q_learning_train;level_2;ai;complete;14;14;0;0.295,;150.740
2026-05-08T12:00:42;q_learning_train;level_2;ai;complete;14;14;0;0.296,;150.740
2026-05-08T12:00:42;q_learning_train;level_2;ai;complete;14;14;0;0.298,;150.740
2026-05-08T12:00:42;q_learning_train;level_2;ai;complete;14;13;0;0.299,;150.740
2026-05-08T12:00:42;q_learning_train;level_2;ai;complete;14;13;0;0.300,;150.740
2026-05-08T12:00:42;q_learning_train;level_2;ai;complete;14;14;0;0.301,;150.740
2026-05-08T12:00:42;q_learning_train;level_2;ai;complete;14;14;0;0.302,;150.740
2026-05-08T12:00:42;q_learning_train;level_2;ai;complete;14;14;0;0.303,;150.740
2026-05-08T12:00:42;q_learning_train;level_2;ai;complete;14;13;0;0.304,;150.740
2026-05-08T12:00:42;q_learning_train;level_2;ai;complete;14;14;0;0.305,;150.740
2026-05-08T12:00:42;q_learning_train;level_2;ai;complete;14;14;0;0.306,;150.740
2026-05-08T12:00:42;q_learning_train;level_2;ai;complete;14;13;0;0.307,;150.740
2026-05-08T12:00:42;q_learning_train;level_2;ai;complete;14;14;0;0.308,;150.740
2026-05-08T12:00:42;q_learning_train;level_2;ai;complete;14;13;0;0.309,;150.740
2026-05-08T12:00:42;q_learning_train;level_2;ai;complete;14;14;0;0.309,;150.740
2026-05-08T12:00:42;q_learning_train;level_2;ai;complete;14;13;0;0.310,;150.740
2026-05-08T12:00:42;q_learning_train;level_2;ai;complete;14;14;0;0.311,;150.740
2026-05-08T12:00:42;q_learning_train;level_2;ai;complete;14;14;0;0.312,;150.740
2026-05-08T12:00:42;q_learning_train;level_2;ai;complete;14;13;0;0.313,;150.740
2026-05-08T12:00:42;q_learning_train;level_2;ai;complete;14;14;0;0.314,;150.740
2026-05-08T12:00:42;q_learning_train;level_2;ai;complete;14;13;0;0.315,;150.740
2026-05-08T12:00:42;q_learning_train;level_2;ai;complete;14;14;0;0.316,;150.740
2026-05-08T12:00:42;q_learning_train;level_2;ai;complete;14;14;0;0.317,;150.740
2026-05-08T12:00:42;q_learning_train;level_2;ai;complete;14;14;0;0.318,;150.740
2026-05-08T12:00:42;q_learning_train;level_2;ai;complete;14;14;0;0.318,;150.740
2026-05-08T12:00:42;q_learning_train;level_2;ai;complete;14;13;0;0.319,;150.740
2026-05-08T12:00:42;q_learning_train;level_2;ai;complete;14;14;0;0.320,;150.740
2026-05-08T12:00:42;q_learning_train;level_2;ai;complete;15;15;0;0.328,;150.740
2026-05-08T12:00:42;q_learning_train;level_2;ai;complete;15;14;0;0.327,;150.740
2026-05-08T12:00:42;q_learning_train;level_2;ai;complete;15;15;0;0.328,;150.740
2026-05-08T12:00:42;q_learning_train;level_2;ai;complete;15;15;0;0.328,;150.740
2026-05-08T12:00:42;q_learning_train;level_2;ai;complete;15;13;0;0.330,;150.740
2026-05-08T12:00:42;q_learning_train;level_2;ai;complete;16;16;0;0.337,;150.740
2026-05-08T12:00:42;q_learning_train;level_2;ai;complete;16;16;0;0.338,;150.740
2026-05-08T12:00:42;q_learning_train;level_2;ai;complete;16;16;0;0.337,;150.740
2026-05-08T12:00:42;q_learning_train;level_2;ai;complete;16;16;0;0.338,;150.740
2026-05-08T12:00:42;q_learning_train;level_2;ai;complete;16;16;0;0.338,;150.740
2026-05-08T12:00:42;q_learning_train;level_2;ai;complete;16;16;0;0.336,;150.740
2026-05-08T12:00:42;q_learning_train;level_2;ai;complete;17;15;0;0.343,;150.740
2026-05-08T12:00:42;q_learning_train;level_2;ai;complete;17;15;0;0.343,;150.740
2026-05-08T12:00:42;q_learning_train;level_2;ai;complete;17;15;0;0.342,;150.740
2026-05-08T12:00:42;q_learning_train;level_2;ai;complete;18;17;0;0.346,;150.740
2026-05-08T12:00:42;q_learning_train;level_2;ai;complete;18;18;0;0.344,;150.740
2026-05-08T12:00:42;q_learning_evaluation;level_2;ai;complete;13;13;0;0.002,;150.740
2026-05-08T12:00:42;q_learning_evaluation;level_2;ai;complete;13;13;0;0.002,;150.740
2026-05-08T12:00:42;q_learning_evaluation;level_2;ai;complete;13;13;0;0.002,;150.740
2026-05-08T12:00:42;q_learning_evaluation;level_2;ai;complete;13;13;0;0.002,;150.740
2026-05-08T12:00:42;q_learning_evaluation;level_2;ai;complete;13;13;0;0.002,;150.740
2026-05-08T12:00:44;q_learning_preview;level_2;ai;complete;13;13;0;1.311,;150.740
2026-05-08T12:00:50;q_learning_train;level_3;ai;timeout;300;274;0;6.076,;-0.760
2026-05-08T12:00:50;q_learning_train;level_3;ai;timeout;300;283;0;6.077,;-0.010
2026-05-08T12:00:50;q_learning_train;level_3;ai;timeout;300;266;0;6.078,;-0.010
2026-05-08T12:00:50;q_learning_train;level_3;ai;timeout;300;274;0;6.079,;-0.010
2026-05-08T12:00:50;q_learning_train;level_3;ai;timeout;300;273;0;6.080,;0.740
2026-05-08T12:00:50;q_learning_train;level_3;ai;timeout;300;270;0;6.081,;-0.010
2026-05-08T12:00:50;q_learning_train;level_3;ai;timeout;300;282;0;6.082,;-0.760
2026-05-08T12:00:50;q_learning_train;level_3;ai;timeout;300;272;0;6.083,;0.740
2026-05-08T12:00:50;q_learning_train;level_3;ai;timeout;300;278;0;6.084,;-0.760
2026-05-08T12:00:50;q_learning_train;level_3;ai;timeout;300;269;0;6.084,;-0.010
2026-05-08T12:00:50;q_learning_train;level_3;ai;timeout;300;277;0;6.085,;-0.760
2026-05-08T12:00:50;q_learning_train;level_3;ai;timeout;300;281;0;6.086,;-0.760
2026-05-08T12:00:50;q_learning_train;level_3;ai;timeout;300;271;0;6.087,;-0.760
2026-05-08T12:00:50;q_learning_train;level_3;ai;timeout;300;264;0;6.088,;-0.760
2026-05-08T12:00:50;q_learning_train;level_3;ai;timeout;300;268;0;6.089,;0.740
2026-05-08T12:00:50;q_learning_train;level_3;ai;timeout;300;270;0;6.090,;-0.760
2026-05-08T12:00:50;q_learning_train;level_3;ai;timeout;300;272;0;6.091,;-0.010
2026-05-08T12:00:50;q_learning_train;level_3;ai;timeout;300;273;0;6.092,;0.740
2026-05-08T12:00:50;q_learning_train;level_3;ai;timeout;300;269;0;6.093,;-0.760
2026-05-08T12:00:50;q_learning_train;level_3;ai;timeout;300;263;0;6.094,;-0.010
2026-05-08T12:00:50;q_learning_train;level_3;ai;timeout;300;267;0;6.094,;0.740
2026-05-08T12:00:50;q_learning_train;level_3;ai;timeout;300;274;0;6.095,;-0.010
2026-05-08T12:00:50;q_learning_train;level_3;ai;timeout;300;276;0;6.096,;-0.010
2026-05-08T12:00:50;q_learning_train;level_3;ai;timeout;300;263;0;6.097,;-0.010
2026-05-08T12:00:50;q_learning_train;level_3;ai;timeout;300;277;0;6.098,;-0.010
2026-05-08T12:00:50;q_learning_train;level_3;ai;timeout;300;271;0;6.099,;0.740
2026-05-08T12:00:50;q_learning_train;level_3;ai;timeout;300;276;0;6.100,;-0.760
2026-05-08T12:00:50;q_learning_train;level_3;ai;timeout;300;276;0;6.101,;-0.010
2026-05-08T12:00:50;q_learning_train;level_3;ai;timeout;300;273;0;6.102,;-0.760
2026-05-08T12:00:50;q_learning_train;level_3;ai;timeout;300;271;0;6.102,;-0.010
2026-05-08T12:00:50;q_learning_train;level_3;ai;timeout;300;275;0;6.103,;0.740
2026-05-08T12:00:50;q_learning_train;level_3;ai;timeout;300;271;0;6.104,;-0.010
2026-05-08T12:00:50;q_learning_train;level_3;ai;timeout;300;275;0;6.106,;-0.760
2026-05-08T12:00:50;q_learning_train;level_3;ai;timeout;300;269;0;6.107,;0.740
2026-05-08T12:00:50;q_learning_train;level_3;ai;timeout;300;264;0;6.108,;0.740
2026-05-08T12:00:50;q_learning_train;level_3;ai;timeout;300;275;0;6.110,;-0.010
2026-05-08T12:00:50;q_learning_train;level_3;ai;timeout;300;273;0;6.111,;-0.010
2026-05-08T12:00:50;q_learning_train;level_3;ai;timeout;300;265;0;6.112,;-0.010
2026-05-08T12:00:50;q_learning_train;level_3;ai;timeout;300;272;0;6.113,;0.740
2026-05-08T12:00:50;q_learning_train;level_3;ai;timeout;300;267;0;6.114,;0.740
2026-05-08T12:00:50;q_learning_train;level_3;ai;timeout;300;262;0;6.114,;-0.010
2026-05-08T12:00:50;q_learning_train;level_3;ai;timeout;300;273;0;6.115,;-0.010
2026-05-08T12:00:50;q_learning_train;level_3;ai;timeout;300;276;0;6.116,;-0.010
2026-05-08T12:00:50;q_learning_train;level_3;ai;timeout;300;269;0;6.117,;-0.010
2026-05-08T12:00:50;q_learning_train;level_3;ai;timeout;300;275;0;6.118,;0.740
2026-05-08T12:00:50;q_learning_train;level_3;ai;timeout;300;264;0;6.119,;0.740
2026-05-08T12:00:50;q_learning_train;level_3;ai;timeout;300;262;0;6.120,;-0.010
2026-05-08T12:00:50;q_learning_train;level_3;ai;timeout;300;276;0;6.121,;-0.010
2026-05-08T12:00:50;q_learning_train;level_3;ai;timeout;300;267;0;6.123,;0.740
2026-05-08T12:00:50;q_learning_train;level_3;ai;timeout;300;271;0;6.124,;-0.010
2026-05-08T12:00:50;q_learning_train;level_3;ai;timeout;300;275;0;6.124,;-0.010
2026-05-08T12:00:50;q_learning_train;level_3;ai;timeout;300;279;0;6.125,;-0.760
2026-05-08T12:00:50;q_learning_train;level_3;ai;timeout;300;265;0;6.126,;0.740
2026-05-08T12:00:50;q_learning_train;level_3;ai;timeout;300;266;0;6.127,;-0.010
2026-05-08T12:00:50;q_learning_train;level_3;ai;timeout;300;272;0;6.128,;0.740
2026-05-08T12:00:50;q_learning_train;level_3;ai;timeout;300;274;0;6.128,;0.740
2026-05-08T12:00:50;q_learning_train;level_3;ai;timeout;300;268;0;6.129,;-0.760
2026-05-08T12:00:50;q_learning_train;level_3;ai;timeout;300;264;0;6.130,;-0.010
2026-05-08T12:00:50;q_learning_train;level_3;ai;timeout;300;275;0;6.131,;-0.760
2026-05-08T12:00:50;q_learning_train;level_3;ai;timeout;300;281;0;6.132,;0.740
2026-05-08T12:00:50;q_learning_train;level_3;ai;timeout;300;273;0;6.133,;-0.760
2026-05-08T12:00:50;q_learning_train;level_3;ai;timeout;300;274;0;6.133,;-0.010
2026-05-08T12:00:50;q_learning_train;level_3;ai;timeout;300;262;0;6.134,;-0.010
2026-05-08T12:00:50;q_learning_train;level_3;ai;timeout;300;261;0;6.136,;0.740
2026-05-08T12:00:50;q_learning_train;level_3;ai;timeout;300;273;0;6.137,;0.740
2026-05-08T12:00:50;q_learning_train;level_3;ai;timeout;300;265;0;6.138,;-0.010
2026-05-08T12:00:50;q_learning_train;level_3;ai;timeout;300;267;0;6.139,;0.740
2026-05-08T12:00:50;q_learning_train;level_3;ai;timeout;300;270;0;6.140,;-0.010
2026-05-08T12:00:50;q_learning_train;level_3;ai;timeout;300;272;0;6.141,;-0.010
2026-05-08T12:00:50;q_learning_train;level_3;ai;timeout;300;275;0;6.142,;0.740
2026-05-08T12:00:50;q_learning_train;level_3;ai;timeout;300;273;0;6.142,;0.740
2026-05-08T12:00:50;q_learning_train;level_3;ai;timeout;300;279;0;6.143,;0.740
2026-05-08T12:00:50;q_learning_train;level_3;ai;timeout;300;265;0;6.144,;-0.010
2026-05-08T12:00:50;q_learning_train;level_3;ai;timeout;300;264;0;6.145,;-0.010
2026-05-08T12:00:50;q_learning_train;level_3;ai;timeout;300;277;0;6.146,;0.740
2026-05-08T12:00:50;q_learning_train;level_3;ai;timeout;300;268;0;6.146,;-0.010
2026-05-08T12:00:50;q_learning_train;level_3;ai;timeout;300;273;0;6.147,;-0.010
2026-05-08T12:00:50;q_learning_train;level_3;ai;timeout;300;277;0;6.148,;0.740
2026-05-08T12:00:50;q_learning_train;level_3;ai;timeout;300;267;0;6.149,;0.740
2026-05-08T12:00:50;q_learning_train;level_3;ai;timeout;300;276;0;6.150,;-0.760
2026-05-08T12:00:50;q_learning_train;level_3;ai;timeout;300;271;0;6.151,;-0.010
2026-05-08T12:00:50;q_learning_train;level_3;ai;timeout;300;270;0;6.152,;-0.010
2026-05-08T12:00:50;q_learning_train;level_3;ai;timeout;300;273;0;6.153,;-0.010
2026-05-08T12:00:50;q_learning_train;level_3;ai;timeout;300;269;0;6.154,;0.740
2026-05-08T12:00:50;q_learning_train;level_3;ai;timeout;300;276;0;6.155,;0.740
2026-05-08T12:00:50;q_learning_train;level_3;ai;timeout;300;264;0;6.156,;0.740
2026-05-08T12:00:50;q_learning_train;level_3;ai;timeout;300;273;0;6.157,;0.740
2026-05-08T12:00:50;q_learning_train;level_3;ai;timeout;300;273;0;6.157,;0.740
2026-05-08T12:00:50;q_learning_train;level_3;ai;timeout;300;264;0;6.158,;-0.010
2026-05-08T12:00:50;q_learning_train;level_3;ai;timeout;300;276;0;6.159,;-0.010
2026-05-08T12:00:50;q_learning_train;level_3;ai;timeout;300;270;0;6.160,;-0.010
2026-05-08T12:00:50;q_learning_train;level_3;ai;timeout;300;269;0;6.161,;0.740
2026-05-08T12:00:50;q_learning_train;level_3;ai;timeout;300;271;0;6.162,;0.740
2026-05-08T12:00:50;q_learning_train;level_3;ai;timeout;300;257;0;6.163,;-0.010
2026-05-08T12:00:50;q_learning_train;level_3;ai;timeout;300;262;0;6.165,;0.740
2026-05-08T12:00:50;q_learning_train;level_3;ai;timeout;300;270;0;6.166,;-0.010
2026-05-08T12:00:50;q_learning_train;level_3;ai;timeout;300;267;0;6.167,;-0.010
2026-05-08T12:00:50;q_learning_train;level_3;ai;timeout;300;266;0;6.168,;0.740
2026-05-08T12:00:50;q_learning_train;level_3;ai;timeout;300;270;0;6.168,;0.740
2026-05-08T12:00:50;q_learning_train;level_3;ai;timeout;300;271;0;6.170,;-0.010
2026-05-08T12:00:50;q_learning_evaluation;level_3;ai;timeout;300;300;0;0.040,;-0.010
2026-05-08T12:00:50;q_learning_evaluation;level_3;ai;timeout;300;300;0;0.041,;-0.010
2026-05-08T12:00:50;q_learning_evaluation;level_3;ai;timeout;300;300;0;0.041,;-0.010
2026-05-08T12:00:50;q_learning_evaluation;level_3;ai;timeout;300;300;0;0.040,;-0.010
2026-05-08T12:00:50;q_learning_evaluation;level_3;ai;timeout;300;300;0;0.040,;-0.010
2026-05-08T12:01:20;q_learning_preview;level_3;ai;timeout;300;300;0;30.175,;-0.010
2026-05-08T12:01:26;q_learning_train;level_3;ai;timeout;300;274;0;5.401,;-0.760
2026-05-08T12:01:26;q_learning_train;level_3;ai;timeout;300;257;0;5.402,;-0.010
2026-05-08T12:01:26;q_learning_train;level_3;ai;timeout;300;262;0;5.403,;0.740
2026-05-08T12:01:26;q_learning_train;level_3;ai;timeout;300;258;0;5.404,;-0.760
2026-05-08T12:01:26;q_learning_train;level_3;ai;timeout;300;268;0;5.405,;-0.010
2026-05-08T12:01:26;q_learning_train;level_3;ai;timeout;300;256;0;5.407,;0.740
2026-05-08T12:01:26;q_learning_train;level_3;ai;timeout;300;263;0;5.408,;-0.010
2026-05-08T12:01:26;q_learning_train;level_3;ai;timeout;300;270;0;5.409,;0.740
2026-05-08T12:01:26;q_learning_train;level_3;ai;timeout;300;262;0;5.410,;0.740
2026-05-08T12:01:26;q_learning_train;level_3;ai;timeout;300;258;0;5.412,;-0.760
2026-05-08T12:01:26;q_learning_train;level_3;ai;timeout;300;254;0;5.413,;0.740
2026-05-08T12:01:26;q_learning_train;level_3;ai;timeout;300;267;0;5.414,;-0.010
2026-05-08T12:01:26;q_learning_train;level_3;ai;timeout;300;264;0;5.416,;-0.010
2026-05-08T12:01:26;q_learning_train;level_3;ai;timeout;300;257;0;5.417,;-0.010
2026-05-08T12:01:26;q_learning_train;level_3;ai;timeout;300;251;0;5.419,;-0.010
2026-05-08T12:01:26;q_learning_train;level_3;ai;timeout;300;267;0;5.420,;-0.760
2026-05-08T12:01:26;q_learning_train;level_3;ai;timeout;300;248;0;5.422,;0.740
2026-05-08T12:01:26;q_learning_train;level_3;ai;timeout;300;266;0;5.423,;-0.010
2026-05-08T12:01:26;q_learning_train;level_3;ai;timeout;300;268;0;5.424,;-0.010
2026-05-08T12:01:26;q_learning_train;level_3;ai;timeout;300;255;0;5.425,;-0.010
2026-05-08T12:01:26;q_learning_train;level_3;ai;timeout;300;269;0;5.426,;0.740
2026-05-08T12:01:26;q_learning_train;level_3;ai;timeout;300;271;0;5.427,;-0.010
2026-05-08T12:01:26;q_learning_train;level_3;ai;timeout;300;270;0;5.429,;-0.760
2026-05-08T12:01:26;q_learning_train;level_3;ai;timeout;300;263;0;5.430,;-0.010
2026-05-08T12:01:26;q_learning_train;level_3;ai;timeout;300;265;0;5.431,;0.740
2026-05-08T12:01:26;q_learning_train;level_3;ai;timeout;300;264;0;5.432,;-0.010
2026-05-08T12:01:26;q_learning_train;level_3;ai;timeout;300;271;0;5.433,;0.740
2026-05-08T12:01:26;q_learning_train;level_3;ai;timeout;300;257;0;5.434,;0.740
2026-05-08T12:01:26;q_learning_train;level_3;ai;timeout;300;259;0;5.435,;-0.010
2026-05-08T12:01:26;q_learning_train;level_3;ai;timeout;300;263;0;5.436,;-0.010
2026-05-08T12:01:26;q_learning_train;level_3;ai;timeout;300;270;0;5.437,;-0.010
2026-05-08T12:01:26;q_learning_train;level_3;ai;timeout;300;265;0;5.438,;-0.010
2026-05-08T12:01:26;q_learning_train;level_3;ai;timeout;300;263;0;5.439,;-0.010
2026-05-08T12:01:26;q_learning_train;level_3;ai;timeout;300;262;0;5.440,;0.740
2026-05-08T12:01:26;q_learning_train;level_3;ai;timeout;300;262;0;5.441,;-0.010
2026-05-08T12:01:26;q_learning_train;level_3;ai;timeout;300;266;0;5.442,;-0.010
2026-05-08T12:01:26;q_learning_train;level_3;ai;timeout;300;263;0;5.443,;-0.010
2026-05-08T12:01:26;q_learning_train;level_3;ai;timeout;300;263;0;5.445,;-0.760
2026-05-08T12:01:26;q_learning_train;level_3;ai;timeout;300;249;0;5.446,;-0.760
2026-05-08T12:01:26;q_learning_train;level_3;ai;timeout;300;261;0;5.446,;-0.010
2026-05-08T12:01:26;q_learning_train;level_3;ai;timeout;300;261;0;5.447,;-0.010
2026-05-08T12:01:26;q_learning_train;level_3;ai;timeout;300;260;0;5.448,;0.740
2026-05-08T12:01:26;q_learning_train;level_3;ai;timeout;300;247;0;5.449,;0.740
2026-05-08T12:01:26;q_learning_train;level_3;ai;timeout;300;246;0;5.450,;0.740
2026-05-08T12:01:26;q_learning_train;level_3;ai;timeout;300;261;0;5.451,;0.740
2026-05-08T12:01:26;q_learning_train;level_3;ai;timeout;300;260;0;5.452,;-0.760
2026-05-08T12:01:26;q_learning_train;level_3;ai;timeout;300;252;0;5.453,;-0.010
2026-05-08T12:01:26;q_learning_train;level_3;ai;timeout;300;268;0;5.454,;-0.010
2026-05-08T12:01:26;q_learning_train;level_3;ai;timeout;300;269;0;5.455,;-0.010
2026-05-08T12:01:26;q_learning_train;level_3;ai;timeout;300;273;0;5.456,;-0.010
2026-05-08T12:01:26;q_learning_train;level_3;ai;timeout;300;236;0;5.457,;-0.010
2026-05-08T12:01:26;q_learning_train;level_3;ai;timeout;300;264;0;5.458,;0.740
2026-05-08T12:01:26;q_learning_train;level_3;ai;timeout;300;271;0;5.460,;0.740
2026-05-08T12:01:26;q_learning_train;level_3;ai;timeout;300;255;0;5.461,;0.740
2026-05-08T12:01:26;q_learning_train;level_3;ai;timeout;300;267;0;5.462,;-0.010
2026-05-08T12:01:26;q_learning_train;level_3;ai;timeout;300;271;0;5.463,;-0.010
2026-05-08T12:01:26;q_learning_train;level_3;ai;timeout;300;264;0;5.464,;-0.010
2026-05-08T12:01:26;q_learning_train;level_3;ai;timeout;300;274;0;5.465,;-0.010
2026-05-08T12:01:26;q_learning_train;level_3;ai;timeout;300;261;0;5.466,;-0.010
2026-05-08T12:01:26;q_learning_train;level_3;ai;timeout;300;267;0;5.467,;-0.010
2026-05-08T12:01:26;q_learning_train;level_3;ai;timeout;300;273;0;5.468,;-0.010
2026-05-08T12:01:26;q_learning_train;level_3;ai;timeout;300;266;0;5.469,;0.740
2026-05-08T12:01:26;q_learning_train;level_3;ai;timeout;300;267;0;5.471,;-0.010
2026-05-08T12:01:26;q_learning_train;level_3;ai;timeout;300;263;0;5.472,;-0.010
2026-05-08T12:01:26;q_learning_train;level_3;ai;timeout;300;262;0;5.474,;-0.760
2026-05-08T12:01:26;q_learning_train;level_3;ai;timeout;300;266;0;5.475,;-0.010
2026-05-08T12:01:26;q_learning_train;level_3;ai;timeout;300;253;0;5.477,;-0.010
2026-05-08T12:01:26;q_learning_train;level_3;ai;timeout;300;264;0;5.478,;-0.010
2026-05-08T12:01:26;q_learning_train;level_3;ai;timeout;300;249;0;5.479,;-0.010
2026-05-08T12:01:26;q_learning_train;level_3;ai;timeout;300;268;0;5.480,;0.740
2026-05-08T12:01:26;q_learning_train;level_3;ai;timeout;300;263;0;5.481,;-0.010
2026-05-08T12:01:26;q_learning_train;level_3;ai;timeout;300;261;0;5.482,;0.740
2026-05-08T12:01:26;q_learning_train;level_3;ai;timeout;300;264;0;5.483,;-0.010
2026-05-08T12:01:26;q_learning_train;level_3;ai;timeout;300;257;0;5.484,;-0.010
2026-05-08T12:01:26;q_learning_train;level_3;ai;timeout;300;245;0;5.485,;0.740
2026-05-08T12:01:26;q_learning_train;level_3;ai;timeout;300;259;0;5.487,;-0.010
2026-05-08T12:01:26;q_learning_train;level_3;ai;timeout;300;256;0;5.489,;-0.010
2026-05-08T12:01:26;q_learning_train;level_3;ai;timeout;300;276;0;5.490,;-0.010
2026-05-08T12:01:26;q_learning_train;level_3;ai;timeout;300;250;0;5.491,;-0.760
2026-05-08T12:01:26;q_learning_train;level_3;ai;timeout;300;262;0;5.492,;-0.010
2026-05-08T12:01:26;q_learning_train;level_3;ai;timeout;300;262;0;5.494,;0.740
2026-05-08T12:01:26;q_learning_train;level_3;ai;timeout;300;270;0;5.495,;0.740
2026-05-08T12:01:26;q_learning_train;level_3;ai;timeout;300;257;0;5.496,;-0.010
2026-05-08T12:01:26;q_learning_train;level_3;ai;timeout;300;265;0;5.497,;-0.010
2026-05-08T12:01:26;q_learning_train;level_3;ai;timeout;300;265;0;5.498,;0.740
2026-05-08T12:01:26;q_learning_train;level_3;ai;timeout;300;262;0;5.499,;-0.010
2026-05-08T12:01:26;q_learning_train;level_3;ai;timeout;300;252;0;5.500,;-0.760
2026-05-08T12:01:26;q_learning_train;level_3;ai;timeout;300;265;0;5.502,;-0.010
2026-05-08T12:01:26;q_learning_train;level_3;ai;timeout;300;252;0;5.503,;-0.010
2026-05-08T12:01:26;q_learning_train;level_3;ai;timeout;300;265;0;5.505,;-0.010
2026-05-08T12:01:26;q_learning_train;level_3;ai;timeout;300;260;0;5.507,;-0.010
2026-05-08T12:01:26;q_learning_train;level_3;ai;timeout;300;272;0;5.508,;-0.760
2026-05-08T12:01:26;q_learning_train;level_3;ai;timeout;300;255;0;5.509,;-0.010
2026-05-08T12:01:26;q_learning_train;level_3;ai;timeout;300;272;0;5.510,;0.740
2026-05-08T12:01:26;q_learning_train;level_3;ai;timeout;300;256;0;5.512,;-0.010
2026-05-08T12:01:26;q_learning_train;level_3;ai;timeout;300;264;0;5.513,;0.740
2026-05-08T12:01:26;q_learning_train;level_3;ai;timeout;300;276;0;5.514,;-0.010
2026-05-08T12:01:26;q_learning_train;level_3;ai;timeout;300;262;0;5.515,;-0.010
2026-05-08T12:01:26;q_learning_train;level_3;ai;timeout;300;268;0;5.517,;-0.010
2026-05-08T12:01:26;q_learning_train;level_3;ai;timeout;300;270;0;5.519,;-0.010
2026-05-08T12:01:26;q_learning_evaluation;level_3;ai;timeout;300;300;0;0.057,;-0.010
2026-05-08T12:01:26;q_learning_evaluation;level_3;ai;timeout;300;300;0;0.059,;-0.010
2026-05-08T12:01:26;q_learning_evaluation;level_3;ai;timeout;300;300;0;0.048,;-0.010
2026-05-08T12:01:26;q_learning_evaluation;level_3;ai;timeout;300;300;0;0.048,;-0.010
2026-05-08T12:01:26;q_learning_evaluation;level_3;ai;timeout;300;300;0;0.049,;-0.010
2026-05-08T12:01:57;q_learning_preview;level_3;ai;timeout;300;300;0;30.198,;-0.010
2026-05-08T12:02:02;q_learning_train;level_3;ai;timeout;300;262;0;5.422,;0.740
2026-05-08T12:02:02;q_learning_train;level_3;ai;timeout;300;257;0;5.424,;-0.010
2026-05-08T12:02:02;q_learning_train;level_3;ai;timeout;300;257;0;5.425,;-0.010
2026-05-08T12:02:02;q_learning_train;level_3;ai;timeout;300;261;0;5.427,;-0.010
2026-05-08T12:02:02;q_learning_train;level_3;ai;timeout;300;241;0;5.428,;0.740
2026-05-08T12:02:02;q_learning_train;level_3;ai;timeout;300;266;0;5.430,;-0.010
2026-05-08T12:02:02;q_learning_train;level_3;ai;timeout;300;264;0;5.432,;0.740
2026-05-08T12:02:02;q_learning_train;level_3;ai;timeout;300;251;0;5.433,;-0.010
2026-05-08T12:02:02;q_learning_train;level_3;ai;timeout;300;230;0;5.434,;-0.010
2026-05-08T12:02:02;q_learning_train;level_3;ai;timeout;300;264;0;5.435,;-0.760
2026-05-08T12:02:02;q_learning_train;level_3;ai;timeout;300;248;0;5.437,;-0.760
2026-05-08T12:02:02;q_learning_train;level_3;ai;timeout;300;256;0;5.438,;-0.010
2026-05-08T12:02:02;q_learning_train;level_3;ai;timeout;300;236;0;5.439,;-0.010
2026-05-08T12:02:02;q_learning_train;level_3;ai;timeout;300;255;0;5.440,;-0.010
2026-05-08T12:02:02;q_learning_train;level_3;ai;timeout;300;265;0;5.442,;-0.010
2026-05-08T12:02:02;q_learning_train;level_3;ai;timeout;300;248;0;5.443,;0.740
2026-05-08T12:02:02;q_learning_train;level_3;ai;timeout;300;269;0;5.444,;-0.760
2026-05-08T12:02:02;q_learning_train;level_3;ai;timeout;300;243;0;5.445,;-0.760
2026-05-08T12:02:02;q_learning_train;level_3;ai;timeout;300;258;0;5.446,;-0.010
2026-05-08T12:02:02;q_learning_train;level_3;ai;timeout;300;254;0;5.447,;-0.760
2026-05-08T12:02:02;q_learning_train;level_3;ai;timeout;300;261;0;5.449,;0.740
2026-05-08T12:02:02;q_learning_train;level_3;ai;timeout;300;244;0;5.450,;-0.010
2026-05-08T12:02:02;q_learning_train;level_3;ai;timeout;300;253;0;5.451,;-0.010
2026-05-08T12:02:02;q_learning_train;level_3;ai;timeout;300;271;0;5.452,;-0.010
2026-05-08T12:02:02;q_learning_train;level_3;ai;timeout;300;253;0;5.454,;-0.760
2026-05-08T12:02:02;q_learning_train;level_3;ai;timeout;300;257;0;5.455,;-0.010
2026-05-08T12:02:02;q_learning_train;level_3;ai;timeout;300;256;0;5.456,;-0.760
2026-05-08T12:02:02;q_learning_train;level_3;ai;timeout;300;264;0;5.458,;-0.010
2026-05-08T12:02:02;q_learning_train;level_3;ai;timeout;300;256;0;5.459,;-0.010
2026-05-08T12:02:02;q_learning_train;level_3;ai;timeout;300;247;0;5.460,;-0.010
2026-05-08T12:02:02;q_learning_train;level_3;ai;timeout;300;259;0;5.462,;-0.010
2026-05-08T12:02:02;q_learning_train;level_3;ai;timeout;300;264;0;5.463,;-0.010
2026-05-08T12:02:02;q_learning_train;level_3;ai;timeout;300;257;0;5.464,;-0.010
2026-05-08T12:02:02;q_learning_train;level_3;ai;timeout;300;257;0;5.466,;-0.010
2026-05-08T12:02:02;q_learning_train;level_3;ai;timeout;300;241;0;5.467,;-0.010
2026-05-08T12:02:02;q_learning_train;level_3;ai;timeout;300;240;0;5.468,;-0.010
2026-05-08T12:02:02;q_learning_train;level_3;ai;timeout;300;243;0;5.469,;-0.010
2026-05-08T12:02:02;q_learning_train;level_3;ai;timeout;300;255;0;5.471,;-0.010
2026-05-08T12:02:02;q_learning_train;level_3;ai;timeout;300;245;0;5.473,;-0.010
2026-05-08T12:02:02;q_learning_train;level_3;ai;timeout;300;241;0;5.474,;-0.010
2026-05-08T12:02:02;q_learning_train;level_3;ai;timeout;300;241;0;5.475,;-0.010
2026-05-08T12:02:02;q_learning_train;level_3;ai;timeout;300;252;0;5.476,;-0.010
2026-05-08T12:02:02;q_learning_train;level_3;ai;timeout;300;254;0;5.477,;-0.010
2026-05-08T12:02:02;q_learning_train;level_3;ai;timeout;300;239;0;5.478,;-0.010
2026-05-08T12:02:02;q_learning_train;level_3;ai;timeout;300;243;0;5.480,;0.740
2026-05-08T12:02:02;q_learning_train;level_3;ai;timeout;300;245;0;5.481,;-0.010
2026-05-08T12:02:02;q_learning_train;level_3;ai;timeout;300;266;0;5.482,;-0.010
2026-05-08T12:02:02;q_learning_train;level_3;ai;timeout;300;241;0;5.483,;-0.760
2026-05-08T12:02:02;q_learning_train;level_3;ai;timeout;300;248;0;5.484,;-0.010
2026-05-08T12:02:02;q_learning_train;level_3;ai;timeout;300;252;0;5.486,;0.740
2026-05-08T12:02:02;q_learning_train;level_3;ai;timeout;300;272;0;5.487,;-0.010
2026-05-08T12:02:02;q_learning_train;level_3;ai;timeout;300;268;0;5.488,;-0.010
2026-05-08T12:02:02;q_learning_train;level_3;ai;timeout;300;263;0;5.489,;-0.010
2026-05-08T12:02:02;q_learning_train;level_3;ai;timeout;300;242;0;5.490,;-0.760
2026-05-08T12:02:02;q_learning_train;level_3;ai;timeout;300;258;0;5.492,;-0.760
2026-05-08T12:02:02;q_learning_train;level_3;ai;timeout;300;266;0;5.493,;-0.010
2026-05-08T12:02:02;q_learning_train;level_3;ai;timeout;300;242;0;5.495,;-0.760
2026-05-08T12:02:02;q_learning_train;level_3;ai;timeout;300;256;0;5.496,;-0.010
2026-05-08T12:02:02;q_learning_train;level_3;ai;timeout;300;250;0;5.497,;0.740
2026-05-08T12:02:02;q_learning_train;level_3;ai;timeout;300;268;0;5.499,;0.740
2026-05-08T12:02:02;q_learning_train;level_3;ai;timeout;300;242;0;5.500,;-0.010
2026-05-08T12:02:02;q_learning_train;level_3;ai;timeout;300;270;0;5.501,;-0.010
2026-05-08T12:02:02;q_learning_train;level_3;ai;timeout;300;256;0;5.502,;-0.010
2026-05-08T12:02:02;q_learning_train;level_3;ai;timeout;300;272;0;5.503,;-0.010
2026-05-08T12:02:02;q_learning_train;level_3;ai;timeout;300;248;0;5.504,;-0.010
2026-05-08T12:02:02;q_learning_train;level_3;ai;timeout;300;254;0;5.505,;-0.010
2026-05-08T12:02:02;q_learning_train;level_3;ai;timeout;300;226;0;5.506,;-0.010
2026-05-08T12:02:02;q_learning_train;level_3;ai;timeout;300;237;0;5.507,;-0.010
2026-05-08T12:02:02;q_learning_train;level_3;ai;timeout;300;250;0;5.509,;-0.010
2026-05-08T12:02:02;q_learning_train;level_3;ai;timeout;300;261;0;5.510,;-0.010
2026-05-08T12:02:02;q_learning_train;level_3;ai;timeout;300;259;0;5.511,;-0.010
2026-05-08T12:02:02;q_learning_train;level_3;ai;timeout;300;251;0;5.512,;-0.010
2026-05-08T12:02:02;q_learning_train;level_3;ai;timeout;300;251;0;5.513,;-0.010
2026-05-08T12:02:02;q_learning_train;level_3;ai;timeout;300;262;0;5.514,;-0.010
2026-05-08T12:02:02;q_learning_train;level_3;ai;timeout;300;261;0;5.515,;-0.010
2026-05-08T12:02:02;q_learning_train;level_3;ai;timeout;300;249;0;5.516,;-0.010
2026-05-08T12:02:02;q_learning_train;level_3;ai;timeout;300;244;0;5.518,;0.740
2026-05-08T12:02:02;q_learning_train;level_3;ai;timeout;300;252;0;5.519,;-0.010
2026-05-08T12:02:02;q_learning_train;level_3;ai;timeout;300;238;0;5.520,;-0.010
2026-05-08T12:02:02;q_learning_train;level_3;ai;timeout;300;270;0;5.522,;-0.010
2026-05-08T12:02:02;q_learning_train;level_3;ai;timeout;300;268;0;5.524,;-0.010
2026-05-08T12:02:02;q_learning_train;level_3;ai;timeout;300;259;0;5.525,;-0.010
2026-05-08T12:02:02;q_learning_train;level_3;ai;timeout;300;267;0;5.526,;0.740
2026-05-08T12:02:02;q_learning_train;level_3;ai;timeout;300;255;0;5.527,;-0.010
2026-05-08T12:02:02;q_learning_train;level_3;ai;timeout;300;241;0;5.528,;-0.010
2026-05-08T12:02:02;q_learning_train;level_3;ai;timeout;300;270;0;5.529,;-0.010
2026-05-08T12:02:02;q_learning_train;level_3;ai;timeout;300;255;0;5.530,;-0.010
2026-05-08T12:02:02;q_learning_train;level_3;ai;timeout;300;263;0;5.531,;0.740
2026-05-08T12:02:02;q_learning_train;level_3;ai;timeout;300;261;0;5.533,;-0.010
2026-05-08T12:02:02;q_learning_train;level_3;ai;timeout;300;270;0;5.534,;-0.010
2026-05-08T12:02:02;q_learning_train;level_3;ai;timeout;300;250;0;5.535,;-0.010
2026-05-08T12:02:02;q_learning_train;level_3;ai;timeout;300;232;0;5.537,;-0.010
2026-05-08T12:02:02;q_learning_train;level_3;ai;timeout;300;234;0;5.538,;0.740
2026-05-08T12:02:02;q_learning_train;level_3;ai;timeout;300;258;0;5.539,;-0.010
2026-05-08T12:02:02;q_learning_train;level_3;ai;timeout;300;253;0;5.541,;-0.010
2026-05-08T12:02:02;q_learning_train;level_3;ai;timeout;300;261;0;5.542,;-0.010
2026-05-08T12:02:02;q_learning_train;level_3;ai;timeout;300;250;0;5.543,;0.740
2026-05-08T12:02:02;q_learning_train;level_3;ai;timeout;300;257;0;5.544,;-0.010
2026-05-08T12:02:02;q_learning_train;level_3;ai;timeout;300;264;0;5.545,;-0.760
2026-05-08T12:02:02;q_learning_train;level_3;ai;timeout;300;255;0;5.546,;-0.010
2026-05-08T12:02:02;q_learning_evaluation;level_3;ai;timeout;300;300;0;0.057,;-0.010
2026-05-08T12:02:03;q_learning_evaluation;level_3;ai;timeout;300;300;0;0.053,;-0.010
2026-05-08T12:02:03;q_learning_evaluation;level_3;ai;timeout;300;300;0;0.060,;-0.010
2026-05-08T12:02:03;q_learning_evaluation;level_3;ai;timeout;300;300;0;0.058,;-0.010
2026-05-08T12:02:03;q_learning_evaluation;level_3;ai;timeout;300;300;0;0.060,;-0.010
2026-05-08T12:02:33;q_learning_preview;level_3;ai;timeout;300;300;0;30.164,;-0.010
2026-05-08T12:02:38;q_learning_train;level_3;ai;timeout;300;233;0;5.090,;-0.010
2026-05-08T12:02:38;q_learning_train;level_3;ai;timeout;300;208;0;5.091,;-0.010
2026-05-08T12:02:38;q_learning_train;level_3;ai;timeout;300;246;0;5.092,;-0.010
2026-05-08T12:02:38;q_learning_train;level_3;ai;timeout;300;271;0;5.092,;-0.010
2026-05-08T12:02:38;q_learning_train;level_3;ai;timeout;300;258;0;5.093,;-0.010
2026-05-08T12:02:38;q_learning_train;level_3;ai;timeout;300;240;0;5.094,;-0.010
2026-05-08T12:02:38;q_learning_train;level_3;ai;timeout;300;238;0;5.095,;-0.010
2026-05-08T12:02:38;q_learning_train;level_3;ai;timeout;300;235;0;5.096,;-0.010
2026-05-08T12:02:38;q_learning_train;level_3;ai;timeout;300;227;0;5.096,;-0.010
2026-05-08T12:02:38;q_learning_train;level_3;ai;timeout;300;239;0;5.097,;-0.010
2026-05-08T12:02:38;q_learning_train;level_3;ai;timeout;300;204;0;5.098,;-0.010
2026-05-08T12:02:38;q_learning_train;level_3;ai;timeout;300;212;0;5.099,;-0.010
2026-05-08T12:02:38;q_learning_train;level_3;ai;timeout;300;218;0;5.099,;-0.010
2026-05-08T12:02:38;q_learning_train;level_3;ai;timeout;300;263;0;5.100,;-0.010
2026-05-08T12:02:38;q_learning_train;level_3;ai;timeout;300;244;0;5.101,;0.740
2026-05-08T12:02:38;q_learning_train;level_3;ai;timeout;300;210;0;5.102,;-0.010
2026-05-08T12:02:38;q_learning_train;level_3;ai;timeout;300;276;0;5.104,;-0.010
2026-05-08T12:02:38;q_learning_train;level_3;ai;timeout;300;227;0;5.105,;-0.010
2026-05-08T12:02:38;q_learning_train;level_3;ai;timeout;300;219;0;5.106,;-0.010
2026-05-08T12:02:38;q_learning_train;level_3;ai;timeout;300;219;0;5.108,;-0.010
2026-05-08T12:02:38;q_learning_train;level_3;ai;timeout;300;265;0;5.109,;-0.010
2026-05-08T12:02:38;q_learning_train;level_3;ai;timeout;300;214;0;5.109,;-0.010
2026-05-08T12:02:38;q_learning_train;level_3;ai;timeout;300;224;0;5.110,;-0.010
2026-05-08T12:02:38;q_learning_train;level_3;ai;timeout;300;213;0;5.111,;-0.010
2026-05-08T12:02:38;q_learning_train;level_3;ai;timeout;300;212;0;5.112,;-0.010
2026-05-08T12:02:38;q_learning_train;level_3;ai;timeout;300;218;0;5.113,;-0.010
2026-05-08T12:02:38;q_learning_train;level_3;ai;timeout;300;229;0;5.114,;-0.010
2026-05-08T12:02:38;q_learning_train;level_3;ai;timeout;300;234;0;5.115,;-0.010
2026-05-08T12:02:38;q_learning_train;level_3;ai;timeout;300;209;0;5.116,;-0.010
2026-05-08T12:02:38;q_learning_train;level_3;ai;timeout;300;268;0;5.117,;-0.010
2026-05-08T12:02:38;q_learning_train;level_3;ai;timeout;300;239;0;5.118,;-0.010
2026-05-08T12:02:38;q_learning_train;level_3;ai;timeout;300;211;0;5.118,;-0.010
2026-05-08T12:02:38;q_learning_train;level_3;ai;timeout;300;272;0;5.119,;-0.010
2026-05-08T12:02:38;q_learning_train;level_3;ai;timeout;300;206;0;5.120,;-0.010
2026-05-08T12:02:38;q_learning_train;level_3;ai;timeout;300;220;0;5.121,;-0.010
2026-05-08T12:02:38;q_learning_train;level_3;ai;timeout;300;267;0;5.122,;-0.010
2026-05-08T12:02:38;q_learning_train;level_3;ai;timeout;300;216;0;5.123,;-0.010
2026-05-08T12:02:38;q_learning_train;level_3;ai;timeout;300;214;0;5.123,;-0.010
2026-05-08T12:02:38;q_learning_train;level_3;ai;timeout;300;207;0;5.124,;-0.010
2026-05-08T12:02:38;q_learning_train;level_3;ai;timeout;300;240;0;5.125,;-0.010
2026-05-08T12:02:38;q_learning_train;level_3;ai;timeout;300;271;0;5.126,;-0.010
2026-05-08T12:02:38;q_learning_train;level_3;ai;timeout;300;213;0;5.127,;-0.010
2026-05-08T12:02:38;q_learning_train;level_3;ai;timeout;300;236;0;5.128,;-0.010
2026-05-08T12:02:38;q_learning_train;level_3;ai;timeout;300;219;0;5.128,;-0.010
2026-05-08T12:02:38;q_learning_train;level_3;ai;timeout;300;205;0;5.129,;-0.010
2026-05-08T12:02:38;q_learning_train;level_3;ai;timeout;300;222;0;5.130,;-0.010
2026-05-08T12:02:38;q_learning_train;level_3;ai;timeout;300;247;0;5.131,;-0.010
2026-05-08T12:02:38;q_learning_train;level_3;ai;timeout;300;224;0;5.132,;-0.760
2026-05-08T12:02:38;q_learning_train;level_3;ai;timeout;300;243;0;5.133,;-0.010
2026-05-08T12:02:38;q_learning_train;level_3;ai;timeout;300;226;0;5.134,;-0.010
2026-05-08T12:02:38;q_learning_train;level_3;ai;timeout;300;227;0;5.135,;-0.010
2026-05-08T12:02:38;q_learning_train;level_3;ai;timeout;300;211;0;5.136,;-0.010
2026-05-08T12:02:38;q_learning_train;level_3;ai;timeout;300;215;0;5.137,;-0.010
2026-05-08T12:02:38;q_learning_train;level_3;ai;timeout;300;245;0;5.138,;-0.010
2026-05-08T12:02:38;q_learning_train;level_3;ai;timeout;300;217;0;5.139,;-0.010
2026-05-08T12:02:38;q_learning_train;level_3;ai;timeout;300;276;0;5.140,;-0.010
2026-05-08T12:02:38;q_learning_train;level_3;ai;timeout;300;271;0;5.141,;-0.010
2026-05-08T12:02:38;q_learning_train;level_3;ai;timeout;300;271;0;5.142,;-0.010
2026-05-08T12:02:38;q_learning_train;level_3;ai;timeout;300;276;0;5.142,;-0.010
2026-05-08T12:02:38;q_learning_train;level_3;ai;timeout;300;247;0;5.143,;-0.010
2026-05-08T12:02:38;q_learning_train;level_3;ai;timeout;300;223;0;5.144,;-0.010
2026-05-08T12:02:38;q_learning_train;level_3;ai;timeout;300;219;0;5.145,;-0.010
2026-05-08T12:02:38;q_learning_train;level_3;ai;timeout;300;243;0;5.146,;0.740
2026-05-08T12:02:38;q_learning_train;level_3;ai;timeout;300;267;0;5.147,;-0.010
2026-05-08T12:02:38;q_learning_train;level_3;ai;timeout;300;214;0;5.148,;-0.010
2026-05-08T12:02:38;q_learning_train;level_3;ai;timeout;300;221;0;5.149,;-0.010
2026-05-08T12:02:38;q_learning_train;level_3;ai;timeout;300;267;0;5.149,;-0.010
2026-05-08T12:02:38;q_learning_train;level_3;ai;timeout;300;271;0;5.150,;-0.010
2026-05-08T12:02:38;q_learning_train;level_3;ai;timeout;300;219;0;5.151,;-0.010
2026-05-08T12:02:38;q_learning_train;level_3;ai;timeout;300;257;0;5.152,;-0.010
2026-05-08T12:02:38;q_learning_train;level_3;ai;timeout;300;223;0;5.153,;-0.010
2026-05-08T12:02:38;q_learning_train;level_3;ai;timeout;300;209;0;5.154,;-0.010
2026-05-08T12:02:38;q_learning_train;level_3;ai;timeout;300;209;0;5.155,;-0.010
2026-05-08T12:02:38;q_learning_train;level_3;ai;timeout;300;235;0;5.155,;-0.010
2026-05-08T12:02:38;q_learning_train;level_3;ai;timeout;300;218;0;5.156,;-0.010
2026-05-08T12:02:38;q_learning_train;level_3;ai;timeout;300;239;0;5.157,;-0.010
2026-05-08T12:02:38;q_learning_train;level_3;ai;timeout;300;224;0;5.158,;-0.760
2026-05-08T12:02:38;q_learning_train;level_3;ai;timeout;300;279;0;5.159,;-0.010
2026-05-08T12:02:38;q_learning_train;level_3;ai;timeout;300;215;0;5.160,;-0.010
2026-05-08T12:02:38;q_learning_train;level_3;ai;timeout;300;267;0;5.161,;-0.010
2026-05-08T12:02:38;q_learning_train;level_3;ai;timeout;300;228;0;5.163,;-0.010
2026-05-08T12:02:38;q_learning_train;level_3;ai;timeout;300;209;0;5.164,;-0.010
2026-05-08T12:02:38;q_learning_train;level_3;ai;timeout;300;228;0;5.165,;-0.010
2026-05-08T12:02:38;q_learning_train;level_3;ai;timeout;300;263;0;5.166,;-0.010
2026-05-08T12:02:38;q_learning_train;level_3;ai;timeout;300;215;0;5.167,;-0.760
2026-05-08T12:02:38;q_learning_train;level_3;ai;timeout;300;202;0;5.168,;-0.010
2026-05-08T12:02:38;q_learning_train;level_3;ai;timeout;300;225;0;5.169,;-0.010
2026-05-08T12:02:38;q_learning_train;level_3;ai;timeout;300;276;0;5.169,;-0.010
2026-05-08T12:02:38;q_learning_train;level_3;ai;timeout;300;240;0;5.170,;-0.010
2026-05-08T12:02:38;q_learning_train;level_3;ai;timeout;300;212;0;5.171,;-0.010
2026-05-08T12:02:38;q_learning_train;level_3;ai;timeout;300;221;0;5.172,;-0.010
2026-05-08T12:02:38;q_learning_train;level_3;ai;timeout;300;246;0;5.173,;-0.010
2026-05-08T12:02:38;q_learning_train;level_3;ai;timeout;300;269;0;5.173,;-0.010
2026-05-08T12:02:38;q_learning_train;level_3;ai;timeout;300;211;0;5.174,;-0.010
2026-05-08T12:02:38;q_learning_train;level_3;ai;timeout;300;265;0;5.176,;-0.010
2026-05-08T12:02:38;q_learning_train;level_3;ai;timeout;300;204;0;5.177,;-0.010
2026-05-08T12:02:38;q_learning_train;level_3;ai;timeout;300;235;0;5.178,;-0.010
2026-05-08T12:02:38;q_learning_train;level_3;ai;timeout;300;216;0;5.179,;-0.010
2026-05-08T12:02:38;q_learning_train;level_3;ai;timeout;300;214;0;5.180,;-0.010
2026-05-08T12:02:38;q_learning_train;level_3;ai;timeout;300;256;0;5.181,;-0.010
2026-05-08T12:02:38;q_learning_evaluation;level_3;ai;timeout;300;299;0;0.065,;-0.760
2026-05-08T12:02:38;q_learning_evaluation;level_3;ai;timeout;300;299;0;0.067,;-0.760
2026-05-08T12:02:38;q_learning_evaluation;level_3;ai;timeout;300;299;0;0.065,;-0.760
2026-05-08T12:02:39;q_learning_evaluation;level_3;ai;timeout;300;299;0;0.067,;-0.760
2026-05-08T12:02:39;q_learning_evaluation;level_3;ai;timeout;300;299;0;0.066,;-0.760
2026-05-08T12:03:09;q_learning_preview;level_3;ai;timeout;300;299;0;30.182,;-0.760
2026-05-08T12:03:14;q_learning_train;level_3;ai;timeout;300;192;0;4.697,;-0.010
2026-05-08T12:03:14;q_learning_train;level_3;ai;timeout;300;211;0;4.698,;-0.010
2026-05-08T12:03:14;q_learning_train;level_3;ai;timeout;300;201;0;4.699,;-0.010
2026-05-08T12:03:14;q_learning_train;level_3;ai;timeout;300;196;0;4.700,;-0.010
2026-05-08T12:03:14;q_learning_train;level_3;ai;timeout;300;223;0;4.701,;-0.010
2026-05-08T12:03:14;q_learning_train;level_3;ai;timeout;300;241;0;4.702,;-0.010
2026-05-08T12:03:14;q_learning_train;level_3;ai;timeout;300;212;0;4.703,;-0.010
2026-05-08T12:03:14;q_learning_train;level_3;ai;timeout;300;197;0;4.703,;-0.010
2026-05-08T12:03:14;q_learning_train;level_3;ai;timeout;300;203;0;4.704,;-0.010
2026-05-08T12:03:14;q_learning_train;level_3;ai;timeout;300;208;0;4.706,;-0.010
2026-05-08T12:03:14;q_learning_train;level_3;ai;timeout;300;204;0;4.707,;-0.010
2026-05-08T12:03:14;q_learning_train;level_3;ai;timeout;300;231;0;4.707,;-0.010
2026-05-08T12:03:14;q_learning_train;level_3;ai;timeout;300;213;0;4.708,;-0.010
2026-05-08T12:03:14;q_learning_train;level_3;ai;timeout;300;198;0;4.709,;-0.010
2026-05-08T12:03:14;q_learning_train;level_3;ai;timeout;300;218;0;4.710,;-0.010
2026-05-08T12:03:14;q_learning_train;level_3;ai;timeout;300;208;0;4.711,;-0.010
2026-05-08T12:03:14;q_learning_train;level_3;ai;timeout;300;194;0;4.711,;-0.010
2026-05-08T12:03:14;q_learning_train;level_3;ai;timeout;300;200;0;4.712,;-0.010
2026-05-08T12:03:14;q_learning_train;level_3;ai;timeout;300;216;0;4.713,;-0.010
2026-05-08T12:03:14;q_learning_train;level_3;ai;timeout;300;207;0;4.714,;-0.010
2026-05-08T12:03:14;q_learning_train;level_3;ai;timeout;300;202;0;4.715,;-0.010
2026-05-08T12:03:14;q_learning_train;level_3;ai;timeout;300;210;0;4.715,;-0.010
2026-05-08T12:03:14;q_learning_train;level_3;ai;timeout;300;190;0;4.716,;-0.010
2026-05-08T12:03:14;q_learning_train;level_3;ai;timeout;300;257;0;4.717,;-0.010
2026-05-08T12:03:14;q_learning_train;level_3;ai;timeout;300;207;0;4.718,;-0.010
2026-05-08T12:03:14;q_learning_train;level_3;ai;timeout;300;215;0;4.719,;-0.010
2026-05-08T12:03:14;q_learning_train;level_3;ai;timeout;300;239;0;4.720,;-0.010
2026-05-08T12:03:14;q_learning_train;level_3;ai;timeout;300;205;0;4.721,;-0.010
2026-05-08T12:03:14;q_learning_train;level_3;ai;timeout;300;212;0;4.722,;-0.010
2026-05-08T12:03:14;q_learning_train;level_3;ai;timeout;300;213;0;4.722,;-0.010
2026-05-08T12:03:14;q_learning_train;level_3;ai;timeout;300;210;0;4.723,;-0.010
2026-05-08T12:03:14;q_learning_train;level_3;ai;timeout;300;204;0;4.724,;-0.010
2026-05-08T12:03:14;q_learning_train;level_3;ai;timeout;300;219;0;4.725,;-0.010
2026-05-08T12:03:14;q_learning_train;level_3;ai;timeout;300;232;0;4.726,;-0.010
2026-05-08T12:03:14;q_learning_train;level_3;ai;timeout;300;205;0;4.726,;-0.010
2026-05-08T12:03:14;q_learning_train;level_3;ai;timeout;300;237;0;4.727,;-0.010
2026-05-08T12:03:14;q_learning_train;level_3;ai;timeout;300;214;0;4.728,;-0.010
2026-05-08T12:03:14;q_learning_train;level_3;ai;timeout;300;207;0;4.729,;-0.010
2026-05-08T12:03:14;q_learning_train;level_3;ai;timeout;300;209;0;4.730,;-0.010
2026-05-08T12:03:14;q_learning_train;level_3;ai;timeout;300;254;0;4.731,;-0.010
2026-05-08T12:03:14;q_learning_train;level_3;ai;timeout;300;208;0;4.732,;-0.010
2026-05-08T12:03:14;q_learning_train;level_3;ai;timeout;300;200;0;4.732,;-0.010
2026-05-08T12:03:14;q_learning_train;level_3;ai;timeout;300;210;0;4.733,;-0.010
2026-05-08T12:03:14;q_learning_train;level_3;ai;timeout;300;216;0;4.734,;-0.010
2026-05-08T12:03:14;q_learning_train;level_3;ai;timeout;300;203;0;4.736,;-0.010
2026-05-08T12:03:14;q_learning_train;level_3;ai;timeout;300;219;0;4.737,;-0.010
2026-05-08T12:03:14;q_learning_train;level_3;ai;timeout;300;264;0;4.738,;-0.010
2026-05-08T12:03:14;q_learning_train;level_3;ai;timeout;300;201;0;4.739,;-0.010
2026-05-08T12:03:14;q_learning_train;level_3;ai;timeout;300;215;0;4.740,;-0.010
2026-05-08T12:03:14;q_learning_train;level_3;ai;timeout;300;204;0;4.741,;-0.010
2026-05-08T12:03:14;q_learning_train;level_3;ai;timeout;300;195;0;4.741,;-0.010
2026-05-08T12:03:14;q_learning_train;level_3;ai;timeout;300;212;0;4.742,;-0.010
2026-05-08T12:03:14;q_learning_train;level_3;ai;timeout;300;197;0;4.743,;-0.010
2026-05-08T12:03:14;q_learning_train;level_3;ai;timeout;300;238;0;4.744,;-0.010
2026-05-08T12:03:14;q_learning_train;level_3;ai;timeout;300;205;0;4.745,;-0.010
2026-05-08T12:03:14;q_learning_train;level_3;ai;timeout;300;232;0;4.746,;-0.010
2026-05-08T12:03:14;q_learning_train;level_3;ai;timeout;300;190;0;4.746,;-0.010
2026-05-08T12:03:14;q_learning_train;level_3;ai;timeout;300;208;0;4.747,;-0.010
2026-05-08T12:03:14;q_learning_train;level_3;ai;timeout;300;212;0;4.748,;-0.010
2026-05-08T12:03:14;q_learning_train;level_3;ai;timeout;300;195;0;4.749,;-0.010
2026-05-08T12:03:14;q_learning_train;level_3;ai;timeout;300;203;0;4.750,;-0.010
2026-05-08T12:03:14;q_learning_train;level_3;ai;timeout;300;224;0;4.751,;-0.010
2026-05-08T12:03:14;q_learning_train;level_3;ai;timeout;300;213;0;4.752,;-0.010
2026-05-08T12:03:14;q_learning_train;level_3;ai;timeout;300;196;0;4.753,;-0.010
2026-05-08T12:03:14;q_learning_train;level_3;ai;timeout;300;206;0;4.753,;-0.010
2026-05-08T12:03:14;q_learning_train;level_3;ai;timeout;300;272;0;4.754,;-0.010
2026-05-08T12:03:14;q_learning_train;level_3;ai;timeout;300;222;0;4.755,;-0.010
2026-05-08T12:03:14;q_learning_train;level_3;ai;timeout;300;205;0;4.756,;-0.010
2026-05-08T12:03:14;q_learning_train;level_3;ai;timeout;300;213;0;4.757,;-0.010
2026-05-08T12:03:14;q_learning_train;level_3;ai;timeout;300;202;0;4.758,;-0.010
2026-05-08T12:03:14;q_learning_train;level_3;ai;timeout;300;199;0;4.758,;-0.010
2026-05-08T12:03:14;q_learning_train;level_3;ai;timeout;300;218;0;4.759,;-0.010
2026-05-08T12:03:14;q_learning_train;level_3;ai;timeout;300;208;0;4.760,;-0.010
2026-05-08T12:03:14;q_learning_train;level_3;ai;timeout;300;196;0;4.761,;-0.010
2026-05-08T12:03:14;q_learning_train;level_3;ai;timeout;300;214;0;4.762,;-0.010
2026-05-08T12:03:14;q_learning_train;level_3;ai;timeout;300;205;0;4.762,;-0.010
2026-05-08T12:03:14;q_learning_train;level_3;ai;timeout;300;195;0;4.763,;-0.010
2026-05-08T12:03:14;q_learning_train;level_3;ai;timeout;300;215;0;4.765,;-0.010
2026-05-08T12:03:14;q_learning_train;level_3;ai;timeout;300;215;0;4.766,;-0.010
2026-05-08T12:03:14;q_learning_train;level_3;ai;timeout;300;205;0;4.767,;-0.010
2026-05-08T12:03:14;q_learning_train;level_3;ai;timeout;300;208;0;4.768,;-0.010
2026-05-08T12:03:14;q_learning_train;level_3;ai;timeout;300;226;0;4.769,;-0.010
2026-05-08T12:03:14;q_learning_train;level_3;ai;timeout;300;195;0;4.770,;-0.010
2026-05-08T12:03:14;q_learning_train;level_3;ai;timeout;300;212;0;4.771,;-0.010
2026-05-08T12:03:14;q_learning_train;level_3;ai;timeout;300;216;0;4.772,;-0.010
2026-05-08T12:03:14;q_learning_train;level_3;ai;timeout;300;213;0;4.772,;-0.010
2026-05-08T12:03:14;q_learning_train;level_3;ai;timeout;300;214;0;4.773,;-0.010
2026-05-08T12:03:14;q_learning_train;level_3;ai;timeout;300;223;0;4.774,;-0.010
2026-05-08T12:03:14;q_learning_train;level_3;ai;timeout;300;210;0;4.775,;-0.010
2026-05-08T12:03:14;q_learning_train;level_3;ai;timeout;300;272;0;4.776,;-0.010
2026-05-08T12:03:14;q_learning_train;level_3;ai;timeout;300;197;0;4.776,;-0.010
2026-05-08T12:03:14;q_learning_train;level_3;ai;timeout;300;271;0;4.777,;-0.010
2026-05-08T12:03:14;q_learning_train;level_3;ai;timeout;300;216;0;4.778,;-0.010
2026-05-08T12:03:14;q_learning_train;level_3;ai;timeout;300;202;0;4.779,;-0.010
2026-05-08T12:03:14;q_learning_train;level_3;ai;timeout;300;206;0;4.780,;-0.010
2026-05-08T12:03:14;q_learning_train;level_3;ai;timeout;300;222;0;4.781,;-0.010
2026-05-08T12:03:14;q_learning_train;level_3;ai;timeout;300;214;0;4.782,;-0.010
2026-05-08T12:03:14;q_learning_train;level_3;ai;timeout;300;196;0;4.783,;-0.010
2026-05-08T12:03:14;q_learning_train;level_3;ai;timeout;300;214;0;4.784,;-0.010
2026-05-08T12:03:14;q_learning_train;level_3;ai;timeout;300;203;0;4.784,;-0.010
2026-05-08T12:03:14;q_learning_evaluation;level_3;ai;timeout;300;300;0;0.048,;-0.010
2026-05-08T12:03:14;q_learning_evaluation;level_3;ai;timeout;300;300;0;0.048,;-0.010
2026-05-08T12:03:14;q_learning_evaluation;level_3;ai;timeout;300;300;0;0.049,;-0.010
2026-05-08T12:03:14;q_learning_evaluation;level_3;ai;timeout;300;300;0;0.047,;-0.010
2026-05-08T12:03:14;q_learning_evaluation;level_3;ai;timeout;300;300;0;0.048,;-0.010
2026-05-08T12:03:45;q_learning_preview;level_3;ai;timeout;300;300;0;30.174,;-0.010
2026-05-08T12:03:46;q_learning_train;level_4;ai;complete;43;42;0;0.880,;150.740
2026-05-08T12:03:46;q_learning_train;level_4;ai;complete;43;43;0;0.883,;150.740
2026-05-08T12:03:46;q_learning_train;level_4;ai;complete;44;43;0;0.904,;150.740
2026-05-08T12:03:46;q_learning_train;level_4;ai;complete;44;42;0;0.906,;150.740
2026-05-08T12:03:46;q_learning_train;level_4;ai;complete;45;44;0;0.925,;150.740
2026-05-08T12:03:46;q_learning_train;level_4;ai;complete;62;58;0;1.253,;147.459
2026-05-08T12:03:46;q_learning_train;level_4;ai;complete;63;60;0;1.266,;146.296
2026-05-08T12:03:46;q_learning_train;level_4;ai;complete;63;60;0;1.268,;146.296
2026-05-08T12:03:46;q_learning_train;level_4;ai;complete;69;62;0;1.374,;143.611
2026-05-08T12:03:46;q_learning_train;level_4;ai;complete;88;87;0;1.701,;132.741
2026-05-08T12:03:50;q_learning_train;level_4;ai;timeout;300;236;0;5.027,;-0.010
2026-05-08T12:03:50;q_learning_train;level_4;ai;timeout;300;243;0;5.028,;-0.010
2026-05-08T12:03:50;q_learning_train;level_4;ai;timeout;300;236;0;5.030,;-0.010
2026-05-08T12:03:50;q_learning_train;level_4;ai;timeout;300;236;0;5.031,;-0.010
2026-05-08T12:03:50;q_learning_train;level_4;ai;timeout;300;229;0;5.032,;-0.010
2026-05-08T12:03:50;q_learning_train;level_4;ai;timeout;300;246;0;5.032,;-0.010
2026-05-08T12:03:50;q_learning_train;level_4;ai;timeout;300;240;0;5.033,;-0.010
2026-05-08T12:03:50;q_learning_train;level_4;ai;timeout;300;240;0;5.034,;-0.010
2026-05-08T12:03:50;q_learning_train;level_4;ai;timeout;300;227;0;5.035,;-0.010
2026-05-08T12:03:50;q_learning_train;level_4;ai;timeout;300;241;0;5.035,;-0.010
2026-05-08T12:03:50;q_learning_train;level_4;ai;timeout;300;236;0;5.036,;-0.010
2026-05-08T12:03:50;q_learning_train;level_4;ai;timeout;300;243;0;5.037,;-0.010
2026-05-08T12:03:50;q_learning_train;level_4;ai;timeout;300;238;0;5.038,;-0.010
2026-05-08T12:03:50;q_learning_train;level_4;ai;timeout;300;243;0;5.038,;-0.010
2026-05-08T12:03:50;q_learning_train;level_4;ai;timeout;300;234;0;5.039,;-0.010
2026-05-08T12:03:50;q_learning_train;level_4;ai;timeout;300;236;0;5.040,;-0.010
2026-05-08T12:03:50;q_learning_train;level_4;ai;timeout;300;240;0;5.041,;-0.010
2026-05-08T12:03:50;q_learning_train;level_4;ai;timeout;300;240;0;5.041,;-0.010
2026-05-08T12:03:50;q_learning_train;level_4;ai;timeout;300;241;0;5.042,;0.740
2026-05-08T12:03:50;q_learning_train;level_4;ai;timeout;300;226;0;5.043,;-0.010
2026-05-08T12:03:50;q_learning_train;level_4;ai;timeout;300;242;0;5.044,;-0.010
2026-05-08T12:03:50;q_learning_train;level_4;ai;timeout;300;241;0;5.045,;-0.010
2026-05-08T12:03:50;q_learning_train;level_4;ai;timeout;300;245;0;5.045,;-0.010
2026-05-08T12:03:50;q_learning_train;level_4;ai;timeout;300;233;0;5.046,;-0.010
2026-05-08T12:03:50;q_learning_train;level_4;ai;timeout;300;246;0;5.047,;-0.010
2026-05-08T12:03:50;q_learning_train;level_4;ai;timeout;300;231;0;5.048,;-0.010
2026-05-08T12:03:50;q_learning_train;level_4;ai;timeout;300;234;0;5.048,;-0.010
2026-05-08T12:03:50;q_learning_train;level_4;ai;timeout;300;237;0;5.049,;-0.010
2026-05-08T12:03:50;q_learning_train;level_4;ai;timeout;300;242;0;5.050,;-0.010
2026-05-08T12:03:50;q_learning_train;level_4;ai;timeout;300;231;0;5.050,;-0.010
2026-05-08T12:03:50;q_learning_train;level_4;ai;timeout;300;244;0;5.051,;-0.010
2026-05-08T12:03:50;q_learning_train;level_4;ai;timeout;300;236;0;5.052,;-0.010
2026-05-08T12:03:50;q_learning_train;level_4;ai;timeout;300;238;0;5.053,;-0.010
2026-05-08T12:03:50;q_learning_train;level_4;ai;timeout;300;235;0;5.081,;-0.010
2026-05-08T12:03:50;q_learning_train;level_4;ai;timeout;300;229;0;5.082,;-0.010
2026-05-08T12:03:50;q_learning_train;level_4;ai;timeout;300;241;0;5.083,;-0.010
2026-05-08T12:03:50;q_learning_train;level_4;ai;timeout;300;241;0;5.084,;-0.010
2026-05-08T12:03:50;q_learning_train;level_4;ai;timeout;300;237;0;5.085,;-0.010
2026-05-08T12:03:50;q_learning_train;level_4;ai;timeout;300;234;0;5.086,;-0.010
2026-05-08T12:03:50;q_learning_train;level_4;ai;timeout;300;232;0;5.087,;-0.010
2026-05-08T12:03:50;q_learning_train;level_4;ai;timeout;300;244;0;5.087,;-0.010
2026-05-08T12:03:50;q_learning_train;level_4;ai;timeout;300;231;0;5.088,;-0.010
2026-05-08T12:03:50;q_learning_train;level_4;ai;timeout;300;236;0;5.090,;-0.010
2026-05-08T12:03:50;q_learning_train;level_4;ai;timeout;300;243;0;5.091,;-0.010
2026-05-08T12:03:50;q_learning_train;level_4;ai;timeout;300;245;0;5.092,;-0.010
2026-05-08T12:03:50;q_learning_train;level_4;ai;timeout;300;232;0;5.093,;-0.010
2026-05-08T12:03:50;q_learning_train;level_4;ai;timeout;300;234;0;5.094,;-0.010
2026-05-08T12:03:50;q_learning_train;level_4;ai;timeout;300;239;0;5.095,;-0.010
2026-05-08T12:03:50;q_learning_train;level_4;ai;timeout;300;241;0;5.096,;-0.010
2026-05-08T12:03:50;q_learning_train;level_4;ai;timeout;300;239;0;5.097,;-0.010
2026-05-08T12:03:50;q_learning_train;level_4;ai;timeout;300;228;0;5.098,;-0.010
2026-05-08T12:03:50;q_learning_train;level_4;ai;timeout;300;237;0;5.098,;-0.010
2026-05-08T12:03:50;q_learning_train;level_4;ai;timeout;300;254;0;5.099,;-0.010
2026-05-08T12:03:50;q_learning_train;level_4;ai;timeout;300;229;0;5.100,;-0.010
2026-05-08T12:03:50;q_learning_train;level_4;ai;timeout;300;241;0;5.101,;-0.010
2026-05-08T12:03:50;q_learning_train;level_4;ai;timeout;300;232;0;5.102,;-0.010
2026-05-08T12:03:50;q_learning_train;level_4;ai;timeout;300;250;0;5.103,;-0.010
2026-05-08T12:03:50;q_learning_train;level_4;ai;timeout;300;228;0;5.104,;-0.010
2026-05-08T12:03:50;q_learning_train;level_4;ai;timeout;300;235;0;5.105,;-0.010
2026-05-08T12:03:50;q_learning_train;level_4;ai;timeout;300;237;0;5.106,;-0.010
2026-05-08T12:03:50;q_learning_train;level_4;ai;timeout;300;248;0;5.107,;-0.010
2026-05-08T12:03:50;q_learning_train;level_4;ai;timeout;300;228;0;5.108,;-0.010
2026-05-08T12:03:50;q_learning_train;level_4;ai;timeout;300;239;0;5.109,;-0.010
2026-05-08T12:03:50;q_learning_train;level_4;ai;timeout;300;232;0;5.110,;-0.010
2026-05-08T12:03:50;q_learning_train;level_4;ai;timeout;300;247;0;5.110,;-0.010
2026-05-08T12:03:50;q_learning_train;level_4;ai;timeout;300;239;0;5.111,;-0.010
2026-05-08T12:03:50;q_learning_train;level_4;ai;timeout;300;236;0;5.112,;-0.010
2026-05-08T12:03:50;q_learning_train;level_4;ai;timeout;300;238;0;5.113,;-0.010
2026-05-08T12:03:50;q_learning_train;level_4;ai;timeout;300;245;0;5.113,;-0.010
2026-05-08T12:03:50;q_learning_train;level_4;ai;timeout;300;233;0;5.114,;-0.010
2026-05-08T12:03:50;q_learning_train;level_4;ai;timeout;300;254;0;5.115,;-0.010
2026-05-08T12:03:50;q_learning_train;level_4;ai;timeout;300;232;0;5.116,;-0.010
2026-05-08T12:03:50;q_learning_train;level_4;ai;timeout;300;237;0;5.117,;-0.010
2026-05-08T12:03:50;q_learning_train;level_4;ai;timeout;300;232;0;5.118,;-0.010
2026-05-08T12:03:50;q_learning_train;level_4;ai;timeout;300;249;0;5.119,;-0.010
2026-05-08T12:03:50;q_learning_train;level_4;ai;timeout;300;231;0;5.121,;-0.010
2026-05-08T12:03:50;q_learning_train;level_4;ai;timeout;300;237;0;5.122,;-0.010
2026-05-08T12:03:50;q_learning_train;level_4;ai;timeout;300;233;0;5.123,;-0.010
2026-05-08T12:03:50;q_learning_train;level_4;ai;timeout;300;247;0;5.124,;-0.010
2026-05-08T12:03:50;q_learning_train;level_4;ai;timeout;300;238;0;5.124,;-0.010
2026-05-08T12:03:50;q_learning_train;level_4;ai;timeout;300;243;0;5.125,;-0.010
2026-05-08T12:03:50;q_learning_train;level_4;ai;timeout;300;225;0;5.126,;-0.010
2026-05-08T12:03:50;q_learning_train;level_4;ai;timeout;300;247;0;5.127,;-0.010
2026-05-08T12:03:50;q_learning_train;level_4;ai;timeout;300;235;0;5.128,;-0.010
2026-05-08T12:03:50;q_learning_train;level_4;ai;timeout;300;248;0;5.128,;-0.010
2026-05-08T12:03:50;q_learning_train;level_4;ai;timeout;300;235;0;5.129,;-0.010
2026-05-08T12:03:50;q_learning_train;level_4;ai;timeout;300;234;0;5.130,;-0.010
2026-05-08T12:03:50;q_learning_train;level_4;ai;timeout;300;235;0;5.131,;-0.010
2026-05-08T12:03:50;q_learning_train;level_4;ai;timeout;300;237;0;5.132,;-0.010
2026-05-08T12:03:50;q_learning_train;level_4;ai;timeout;300;236;0;5.133,;-0.010
2026-05-08T12:03:50;q_learning_evaluation;level_4;ai;timeout;300;300;0;0.034,;-0.010
2026-05-08T12:03:50;q_learning_evaluation;level_4;ai;timeout;300;300;0;0.034,;-0.010
2026-05-08T12:03:50;q_learning_evaluation;level_4;ai;timeout;300;300;0;0.035,;-0.010
2026-05-08T12:03:50;q_learning_evaluation;level_4;ai;timeout;300;300;0;0.035,;-0.010
2026-05-08T12:03:50;q_learning_evaluation;level_4;ai;timeout;300;300;0;0.034,;-0.010
2026-05-08T12:04:20;q_learning_preview;level_4;ai;timeout;300;300;0;30.173,;-0.010
2026-05-08T12:04:21;q_learning_train;level_4;ai;complete;19;19;0;0.406,;150.740
2026-05-08T12:04:21;q_learning_train;level_4;ai;complete;19;19;0;0.408,;150.740
2026-05-08T12:04:21;q_learning_train;level_4;ai;complete;19;19;0;0.411,;150.740
2026-05-08T12:04:21;q_learning_train;level_4;ai;complete;19;19;0;0.414,;150.740
2026-05-08T12:04:21;q_learning_train;level_4;ai;complete;20;20;0;0.428,;150.740
2026-05-08T12:04:21;q_learning_train;level_4;ai;complete;20;20;0;0.431,;150.740
2026-05-08T12:04:21;q_learning_train;level_4;ai;complete;20;20;0;0.434,;150.740
2026-05-08T12:04:21;q_learning_train;level_4;ai;complete;21;21;0;0.449,;150.740
2026-05-08T12:04:26;q_learning_train;level_4;ai;timeout;300;220;0;5.023,;-0.010
2026-05-08T12:04:26;q_learning_train;level_4;ai;timeout;300;245;0;5.024,;-0.010
2026-05-08T12:04:26;q_learning_train;level_4;ai;timeout;300;231;0;5.025,;-0.010
2026-05-08T12:04:26;q_learning_train;level_4;ai;timeout;300;228;0;5.026,;-0.010
2026-05-08T12:04:26;q_learning_train;level_4;ai;timeout;300;223;0;5.026,;-0.010
2026-05-08T12:04:26;q_learning_train;level_4;ai;timeout;300;240;0;5.027,;-0.010
2026-05-08T12:04:26;q_learning_train;level_4;ai;timeout;300;233;0;5.028,;-0.010
2026-05-08T12:04:26;q_learning_train;level_4;ai;timeout;300;228;0;5.028,;-0.010
2026-05-08T12:04:26;q_learning_train;level_4;ai;timeout;300;225;0;5.029,;-0.010
2026-05-08T12:04:26;q_learning_train;level_4;ai;timeout;300;233;0;5.030,;-0.010
2026-05-08T12:04:26;q_learning_train;level_4;ai;timeout;300;242;0;5.031,;-0.010
2026-05-08T12:04:26;q_learning_train;level_4;ai;timeout;300;229;0;5.031,;-0.010
2026-05-08T12:04:26;q_learning_train;level_4;ai;timeout;300;230;0;5.032,;-0.010
2026-05-08T12:04:26;q_learning_train;level_4;ai;timeout;300;220;0;5.033,;-0.010
2026-05-08T12:04:26;q_learning_train;level_4;ai;timeout;300;246;0;5.034,;-0.010
2026-05-08T12:04:26;q_learning_train;level_4;ai;timeout;300;224;0;5.034,;-0.010
2026-05-08T12:04:26;q_learning_train;level_4;ai;timeout;300;237;0;5.035,;-0.010
2026-05-08T12:04:26;q_learning_train;level_4;ai;timeout;300;223;0;5.036,;-0.010
2026-05-08T12:04:26;q_learning_train;level_4;ai;timeout;300;245;0;5.037,;-0.010
2026-05-08T12:04:26;q_learning_train;level_4;ai;timeout;300;225;0;5.037,;-0.010
2026-05-08T12:04:26;q_learning_train;level_4;ai;timeout;300;236;0;5.038,;-0.010
2026-05-08T12:04:26;q_learning_train;level_4;ai;timeout;300;218;0;5.039,;-0.010
2026-05-08T12:04:26;q_learning_train;level_4;ai;timeout;300;241;0;5.040,;-0.010
2026-05-08T12:04:26;q_learning_train;level_4;ai;timeout;300;225;0;5.041,;-0.010
2026-05-08T12:04:26;q_learning_train;level_4;ai;timeout;300;246;0;5.041,;-0.010
2026-05-08T12:04:26;q_learning_train;level_4;ai;timeout;300;221;0;5.042,;-0.010
2026-05-08T12:04:26;q_learning_train;level_4;ai;timeout;300;242;0;5.043,;-0.010
2026-05-08T12:04:26;q_learning_train;level_4;ai;timeout;300;209;0;5.044,;-0.010
2026-05-08T12:04:26;q_learning_train;level_4;ai;timeout;300;247;0;5.044,;-0.010
2026-05-08T12:04:26;q_learning_train;level_4;ai;timeout;300;227;0;5.045,;-0.010
2026-05-08T12:04:26;q_learning_train;level_4;ai;timeout;300;233;0;5.046,;-0.010
2026-05-08T12:04:26;q_learning_train;level_4;ai;timeout;300;221;0;5.047,;-0.010
2026-05-08T12:04:26;q_learning_train;level_4;ai;timeout;300;248;0;5.047,;-0.010
2026-05-08T12:04:26;q_learning_train;level_4;ai;timeout;300;222;0;5.048,;-0.010
2026-05-08T12:04:26;q_learning_train;level_4;ai;timeout;300;236;0;5.049,;-0.010
2026-05-08T12:04:26;q_learning_train;level_4;ai;timeout;300;224;0;5.049,;-0.010
2026-05-08T12:04:26;q_learning_train;level_4;ai;timeout;300;252;0;5.050,;-0.010
2026-05-08T12:04:26;q_learning_train;level_4;ai;timeout;300;216;0;5.050,;-0.010
2026-05-08T12:04:26;q_learning_train;level_4;ai;timeout;300;230;0;5.051,;-0.010
2026-05-08T12:04:26;q_learning_train;level_4;ai;timeout;300;240;0;5.052,;-0.010
2026-05-08T12:04:26;q_learning_train;level_4;ai;timeout;300;245;0;5.053,;-0.010
2026-05-08T12:04:26;q_learning_train;level_4;ai;timeout;300;222;0;5.053,;-0.010
2026-05-08T12:04:26;q_learning_train;level_4;ai;timeout;300;219;0;5.054,;-0.010
2026-05-08T12:04:26;q_learning_train;level_4;ai;timeout;300;238;0;5.055,;-0.010
2026-05-08T12:04:26;q_learning_train;level_4;ai;timeout;300;240;0;5.055,;-0.010
2026-05-08T12:04:26;q_learning_train;level_4;ai;timeout;300;229;0;5.056,;-0.010
2026-05-08T12:04:26;q_learning_train;level_4;ai;timeout;300;232;0;5.057,;-0.010
2026-05-08T12:04:26;q_learning_train;level_4;ai;timeout;300;228;0;5.057,;-0.010
2026-05-08T12:04:26;q_learning_train;level_4;ai;timeout;300;244;0;5.058,;-0.010
2026-05-08T12:04:26;q_learning_train;level_4;ai;timeout;300;226;0;5.059,;-0.010
2026-05-08T12:04:26;q_learning_train;level_4;ai;timeout;300;222;0;5.059,;-0.010
2026-05-08T12:04:26;q_learning_train;level_4;ai;timeout;300;237;0;5.060,;-0.010
2026-05-08T12:04:26;q_learning_train;level_4;ai;timeout;300;238;0;5.071,;-0.010
2026-05-08T12:04:26;q_learning_train;level_4;ai;timeout;300;231;0;5.072,;-0.010
2026-05-08T12:04:26;q_learning_train;level_4;ai;timeout;300;221;0;5.073,;-0.010
2026-05-08T12:04:26;q_learning_train;level_4;ai;timeout;300;227;0;5.074,;-0.010
2026-05-08T12:04:26;q_learning_train;level_4;ai;timeout;300;241;0;5.075,;-0.010
2026-05-08T12:04:26;q_learning_train;level_4;ai;timeout;300;237;0;5.076,;-0.010
2026-05-08T12:04:26;q_learning_train;level_4;ai;timeout;300;223;0;5.077,;-0.010
2026-05-08T12:04:26;q_learning_train;level_4;ai;timeout;300;231;0;5.078,;-0.010
2026-05-08T12:04:26;q_learning_train;level_4;ai;timeout;300;239;0;5.079,;-0.010
2026-05-08T12:04:26;q_learning_train;level_4;ai;timeout;300;240;0;5.080,;-0.010
2026-05-08T12:04:26;q_learning_train;level_4;ai;timeout;300;219;0;5.081,;-0.010
2026-05-08T12:04:26;q_learning_train;level_4;ai;timeout;300;224;0;5.081,;-0.010
2026-05-08T12:04:26;q_learning_train;level_4;ai;timeout;300;244;0;5.082,;-0.010
2026-05-08T12:04:26;q_learning_train;level_4;ai;timeout;300;241;0;5.083,;-0.010
2026-05-08T12:04:26;q_learning_train;level_4;ai;timeout;300;227;0;5.084,;-0.010
2026-05-08T12:04:26;q_learning_train;level_4;ai;timeout;300;220;0;5.085,;-0.010
2026-05-08T12:04:26;q_learning_train;level_4;ai;timeout;300;238;0;5.086,;-0.010
2026-05-08T12:04:26;q_learning_train;level_4;ai;timeout;300;240;0;5.087,;-0.010
2026-05-08T12:04:26;q_learning_train;level_4;ai;timeout;300;232;0;5.087,;-0.010
2026-05-08T12:04:26;q_learning_train;level_4;ai;timeout;300;224;0;5.088,;-0.010
2026-05-08T12:04:26;q_learning_train;level_4;ai;timeout;300;229;0;5.089,;-0.010
2026-05-08T12:04:26;q_learning_train;level_4;ai;timeout;300;248;0;5.090,;-0.010
2026-05-08T12:04:26;q_learning_train;level_4;ai;timeout;300;220;0;5.091,;-0.010
2026-05-08T12:04:26;q_learning_train;level_4;ai;timeout;300;230;0;5.092,;-0.010
2026-05-08T12:04:26;q_learning_train;level_4;ai;timeout;300;223;0;5.093,;-0.010
2026-05-08T12:04:26;q_learning_train;level_4;ai;timeout;300;243;0;5.094,;-0.010
2026-05-08T12:04:26;q_learning_train;level_4;ai;timeout;300;237;0;5.095,;-0.010
2026-05-08T12:04:26;q_learning_train;level_4;ai;timeout;300;226;0;5.095,;-0.010
2026-05-08T12:04:26;q_learning_train;level_4;ai;timeout;300;228;0;5.096,;-0.010
2026-05-08T12:04:26;q_learning_train;level_4;ai;timeout;300;235;0;5.097,;-0.010
2026-05-08T12:04:26;q_learning_train;level_4;ai;timeout;300;234;0;5.099,;-0.010
2026-05-08T12:04:26;q_learning_train;level_4;ai;timeout;300;224;0;5.100,;-0.010
2026-05-08T12:04:26;q_learning_train;level_4;ai;timeout;300;231;0;5.101,;-0.010
2026-05-08T12:04:26;q_learning_train;level_4;ai;timeout;300;237;0;5.102,;-0.010
2026-05-08T12:04:26;q_learning_train;level_4;ai;timeout;300;236;0;5.103,;-0.010
2026-05-08T12:04:26;q_learning_train;level_4;ai;timeout;300;221;0;5.103,;-0.010
2026-05-08T12:04:26;q_learning_train;level_4;ai;timeout;300;223;0;5.104,;-0.010
2026-05-08T12:04:26;q_learning_train;level_4;ai;timeout;300;247;0;5.105,;-0.010
2026-05-08T12:04:26;q_learning_train;level_4;ai;timeout;300;228;0;5.106,;-0.010
2026-05-08T12:04:26;q_learning_train;level_4;ai;timeout;300;232;0;5.107,;-0.010
2026-05-08T12:04:26;q_learning_evaluation;level_4;ai;timeout;300;10;0;0.034,;-0.010
2026-05-08T12:04:26;q_learning_evaluation;level_4;ai;timeout;300;10;0;0.034,;-0.010
2026-05-08T12:04:26;q_learning_evaluation;level_4;ai;timeout;300;10;0;0.035,;-0.010
2026-05-08T12:04:26;q_learning_evaluation;level_4;ai;timeout;300;10;0;0.038,;-0.010
2026-05-08T12:04:26;q_learning_evaluation;level_4;ai;timeout;300;10;0;0.034,;-0.010
2026-05-08T12:04:56;q_learning_preview;level_4;ai;timeout;300;10;0;30.188,;-0.010
2026-05-08T12:04:57;q_learning_train;level_4;ai;complete;27;26;0;0.583,;150.740
2026-05-08T12:04:57;q_learning_train;level_4;ai;complete;27;26;0;0.587,;150.740
2026-05-08T12:04:57;q_learning_train;level_4;ai;complete;28;26;0;0.607,;150.740
2026-05-08T12:05:02;q_learning_train;level_4;ai;timeout;300;232;0;5.392,;-0.010
2026-05-08T12:05:02;q_learning_train;level_4;ai;timeout;300;227;0;5.393,;-0.010
2026-05-08T12:05:02;q_learning_train;level_4;ai;timeout;300;234;0;5.395,;-0.010
2026-05-08T12:05:02;q_learning_train;level_4;ai;timeout;300;234;0;5.396,;-0.010
2026-05-08T12:05:02;q_learning_train;level_4;ai;timeout;300;235;0;5.397,;-0.010
2026-05-08T12:05:02;q_learning_train;level_4;ai;timeout;300;222;0;5.398,;-0.010
2026-05-08T12:05:02;q_learning_train;level_4;ai;timeout;300;246;0;5.399,;-0.010
2026-05-08T12:05:02;q_learning_train;level_4;ai;timeout;300;228;0;5.400,;-0.010
2026-05-08T12:05:02;q_learning_train;level_4;ai;timeout;300;236;0;5.401,;-0.010
2026-05-08T12:05:02;q_learning_train;level_4;ai;timeout;300;223;0;5.402,;-0.010
2026-05-08T12:05:02;q_learning_train;level_4;ai;timeout;300;236;0;5.403,;-0.010
2026-05-08T12:05:02;q_learning_train;level_4;ai;timeout;300;234;0;5.403,;-0.010
2026-05-08T12:05:02;q_learning_train;level_4;ai;timeout;300;244;0;5.404,;-0.010
2026-05-08T12:05:02;q_learning_train;level_4;ai;timeout;300;215;0;5.405,;-0.010
2026-05-08T12:05:02;q_learning_train;level_4;ai;timeout;300;243;0;5.406,;-0.010
2026-05-08T12:05:02;q_learning_train;level_4;ai;timeout;300;230;0;5.407,;-0.010
2026-05-08T12:05:02;q_learning_train;level_4;ai;timeout;300;240;0;5.408,;-0.010
2026-05-08T12:05:02;q_learning_train;level_4;ai;timeout;300;223;0;5.408,;-0.010
2026-05-08T12:05:02;q_learning_train;level_4;ai;timeout;300;237;0;5.409,;-0.010
2026-05-08T12:05:02;q_learning_train;level_4;ai;timeout;300;234;0;5.410,;-0.010
2026-05-08T12:05:02;q_learning_train;level_4;ai;timeout;300;237;0;5.411,;-0.010
2026-05-08T12:05:02;q_learning_train;level_4;ai;timeout;300;224;0;5.412,;-0.010
2026-05-08T12:05:02;q_learning_train;level_4;ai;timeout;300;237;0;5.413,;-0.010
2026-05-08T12:05:02;q_learning_train;level_4;ai;timeout;300;227;0;5.414,;-0.010
2026-05-08T12:05:02;q_learning_train;level_4;ai;timeout;300;242;0;5.415,;0.740
2026-05-08T12:05:02;q_learning_train;level_4;ai;timeout;300;232;0;5.416,;-0.010
2026-05-08T12:05:02;q_learning_train;level_4;ai;timeout;300;231;0;5.417,;-0.010
2026-05-08T12:05:02;q_learning_train;level_4;ai;timeout;300;241;0;5.417,;-0.010
2026-05-08T12:05:02;q_learning_train;level_4;ai;timeout;300;233;0;5.418,;-0.010
2026-05-08T12:05:02;q_learning_train;level_4;ai;timeout;300;230;0;5.419,;-0.010
2026-05-08T12:05:02;q_learning_train;level_4;ai;timeout;300;233;0;5.420,;-0.010
2026-05-08T12:05:02;q_learning_train;level_4;ai;timeout;300;236;0;5.421,;-0.010
2026-05-08T12:05:02;q_learning_train;level_4;ai;timeout;300;234;0;5.422,;-0.010
2026-05-08T12:05:02;q_learning_train;level_4;ai;timeout;300;231;0;5.423,;-0.010
2026-05-08T12:05:02;q_learning_train;level_4;ai;timeout;300;231;0;5.424,;-0.010
2026-05-08T12:05:02;q_learning_train;level_4;ai;timeout;300;246;0;5.425,;-0.010
2026-05-08T12:05:02;q_learning_train;level_4;ai;timeout;300;228;0;5.426,;-0.010
2026-05-08T12:05:02;q_learning_train;level_4;ai;timeout;300;236;0;5.427,;-0.010
2026-05-08T12:05:02;q_learning_train;level_4;ai;timeout;300;231;0;5.428,;-0.010
2026-05-08T12:05:02;q_learning_train;level_4;ai;timeout;300;244;0;5.429,;-0.010
2026-05-08T12:05:02;q_learning_train;level_4;ai;timeout;300;231;0;5.430,;-0.010
2026-05-08T12:05:02;q_learning_train;level_4;ai;timeout;300;232;0;5.431,;-0.010
2026-05-08T12:05:02;q_learning_train;level_4;ai;timeout;300;235;0;5.431,;-0.010
2026-05-08T12:05:02;q_learning_train;level_4;ai;timeout;300;227;0;5.432,;-0.010
2026-05-08T12:05:02;q_learning_train;level_4;ai;timeout;300;237;0;5.433,;-0.010
2026-05-08T12:05:02;q_learning_train;level_4;ai;timeout;300;226;0;5.434,;-0.010
2026-05-08T12:05:02;q_learning_train;level_4;ai;timeout;300;246;0;5.435,;-0.010
2026-05-08T12:05:02;q_learning_train;level_4;ai;timeout;300;234;0;5.435,;-0.010
2026-05-08T12:05:02;q_learning_train;level_4;ai;timeout;300;234;0;5.436,;-0.010
2026-05-08T12:05:02;q_learning_train;level_4;ai;timeout;300;228;0;5.437,;-0.010
2026-05-08T12:05:02;q_learning_train;level_4;ai;timeout;300;235;0;5.438,;-0.010
2026-05-08T12:05:02;q_learning_train;level_4;ai;timeout;300;234;0;5.439,;-0.010
2026-05-08T12:05:02;q_learning_train;level_4;ai;timeout;300;237;0;5.440,;-0.010
2026-05-08T12:05:02;q_learning_train;level_4;ai;timeout;300;222;0;5.441,;-0.010
2026-05-08T12:05:02;q_learning_train;level_4;ai;timeout;300;241;0;5.441,;-0.010
2026-05-08T12:05:02;q_learning_train;level_4;ai;timeout;300;239;0;5.442,;-0.010
2026-05-08T12:05:02;q_learning_train;level_4;ai;timeout;300;238;0;5.443,;-0.010
2026-05-08T12:05:02;q_learning_train;level_4;ai;timeout;300;224;0;5.444,;-0.010
2026-05-08T12:05:02;q_learning_train;level_4;ai;timeout;300;234;0;5.445,;-0.010
2026-05-08T12:05:02;q_learning_train;level_4;ai;timeout;300;236;0;5.446,;-0.010
2026-05-08T12:05:02;q_learning_train;level_4;ai;timeout;300;237;0;5.447,;-0.010
2026-05-08T12:05:02;q_learning_train;level_4;ai;timeout;300;226;0;5.448,;-0.010
2026-05-08T12:05:02;q_learning_train;level_4;ai;timeout;300;241;0;5.448,;-0.010
2026-05-08T12:05:02;q_learning_train;level_4;ai;timeout;300;299;0;5.449,;-0.010
2026-05-08T12:05:02;q_learning_train;level_4;ai;timeout;300;235;0;5.450,;-0.010
2026-05-08T12:05:02;q_learning_train;level_4;ai;timeout;300;233;0;5.451,;-0.010
2026-05-08T12:05:02;q_learning_train;level_4;ai;timeout;300;229;0;5.452,;-0.010
2026-05-08T12:05:02;q_learning_train;level_4;ai;timeout;300;239;0;5.453,;-0.010
2026-05-08T12:05:02;q_learning_train;level_4;ai;timeout;300;240;0;5.454,;-0.010
2026-05-08T12:05:02;q_learning_train;level_4;ai;timeout;300;230;0;5.455,;-0.010
2026-05-08T12:05:02;q_learning_train;level_4;ai;timeout;300;223;0;5.456,;-0.010
2026-05-08T12:05:02;q_learning_train;level_4;ai;timeout;300;234;0;5.457,;-0.010
2026-05-08T12:05:02;q_learning_train;level_4;ai;timeout;300;238;0;5.457,;-0.010
2026-05-08T12:05:02;q_learning_train;level_4;ai;timeout;300;238;0;5.458,;-0.010
2026-05-08T12:05:02;q_learning_train;level_4;ai;timeout;300;226;0;5.459,;-0.010
2026-05-08T12:05:02;q_learning_train;level_4;ai;timeout;300;237;0;5.460,;-0.010
2026-05-08T12:05:02;q_learning_train;level_4;ai;timeout;300;239;0;5.461,;-0.010
2026-05-08T12:05:02;q_learning_train;level_4;ai;timeout;300;233;0;5.462,;-0.010
2026-05-08T12:05:02;q_learning_train;level_4;ai;timeout;300;223;0;5.463,;-0.010
2026-05-08T12:05:02;q_learning_train;level_4;ai;timeout;300;242;0;5.464,;-0.010
2026-05-08T12:05:02;q_learning_train;level_4;ai;timeout;300;227;0;5.465,;-0.010
2026-05-08T12:05:02;q_learning_train;level_4;ai;timeout;300;236;0;5.466,;-0.010
2026-05-08T12:05:02;q_learning_train;level_4;ai;timeout;300;237;0;5.467,;-0.010
2026-05-08T12:05:02;q_learning_train;level_4;ai;timeout;300;236;0;5.468,;-0.010
2026-05-08T12:05:02;q_learning_train;level_4;ai;timeout;300;230;0;5.468,;-0.010
2026-05-08T12:05:02;q_learning_train;level_4;ai;timeout;300;230;0;5.469,;-0.010
2026-05-08T12:05:02;q_learning_train;level_4;ai;timeout;300;236;0;5.470,;-0.010
2026-05-08T12:05:02;q_learning_train;level_4;ai;timeout;300;234;0;5.471,;-0.010
2026-05-08T12:05:02;q_learning_train;level_4;ai;timeout;300;241;0;5.472,;-0.010
2026-05-08T12:05:02;q_learning_train;level_4;ai;timeout;300;231;0;5.473,;-0.010
2026-05-08T12:05:02;q_learning_train;level_4;ai;timeout;300;232;0;5.474,;-0.010
2026-05-08T12:05:02;q_learning_train;level_4;ai;timeout;300;238;0;5.475,;-0.010
2026-05-08T12:05:02;q_learning_train;level_4;ai;timeout;300;230;0;5.475,;-0.010
2026-05-08T12:05:02;q_learning_train;level_4;ai;timeout;300;235;0;5.476,;-0.010
2026-05-08T12:05:02;q_learning_train;level_4;ai;timeout;300;224;0;5.477,;-0.010
2026-05-08T12:05:02;q_learning_train;level_4;ai;timeout;300;243;0;5.478,;-0.010
2026-05-08T12:05:02;q_learning_train;level_4;ai;timeout;300;230;0;5.479,;-0.010
2026-05-08T12:05:02;q_learning_evaluation;level_4;ai;timeout;300;300;0;0.052,;-0.010
2026-05-08T12:05:02;q_learning_evaluation;level_4;ai;timeout;300;300;0;0.053,;-0.010
2026-05-08T12:05:02;q_learning_evaluation;level_4;ai;timeout;300;300;0;0.051,;-0.010
2026-05-08T12:05:02;q_learning_evaluation;level_4;ai;timeout;300;300;0;0.052,;-0.010
2026-05-08T12:05:02;q_learning_evaluation;level_4;ai;timeout;300;300;0;0.053,;-0.010
2026-05-08T12:05:32;q_learning_preview;level_4;ai;timeout;300;300;0;30.182,;-0.010
2026-05-08T12:05:33;q_learning_train;level_4;ai;complete;16;16;0;0.335,;150.740
2026-05-08T12:05:33;q_learning_train;level_4;ai;complete;16;16;0;0.342,;150.740
2026-05-08T12:05:33;q_learning_train;level_4;ai;complete;16;16;0;0.344,;150.740
2026-05-08T12:05:33;q_learning_train;level_4;ai;complete;16;16;0;0.348,;150.740
2026-05-08T12:05:38;q_learning_train;level_4;ai;timeout;300;240;0;5.215,;-0.010
2026-05-08T12:05:38;q_learning_train;level_4;ai;timeout;300;235;0;5.216,;-0.010
2026-05-08T12:05:38;q_learning_train;level_4;ai;timeout;300;228;0;5.217,;-0.010
2026-05-08T12:05:38;q_learning_train;level_4;ai;timeout;300;235;0;5.218,;-0.010
2026-05-08T12:05:38;q_learning_train;level_4;ai;timeout;300;239;0;5.219,;-0.010
2026-05-08T12:05:38;q_learning_train;level_4;ai;timeout;300;230;0;5.220,;-0.010
2026-05-08T12:05:38;q_learning_train;level_4;ai;timeout;300;227;0;5.221,;-0.010
2026-05-08T12:05:38;q_learning_train;level_4;ai;timeout;300;227;0;5.222,;-0.010
2026-05-08T12:05:38;q_learning_train;level_4;ai;timeout;300;247;0;5.223,;-0.010
2026-05-08T12:05:38;q_learning_train;level_4;ai;timeout;300;232;0;5.224,;-0.760
2026-05-08T12:05:38;q_learning_train;level_4;ai;timeout;300;233;0;5.224,;-0.010
2026-05-08T12:05:38;q_learning_train;level_4;ai;timeout;300;228;0;5.225,;-0.010
2026-05-08T12:05:38;q_learning_train;level_4;ai;timeout;300;247;0;5.226,;-0.010
2026-05-08T12:05:38;q_learning_train;level_4;ai;timeout;300;220;0;5.227,;-0.010
2026-05-08T12:05:38;q_learning_train;level_4;ai;timeout;300;237;0;5.227,;-0.010
2026-05-08T12:05:38;q_learning_train;level_4;ai;timeout;300;234;0;5.228,;-0.010
2026-05-08T12:05:38;q_learning_train;level_4;ai;timeout;300;245;0;5.229,;-0.010
2026-05-08T12:05:38;q_learning_train;level_4;ai;timeout;300;223;0;5.230,;-0.010
2026-05-08T12:05:38;q_learning_train;level_4;ai;timeout;300;231;0;5.231,;-0.760
2026-05-08T12:05:38;q_learning_train;level_4;ai;timeout;300;231;0;5.231,;-0.010
2026-05-08T12:05:38;q_learning_train;level_4;ai;timeout;300;242;0;5.232,;-0.010
2026-05-08T12:05:38;q_learning_train;level_4;ai;timeout;300;225;0;5.233,;-0.010
2026-05-08T12:05:38;q_learning_train;level_4;ai;timeout;300;233;0;5.234,;-0.010
2026-05-08T12:05:38;q_learning_train;level_4;ai;timeout;300;232;0;5.235,;-0.010
2026-05-08T12:05:38;q_learning_train;level_4;ai;timeout;300;245;0;5.236,;-0.010
2026-05-08T12:05:38;q_learning_train;level_4;ai;timeout;300;234;0;5.237,;-0.010
2026-05-08T12:05:38;q_learning_train;level_4;ai;timeout;300;229;0;5.237,;-0.010
2026-05-08T12:05:38;q_learning_train;level_4;ai;timeout;300;236;0;5.238,;-0.010
2026-05-08T12:05:38;q_learning_train;level_4;ai;timeout;300;241;0;5.239,;-0.010
2026-05-08T12:05:38;q_learning_train;level_4;ai;timeout;300;229;0;5.240,;-0.010
2026-05-08T12:05:38;q_learning_train;level_4;ai;timeout;300;220;0;5.240,;-0.010
2026-05-08T12:05:38;q_learning_train;level_4;ai;timeout;300;239;0;5.241,;-0.010
2026-05-08T12:05:38;q_learning_train;level_4;ai;timeout;300;240;0;5.242,;-0.010
2026-05-08T12:05:38;q_learning_train;level_4;ai;timeout;300;241;0;5.243,;-0.010
2026-05-08T12:05:38;q_learning_train;level_4;ai;timeout;300;222;0;5.244,;-0.010
2026-05-08T12:05:38;q_learning_train;level_4;ai;timeout;300;240;0;5.245,;-0.010
2026-05-08T12:05:38;q_learning_train;level_4;ai;timeout;300;233;0;5.246,;-0.010
2026-05-08T12:05:38;q_learning_train;level_4;ai;timeout;300;229;0;5.246,;-0.010
2026-05-08T12:05:38;q_learning_train;level_4;ai;timeout;300;225;0;5.247,;-0.010
2026-05-08T12:05:38;q_learning_train;level_4;ai;timeout;300;242;0;5.248,;-0.010
2026-05-08T12:05:38;q_learning_train;level_4;ai;timeout;300;234;0;5.249,;-0.010
2026-05-08T12:05:38;q_learning_train;level_4;ai;timeout;300;232;0;5.250,;-0.010
2026-05-08T12:05:38;q_learning_train;level_4;ai;timeout;300;238;0;5.251,;-0.010
2026-05-08T12:05:38;q_learning_train;level_4;ai;timeout;300;243;0;5.252,;-0.010
2026-05-08T12:05:38;q_learning_train;level_4;ai;timeout;300;228;0;5.252,;-0.010
2026-05-08T12:05:38;q_learning_train;level_4;ai;timeout;300;232;0;5.253,;-0.010
2026-05-08T12:05:38;q_learning_train;level_4;ai;timeout;300;225;0;5.254,;-0.010
2026-05-08T12:05:38;q_learning_train;level_4;ai;timeout;300;252;0;5.254,;-0.010
2026-05-08T12:05:38;q_learning_train;level_4;ai;timeout;300;226;0;5.255,;-0.010
2026-05-08T12:05:38;q_learning_train;level_4;ai;timeout;300;226;0;5.256,;-0.010
2026-05-08T12:05:38;q_learning_train;level_4;ai;timeout;300;236;0;5.257,;-0.010
2026-05-08T12:05:38;q_learning_train;level_4;ai;timeout;300;236;0;5.258,;-0.010
2026-05-08T12:05:38;q_learning_train;level_4;ai;timeout;300;231;0;5.258,;-0.010
2026-05-08T12:05:38;q_learning_train;level_4;ai;timeout;300;230;0;5.259,;-0.010
2026-05-08T12:05:38;q_learning_train;level_4;ai;timeout;300;243;0;5.260,;-0.010
2026-05-08T12:05:38;q_learning_train;level_4;ai;timeout;300;235;0;5.260,;-0.010
2026-05-08T12:05:38;q_learning_train;level_4;ai;timeout;300;240;0;5.261,;-0.010
2026-05-08T12:05:38;q_learning_train;level_4;ai;timeout;300;217;0;5.262,;-0.010
2026-05-08T12:05:38;q_learning_train;level_4;ai;timeout;300;250;0;5.263,;-0.010
2026-05-08T12:05:38;q_learning_train;level_4;ai;timeout;300;234;0;5.264,;-0.010
2026-05-08T12:05:38;q_learning_train;level_4;ai;timeout;300;231;0;5.265,;-0.010
2026-05-08T12:05:38;q_learning_train;level_4;ai;timeout;300;224;0;5.266,;-0.010
2026-05-08T12:05:38;q_learning_train;level_4;ai;timeout;300;243;0;5.266,;-0.010
2026-05-08T12:05:38;q_learning_train;level_4;ai;timeout;300;238;0;5.267,;-0.010
2026-05-08T12:05:38;q_learning_train;level_4;ai;timeout;300;235;0;5.268,;-0.010
2026-05-08T12:05:38;q_learning_train;level_4;ai;timeout;300;228;0;5.269,;-0.010
2026-05-08T12:05:38;q_learning_train;level_4;ai;timeout;300;232;0;5.270,;-0.010
2026-05-08T12:05:38;q_learning_train;level_4;ai;timeout;300;237;0;5.270,;-0.010
2026-05-08T12:05:38;q_learning_train;level_4;ai;timeout;300;241;0;5.271,;-0.010
2026-05-08T12:05:38;q_learning_train;level_4;ai;timeout;300;219;0;5.272,;-0.010
2026-05-08T12:05:38;q_learning_train;level_4;ai;timeout;300;237;0;5.273,;-0.010
2026-05-08T12:05:38;q_learning_train;level_4;ai;timeout;300;241;0;5.274,;-0.010
2026-05-08T12:05:38;q_learning_train;level_4;ai;timeout;300;236;0;5.274,;-0.010
2026-05-08T12:05:38;q_learning_train;level_4;ai;timeout;300;228;0;5.275,;-0.010
2026-05-08T12:05:38;q_learning_train;level_4;ai;timeout;300;220;0;5.276,;-0.010
2026-05-08T12:05:38;q_learning_train;level_4;ai;timeout;300;244;0;5.277,;-0.010
2026-05-08T12:05:38;q_learning_train;level_4;ai;timeout;300;237;0;5.278,;-0.010
2026-05-08T12:05:38;q_learning_train;level_4;ai;timeout;300;224;0;5.279,;-0.010
2026-05-08T12:05:38;q_learning_train;level_4;ai;timeout;300;235;0;5.279,;-0.010
2026-05-08T12:05:38;q_learning_train;level_4;ai;timeout;300;235;0;5.280,;-0.010
2026-05-08T12:05:38;q_learning_train;level_4;ai;timeout;300;246;0;5.281,;-0.010
2026-05-08T12:05:38;q_learning_train;level_4;ai;timeout;300;223;0;5.282,;-0.010
2026-05-08T12:05:38;q_learning_train;level_4;ai;timeout;300;223;0;5.282,;-0.010
2026-05-08T12:05:38;q_learning_train;level_4;ai;timeout;300;244;0;5.283,;-0.010
2026-05-08T12:05:38;q_learning_train;level_4;ai;timeout;300;234;0;5.284,;-0.760
2026-05-08T12:05:38;q_learning_train;level_4;ai;timeout;300;239;0;5.285,;-0.010
2026-05-08T12:05:38;q_learning_train;level_4;ai;timeout;300;220;0;5.286,;-0.010
2026-05-08T12:05:38;q_learning_train;level_4;ai;timeout;300;232;0;5.287,;-0.010
2026-05-08T12:05:38;q_learning_train;level_4;ai;timeout;300;238;0;5.287,;-0.010
2026-05-08T12:05:38;q_learning_train;level_4;ai;timeout;300;235;0;5.288,;-0.010
2026-05-08T12:05:38;q_learning_train;level_4;ai;timeout;300;238;0;5.289,;-0.010
2026-05-08T12:05:38;q_learning_train;level_4;ai;timeout;300;228;0;5.290,;-0.010
2026-05-08T12:05:38;q_learning_train;level_4;ai;timeout;300;244;0;5.290,;-0.010
2026-05-08T12:05:38;q_learning_train;level_4;ai;timeout;300;230;0;5.296,;-0.010
2026-05-08T12:05:38;q_learning_train;level_4;ai;timeout;300;226;0;5.297,;-0.010
2026-05-08T12:05:38;q_learning_train;level_4;ai;timeout;300;236;0;5.298,;-0.010
2026-05-08T12:05:38;q_learning_evaluation;level_4;ai;timeout;300;9;0;0.034,;-0.010
2026-05-08T12:05:38;q_learning_evaluation;level_4;ai;timeout;300;9;0;0.035,;-0.010
2026-05-08T12:05:38;q_learning_evaluation;level_4;ai;timeout;300;9;0;0.034,;-0.010
2026-05-08T12:05:38;q_learning_evaluation;level_4;ai;timeout;300;9;0;0.034,;-0.010
2026-05-08T12:05:38;q_learning_evaluation;level_4;ai;timeout;300;9;0;0.035,;-0.010
2026-05-08T12:06:08;q_learning_preview;level_4;ai;timeout;300;9;0;30.188,;-0.010
2026-05-08T12:06:09;q_learning_train;level_4;ai;complete;17;16;0;0.366,;150.740
2026-05-08T12:06:09;q_learning_train;level_4;ai;complete;17;16;0;0.371,;150.740
2026-05-08T12:06:09;q_learning_train;level_4;ai;complete;19;17;0;0.403,;150.740
2026-05-08T12:06:12;q_learning_train;level_4;ai;complete;227;212;0;4.076,;113.511
2026-05-08T12:06:14;q_learning_train;level_4;ai;timeout;300;217;0;5.333,;-0.010
2026-05-08T12:06:14;q_learning_train;level_4;ai;timeout;300;235;0;5.335,;-0.010
2026-05-08T12:06:14;q_learning_train;level_4;ai;timeout;300;217;0;5.336,;-0.760
2026-05-08T12:06:14;q_learning_train;level_4;ai;timeout;300;221;0;5.337,;-0.010
2026-05-08T12:06:14;q_learning_train;level_4;ai;timeout;300;221;0;5.338,;-0.010
2026-05-08T12:06:14;q_learning_train;level_4;ai;timeout;300;224;0;5.339,;-0.010
2026-05-08T12:06:14;q_learning_train;level_4;ai;timeout;300;219;0;5.340,;-0.010
2026-05-08T12:06:14;q_learning_train;level_4;ai;timeout;300;215;0;5.341,;-0.010
2026-05-08T12:06:14;q_learning_train;level_4;ai;timeout;300;221;0;5.341,;-0.010
2026-05-08T12:06:14;q_learning_train;level_4;ai;timeout;300;225;0;5.342,;-0.010
2026-05-08T12:06:14;q_learning_train;level_4;ai;timeout;300;214;0;5.343,;-0.010
2026-05-08T12:06:14;q_learning_train;level_4;ai;timeout;300;207;0;5.344,;-0.010
2026-05-08T12:06:14;q_learning_train;level_4;ai;timeout;300;222;0;5.344,;-0.010
2026-05-08T12:06:14;q_learning_train;level_4;ai;timeout;300;233;0;5.345,;-0.010
2026-05-08T12:06:14;q_learning_train;level_4;ai;timeout;300;215;0;5.346,;-0.010
2026-05-08T12:06:14;q_learning_train;level_4;ai;timeout;300;212;0;5.347,;-0.010
2026-05-08T12:06:14;q_learning_train;level_4;ai;timeout;300;223;0;5.347,;-0.010
2026-05-08T12:06:14;q_learning_train;level_4;ai;timeout;300;224;0;5.348,;-0.010
2026-05-08T12:06:14;q_learning_train;level_4;ai;timeout;300;220;0;5.349,;-0.010
2026-05-08T12:06:14;q_learning_train;level_4;ai;timeout;300;217;0;5.350,;-0.010
2026-05-08T12:06:14;q_learning_train;level_4;ai;timeout;300;219;0;5.350,;-0.010
2026-05-08T12:06:14;q_learning_train;level_4;ai;timeout;300;224;0;5.351,;-0.010
2026-05-08T12:06:14;q_learning_train;level_4;ai;timeout;300;219;0;5.352,;-0.010
2026-05-08T12:06:14;q_learning_train;level_4;ai;timeout;300;217;0;5.353,;-0.010
2026-05-08T12:06:14;q_learning_train;level_4;ai;timeout;300;224;0;5.354,;-0.010
2026-05-08T12:06:14;q_learning_train;level_4;ai;timeout;300;218;0;5.355,;-0.010
2026-05-08T12:06:14;q_learning_train;level_4;ai;timeout;300;232;0;5.356,;-0.010
2026-05-08T12:06:14;q_learning_train;level_4;ai;timeout;300;224;0;5.357,;-0.010
2026-05-08T12:06:14;q_learning_train;level_4;ai;timeout;300;213;0;5.357,;-0.010
2026-05-08T12:06:14;q_learning_train;level_4;ai;timeout;300;209;0;5.358,;-0.010
2026-05-08T12:06:14;q_learning_train;level_4;ai;timeout;300;223;0;5.359,;-0.010
2026-05-08T12:06:14;q_learning_train;level_4;ai;timeout;300;218;0;5.360,;-0.010
2026-05-08T12:06:14;q_learning_train;level_4;ai;timeout;300;223;0;5.360,;-0.010
2026-05-08T12:06:14;q_learning_train;level_4;ai;timeout;300;221;0;5.361,;-0.010
2026-05-08T12:06:14;q_learning_train;level_4;ai;timeout;300;234;0;5.362,;-0.010
2026-05-08T12:06:14;q_learning_train;level_4;ai;timeout;300;211;0;5.363,;-0.010
2026-05-08T12:06:14;q_learning_train;level_4;ai;timeout;300;227;0;5.363,;-0.010
2026-05-08T12:06:14;q_learning_train;level_4;ai;timeout;300;218;0;5.364,;-0.010
2026-05-08T12:06:14;q_learning_train;level_4;ai;timeout;300;231;0;5.365,;-0.010
2026-05-08T12:06:14;q_learning_train;level_4;ai;timeout;300;211;0;5.366,;-0.010
2026-05-08T12:06:14;q_learning_train;level_4;ai;timeout;300;218;0;5.367,;-0.010
2026-05-08T12:06:14;q_learning_train;level_4;ai;timeout;300;233;0;5.368,;-0.760
2026-05-08T12:06:14;q_learning_train;level_4;ai;timeout;300;216;0;5.369,;-0.010
2026-05-08T12:06:14;q_learning_train;level_4;ai;timeout;300;224;0;5.370,;-0.010
2026-05-08T12:06:14;q_learning_train;level_4;ai;timeout;300;215;0;5.371,;-0.010
2026-05-08T12:06:14;q_learning_train;level_4;ai;timeout;300;226;0;5.372,;-0.010
2026-05-08T12:06:14;q_learning_train;level_4;ai;timeout;300;221;0;5.373,;-0.010
2026-05-08T12:06:14;q_learning_train;level_4;ai;timeout;300;220;0;5.374,;-0.010
2026-05-08T12:06:14;q_learning_train;level_4;ai;timeout;300;221;0;5.375,;-0.010
2026-05-08T12:06:14;q_learning_train;level_4;ai;timeout;300;221;0;5.376,;-0.010
2026-05-08T12:06:14;q_learning_train;level_4;ai;timeout;300;229;0;5.377,;-0.010
2026-05-08T12:06:14;q_learning_train;level_4;ai;timeout;300;223;0;5.378,;-0.010
2026-05-08T12:06:14;q_learning_train;level_4;ai;timeout;300;219;0;5.379,;-0.010
2026-05-08T12:06:14;q_learning_train;level_4;ai;timeout;300;232;0;5.380,;-0.010
2026-05-08T12:06:14;q_learning_train;level_4;ai;timeout;300;219;0;5.381,;-0.010
2026-05-08T12:06:14;q_learning_train;level_4;ai;timeout;300;230;0;5.382,;-0.010
2026-05-08T12:06:14;q_learning_train;level_4;ai;timeout;300;220;0;5.383,;-0.010
2026-05-08T12:06:14;q_learning_train;level_4;ai;timeout;300;228;0;5.384,;-0.010
2026-05-08T12:06:14;q_learning_train;level_4;ai;timeout;300;200;0;5.385,;-0.010
2026-05-08T12:06:14;q_learning_train;level_4;ai;timeout;300;231;0;5.386,;-0.010
2026-05-08T12:06:14;q_learning_train;level_4;ai;timeout;300;216;0;5.387,;-0.010
2026-05-08T12:06:14;q_learning_train;level_4;ai;timeout;300;222;0;5.388,;-0.010
2026-05-08T12:06:14;q_learning_train;level_4;ai;timeout;300;217;0;5.389,;-0.010
2026-05-08T12:06:14;q_learning_train;level_4;ai;timeout;300;230;0;5.390,;-0.010
2026-05-08T12:06:14;q_learning_train;level_4;ai;timeout;300;220;0;5.390,;-0.010
2026-05-08T12:06:14;q_learning_train;level_4;ai;timeout;300;225;0;5.391,;-0.010
2026-05-08T12:06:14;q_learning_train;level_4;ai;timeout;300;220;0;5.392,;-0.010
2026-05-08T12:06:14;q_learning_train;level_4;ai;timeout;300;217;0;5.393,;-0.010
2026-05-08T12:06:14;q_learning_train;level_4;ai;timeout;300;221;0;5.394,;-0.010
2026-05-08T12:06:14;q_learning_train;level_4;ai;timeout;300;226;0;5.395,;-0.010
2026-05-08T12:06:14;q_learning_train;level_4;ai;timeout;300;218;0;5.395,;-0.010
2026-05-08T12:06:14;q_learning_train;level_4;ai;timeout;300;218;0;5.396,;-0.010
2026-05-08T12:06:14;q_learning_train;level_4;ai;timeout;300;225;0;5.397,;-0.010
2026-05-08T12:06:14;q_learning_train;level_4;ai;timeout;300;220;0;5.398,;-0.010
2026-05-08T12:06:14;q_learning_train;level_4;ai;timeout;300;230;0;5.399,;-0.010
2026-05-08T12:06:14;q_learning_train;level_4;ai;timeout;300;217;0;5.399,;-0.010
2026-05-08T12:06:14;q_learning_train;level_4;ai;timeout;300;212;0;5.400,;-0.010
2026-05-08T12:06:14;q_learning_train;level_4;ai;timeout;300;229;0;5.401,;-0.010
2026-05-08T12:06:14;q_learning_train;level_4;ai;timeout;300;229;0;5.402,;-0.010
2026-05-08T12:06:14;q_learning_train;level_4;ai;timeout;300;223;0;5.403,;-0.010
2026-05-08T12:06:14;q_learning_train;level_4;ai;timeout;300;214;0;5.404,;-0.010
2026-05-08T12:06:14;q_learning_train;level_4;ai;timeout;300;217;0;5.405,;-0.010
2026-05-08T12:06:14;q_learning_train;level_4;ai;timeout;300;222;0;5.406,;-0.010
2026-05-08T12:06:14;q_learning_train;level_4;ai;timeout;300;229;0;5.406,;-0.010
2026-05-08T12:06:14;q_learning_train;level_4;ai;timeout;300;217;0;5.407,;-0.010
2026-05-08T12:06:14;q_learning_train;level_4;ai;timeout;300;228;0;5.408,;-0.010
2026-05-08T12:06:14;q_learning_train;level_4;ai;timeout;300;224;0;5.410,;-0.010
2026-05-08T12:06:14;q_learning_train;level_4;ai;timeout;300;220;0;5.411,;-0.010
2026-05-08T12:06:14;q_learning_train;level_4;ai;timeout;300;219;0;5.412,;-0.010
2026-05-08T12:06:14;q_learning_train;level_4;ai;timeout;300;223;0;5.413,;-0.010
2026-05-08T12:06:14;q_learning_train;level_4;ai;timeout;300;225;0;5.414,;-0.010
2026-05-08T12:06:14;q_learning_train;level_4;ai;timeout;300;222;0;5.415,;-0.010
2026-05-08T12:06:14;q_learning_train;level_4;ai;timeout;300;222;0;5.416,;-0.010
2026-05-08T12:06:14;q_learning_train;level_4;ai;timeout;300;221;0;5.416,;-0.010
2026-05-08T12:06:14;q_learning_train;level_4;ai;timeout;300;218;0;5.417,;-0.010
2026-05-08T12:06:14;q_learning_train;level_4;ai;timeout;300;227;0;5.418,;-0.010
2026-05-08T12:06:14;q_learning_evaluation;level_4;ai;timeout;300;10;0;0.034,;-0.010
2026-05-08T12:06:14;q_learning_evaluation;level_4;ai;timeout;300;10;0;0.034,;-0.010
2026-05-08T12:06:14;q_learning_evaluation;level_4;ai;timeout;300;10;0;0.037,;-0.010
2026-05-08T12:06:14;q_learning_evaluation;level_4;ai;timeout;300;10;0;0.034,;-0.010
2026-05-08T12:06:14;q_learning_evaluation;level_4;ai;timeout;300;10;0;0.034,;-0.010
2026-05-08T12:06:44;q_learning_preview;level_4;ai;timeout;300;10;0;30.178,;-0.010
2026-05-08T12:06:50;q_learning_train;level_5;ai;timeout;300;236;0;6.038,;-0.010
2026-05-08T12:06:50;q_learning_train;level_5;ai;timeout;300;220;0;6.040,;-0.010
2026-05-08T12:06:50;q_learning_train;level_5;ai;timeout;300;226;0;6.041,;-0.010
2026-05-08T12:06:50;q_learning_train;level_5;ai;timeout;300;229;0;6.042,;-0.010
2026-05-08T12:06:50;q_learning_train;level_5;ai;timeout;300;228;0;6.042,;-0.010
2026-05-08T12:06:50;q_learning_train;level_5;ai;timeout;300;229;0;6.043,;-0.010
2026-05-08T12:06:50;q_learning_train;level_5;ai;timeout;300;227;0;6.044,;-0.010
2026-05-08T12:06:50;q_learning_train;level_5;ai;timeout;300;230;0;6.045,;-0.010
2026-05-08T12:06:50;q_learning_train;level_5;ai;timeout;300;234;0;6.046,;-0.010
2026-05-08T12:06:50;q_learning_train;level_5;ai;timeout;300;233;0;6.047,;-0.010
2026-05-08T12:06:50;q_learning_train;level_5;ai;timeout;300;220;0;6.048,;-0.010
2026-05-08T12:06:50;q_learning_train;level_5;ai;timeout;300;227;0;6.049,;-0.010
2026-05-08T12:06:50;q_learning_train;level_5;ai;timeout;300;235;0;6.049,;-0.010
2026-05-08T12:06:50;q_learning_train;level_5;ai;timeout;300;226;0;6.050,;-0.010
2026-05-08T12:06:50;q_learning_train;level_5;ai;timeout;300;229;0;6.051,;-0.010
2026-05-08T12:06:50;q_learning_train;level_5;ai;timeout;300;219;0;6.052,;-0.010
2026-05-08T12:06:50;q_learning_train;level_5;ai;timeout;300;243;0;6.053,;-0.010
2026-05-08T12:06:50;q_learning_train;level_5;ai;timeout;300;232;0;6.054,;-0.010
2026-05-08T12:06:50;q_learning_train;level_5;ai;timeout;300;229;0;6.055,;-0.010
2026-05-08T12:06:50;q_learning_train;level_5;ai;timeout;300;222;0;6.056,;-0.010
2026-05-08T12:06:50;q_learning_train;level_5;ai;timeout;300;232;0;6.056,;-0.010
2026-05-08T12:06:50;q_learning_train;level_5;ai;timeout;300;236;0;6.057,;-0.010
2026-05-08T12:06:50;q_learning_train;level_5;ai;timeout;300;236;0;6.058,;-0.010
2026-05-08T12:06:50;q_learning_train;level_5;ai;timeout;300;225;0;6.059,;-0.010
2026-05-08T12:06:50;q_learning_train;level_5;ai;timeout;300;226;0;6.060,;-0.010
2026-05-08T12:06:50;q_learning_train;level_5;ai;timeout;300;237;0;6.061,;-0.010
2026-05-08T12:06:50;q_learning_train;level_5;ai;timeout;300;226;0;6.061,;-0.010
2026-05-08T12:06:50;q_learning_train;level_5;ai;timeout;300;232;0;6.062,;-0.010
2026-05-08T12:06:50;q_learning_train;level_5;ai;timeout;300;225;0;6.063,;-0.010
2026-05-08T12:06:50;q_learning_train;level_5;ai;timeout;300;229;0;6.064,;-0.010
2026-05-08T12:06:50;q_learning_train;level_5;ai;timeout;300;235;0;6.065,;-0.010
2026-05-08T12:06:50;q_learning_train;level_5;ai;timeout;300;231;0;6.065,;-0.010
2026-05-08T12:06:50;q_learning_train;level_5;ai;timeout;300;232;0;6.066,;-0.010
2026-05-08T12:06:50;q_learning_train;level_5;ai;timeout;300;226;0;6.067,;-0.010
2026-05-08T12:06:50;q_learning_train;level_5;ai;timeout;300;233;0;6.068,;-0.010
2026-05-08T12:06:50;q_learning_train;level_5;ai;timeout;300;217;0;6.069,;-0.010
2026-05-08T12:06:50;q_learning_train;level_5;ai;timeout;300;232;0;6.070,;-0.010
2026-05-08T12:06:50;q_learning_train;level_5;ai;timeout;300;237;0;6.071,;-0.010
2026-05-08T12:06:50;q_learning_train;level_5;ai;timeout;300;222;0;6.071,;-0.010
2026-05-08T12:06:50;q_learning_train;level_5;ai;timeout;300;226;0;6.072,;-0.010
2026-05-08T12:06:50;q_learning_train;level_5;ai;timeout;300;231;0;6.073,;-0.010
2026-05-08T12:06:50;q_learning_train;level_5;ai;timeout;300;226;0;6.075,;-0.010
2026-05-08T12:06:50;q_learning_train;level_5;ai;timeout;300;233;0;6.076,;-0.010
2026-05-08T12:06:50;q_learning_train;level_5;ai;timeout;300;228;0;6.077,;-0.010
2026-05-08T12:06:50;q_learning_train;level_5;ai;timeout;300;228;0;6.077,;-0.010
2026-05-08T12:06:50;q_learning_train;level_5;ai;timeout;300;227;0;6.078,;-0.010
2026-05-08T12:06:50;q_learning_train;level_5;ai;timeout;300;225;0;6.079,;-0.010
2026-05-08T12:06:50;q_learning_train;level_5;ai;timeout;300;234;0;6.080,;-0.010
2026-05-08T12:06:50;q_learning_train;level_5;ai;timeout;300;239;0;6.081,;-0.010
2026-05-08T12:06:50;q_learning_train;level_5;ai;timeout;300;232;0;6.082,;-0.010
2026-05-08T12:06:50;q_learning_train;level_5;ai;timeout;300;221;0;6.083,;-0.010
2026-05-08T12:06:50;q_learning_train;level_5;ai;timeout;300;226;0;6.083,;-0.010
2026-05-08T12:06:50;q_learning_train;level_5;ai;timeout;300;232;0;6.084,;-0.010
2026-05-08T12:06:50;q_learning_train;level_5;ai;timeout;300;228;0;6.085,;-0.010
2026-05-08T12:06:50;q_learning_train;level_5;ai;timeout;300;222;0;6.086,;-0.010
2026-05-08T12:06:50;q_learning_train;level_5;ai;timeout;300;229;0;6.087,;-0.010
2026-05-08T12:06:50;q_learning_train;level_5;ai;timeout;300;226;0;6.088,;-0.010
2026-05-08T12:06:50;q_learning_train;level_5;ai;timeout;300;236;0;6.089,;-0.010
2026-05-08T12:06:50;q_learning_train;level_5;ai;timeout;300;226;0;6.090,;-0.010
2026-05-08T12:06:50;q_learning_train;level_5;ai;timeout;300;227;0;6.090,;-0.010
2026-05-08T12:06:50;q_learning_train;level_5;ai;timeout;300;236;0;6.091,;-0.010
2026-05-08T12:06:50;q_learning_train;level_5;ai;timeout;300;229;0;6.092,;-0.010
2026-05-08T12:06:50;q_learning_train;level_5;ai;timeout;300;216;0;6.093,;-0.010
2026-05-08T12:06:50;q_learning_train;level_5;ai;timeout;300;229;0;6.093,;-0.010
2026-05-08T12:06:50;q_learning_train;level_5;ai;timeout;300;243;0;6.094,;-0.010
2026-05-08T12:06:50;q_learning_train;level_5;ai;timeout;300;231;0;6.095,;-0.010
2026-05-08T12:06:50;q_learning_train;level_5;ai;timeout;300;219;0;6.096,;-0.010
2026-05-08T12:06:50;q_learning_train;level_5;ai;timeout;300;230;0;6.097,;-0.010
2026-05-08T12:06:50;q_learning_train;level_5;ai;timeout;300;236;0;6.098,;-0.010
2026-05-08T12:06:50;q_learning_train;level_5;ai;timeout;300;228;0;6.098,;-0.010
2026-05-08T12:06:50;q_learning_train;level_5;ai;timeout;300;218;0;6.099,;-0.010
2026-05-08T12:06:50;q_learning_train;level_5;ai;timeout;300;237;0;6.100,;-0.010
2026-05-08T12:06:50;q_learning_train;level_5;ai;timeout;300;239;0;6.102,;-0.010
2026-05-08T12:06:50;q_learning_train;level_5;ai;timeout;300;223;0;6.103,;-0.010
2026-05-08T12:06:50;q_learning_train;level_5;ai;timeout;300;228;0;6.103,;-0.010
2026-05-08T12:06:50;q_learning_train;level_5;ai;timeout;300;217;0;6.112,;-0.010
2026-05-08T12:06:50;q_learning_train;level_5;ai;timeout;300;247;0;6.113,;-0.010
2026-05-08T12:06:50;q_learning_train;level_5;ai;timeout;300;224;0;6.114,;-0.010
2026-05-08T12:06:50;q_learning_train;level_5;ai;timeout;300;221;0;6.115,;-0.010
2026-05-08T12:06:50;q_learning_train;level_5;ai;timeout;300;233;0;6.116,;-0.010
2026-05-08T12:06:50;q_learning_train;level_5;ai;timeout;300;228;0;6.117,;-0.010
2026-05-08T12:06:50;q_learning_train;level_5;ai;timeout;300;233;0;6.118,;-0.010
2026-05-08T12:06:50;q_learning_train;level_5;ai;timeout;300;228;0;6.119,;-0.010
2026-05-08T12:06:50;q_learning_train;level_5;ai;timeout;300;228;0;6.120,;-0.010
2026-05-08T12:06:50;q_learning_train;level_5;ai;timeout;300;233;0;6.121,;-0.010
2026-05-08T12:06:50;q_learning_train;level_5;ai;timeout;300;228;0;6.122,;-0.010
2026-05-08T12:06:50;q_learning_train;level_5;ai;timeout;300;226;0;6.123,;-0.010
2026-05-08T12:06:50;q_learning_train;level_5;ai;timeout;300;224;0;6.124,;-0.010
2026-05-08T12:06:50;q_learning_train;level_5;ai;timeout;300;233;0;6.125,;-0.010
2026-05-08T12:06:50;q_learning_train;level_5;ai;timeout;300;228;0;6.126,;-0.010
2026-05-08T12:06:50;q_learning_train;level_5;ai;timeout;300;236;0;6.127,;-0.010
2026-05-08T12:06:50;q_learning_train;level_5;ai;timeout;300;221;0;6.128,;-0.010
2026-05-08T12:06:50;q_learning_train;level_5;ai;timeout;300;226;0;6.129,;-0.010
2026-05-08T12:06:50;q_learning_train;level_5;ai;timeout;300;233;0;6.130,;-0.010
2026-05-08T12:06:50;q_learning_train;level_5;ai;timeout;300;228;0;6.131,;-0.010
2026-05-08T12:06:50;q_learning_train;level_5;ai;timeout;300;218;0;6.133,;-0.010
2026-05-08T12:06:50;q_learning_train;level_5;ai;timeout;300;245;0;6.134,;-0.010
2026-05-08T12:06:50;q_learning_train;level_5;ai;timeout;300;222;0;6.136,;-0.010
2026-05-08T12:06:50;q_learning_train;level_5;ai;timeout;300;238;0;6.137,;-0.010
2026-05-08T12:06:50;q_learning_train;level_5;ai;timeout;300;217;0;6.138,;-0.010
2026-05-08T12:06:51;q_learning_evaluation;level_5;ai;timeout;300;300;0;0.053,;-0.010
2026-05-08T12:06:51;q_learning_evaluation;level_5;ai;timeout;300;300;0;0.053,;-0.010
2026-05-08T12:06:51;q_learning_evaluation;level_5;ai;timeout;300;300;0;0.054,;-0.010
2026-05-08T12:06:51;q_learning_evaluation;level_5;ai;timeout;300;300;0;0.054,;-0.010
2026-05-08T12:06:51;q_learning_evaluation;level_5;ai;timeout;300;300;0;0.056,;-0.010
2026-05-08T12:07:21;q_learning_preview;level_5;ai;timeout;300;300;0;30.185,;-0.010
2026-05-08T12:07:27;q_learning_train;level_5;ai;timeout;300;232;0;6.044,;-0.010
2026-05-08T12:07:27;q_learning_train;level_5;ai;timeout;300;227;0;6.045,;-0.010
2026-05-08T12:07:27;q_learning_train;level_5;ai;timeout;300;228;0;6.046,;-0.010
2026-05-08T12:07:27;q_learning_train;level_5;ai;timeout;300;225;0;6.047,;-0.010
2026-05-08T12:07:27;q_learning_train;level_5;ai;timeout;300;224;0;6.048,;-0.010
2026-05-08T12:07:27;q_learning_train;level_5;ai;timeout;300;231;0;6.049,;-0.010
2026-05-08T12:07:27;q_learning_train;level_5;ai;timeout;300;219;0;6.050,;-0.010
2026-05-08T12:07:27;q_learning_train;level_5;ai;timeout;300;236;0;6.051,;-0.010
2026-05-08T12:07:27;q_learning_train;level_5;ai;timeout;300;229;0;6.052,;-0.010
2026-05-08T12:07:27;q_learning_train;level_5;ai;timeout;300;231;0;6.053,;-0.010
2026-05-08T12:07:27;q_learning_train;level_5;ai;timeout;300;226;0;6.054,;-0.010
2026-05-08T12:07:27;q_learning_train;level_5;ai;timeout;300;230;0;6.055,;-0.010
2026-05-08T12:07:27;q_learning_train;level_5;ai;timeout;300;232;0;6.056,;-0.010
2026-05-08T12:07:27;q_learning_train;level_5;ai;timeout;300;229;0;6.056,;-0.010
2026-05-08T12:07:27;q_learning_train;level_5;ai;timeout;300;224;0;6.057,;-0.010
2026-05-08T12:07:27;q_learning_train;level_5;ai;timeout;300;223;0;6.058,;-0.010
2026-05-08T12:07:27;q_learning_train;level_5;ai;timeout;300;238;0;6.059,;-0.010
2026-05-08T12:07:27;q_learning_train;level_5;ai;timeout;300;230;0;6.060,;-0.010
2026-05-08T12:07:27;q_learning_train;level_5;ai;timeout;300;224;0;6.061,;-0.760
2026-05-08T12:07:27;q_learning_train;level_5;ai;timeout;300;228;0;6.062,;-0.010
2026-05-08T12:07:27;q_learning_train;level_5;ai;timeout;300;229;0;6.063,;-0.010
2026-05-08T12:07:27;q_learning_train;level_5;ai;timeout;300;231;0;6.064,;-0.010
2026-05-08T12:07:27;q_learning_train;level_5;ai;timeout;300;228;0;6.065,;-0.010
2026-05-08T12:07:27;q_learning_train;level_5;ai;timeout;300;228;0;6.066,;-0.010
2026-05-08T12:07:27;q_learning_train;level_5;ai;timeout;300;227;0;6.066,;-0.010
2026-05-08T12:07:27;q_learning_train;level_5;ai;timeout;300;228;0;6.067,;-0.010
2026-05-08T12:07:27;q_learning_train;level_5;ai;timeout;300;228;0;6.068,;-0.010
2026-05-08T12:07:27;q_learning_train;level_5;ai;timeout;300;236;0;6.069,;-0.010
2026-05-08T12:07:27;q_learning_train;level_5;ai;timeout;300;215;0;6.070,;-0.010
2026-05-08T12:07:27;q_learning_train;level_5;ai;timeout;300;234;0;6.071,;-0.010
2026-05-08T12:07:27;q_learning_train;level_5;ai;timeout;300;224;0;6.072,;-0.010
2026-05-08T12:07:27;q_learning_train;level_5;ai;timeout;300;230;0;6.073,;-0.010
2026-05-08T12:07:27;q_learning_train;level_5;ai;timeout;300;218;0;6.074,;-0.010
2026-05-08T12:07:27;q_learning_train;level_5;ai;timeout;300;233;0;6.075,;-0.010
2026-05-08T12:07:27;q_learning_train;level_5;ai;timeout;300;229;0;6.076,;-0.010
2026-05-08T12:07:27;q_learning_train;level_5;ai;timeout;300;226;0;6.077,;-0.010
2026-05-08T12:07:27;q_learning_train;level_5;ai;timeout;300;215;0;6.078,;-0.010
2026-05-08T12:07:27;q_learning_train;level_5;ai;timeout;300;236;0;6.079,;-0.010
2026-05-08T12:07:27;q_learning_train;level_5;ai;timeout;300;236;0;6.080,;-0.010
2026-05-08T12:07:27;q_learning_train;level_5;ai;timeout;300;234;0;6.081,;-0.010
2026-05-08T12:07:27;q_learning_train;level_5;ai;timeout;300;201;0;6.082,;-0.010
2026-05-08T12:07:27;q_learning_train;level_5;ai;timeout;300;232;0;6.083,;-0.010
2026-05-08T12:07:27;q_learning_train;level_5;ai;timeout;300;240;0;6.084,;-0.010
2026-05-08T12:07:27;q_learning_train;level_5;ai;timeout;300;229;0;6.086,;-0.010
2026-05-08T12:07:27;q_learning_train;level_5;ai;timeout;300;217;0;6.089,;-0.010
2026-05-08T12:07:27;q_learning_train;level_5;ai;timeout;300;234;0;6.090,;-0.010
2026-05-08T12:07:27;q_learning_train;level_5;ai;timeout;300;225;0;6.091,;-0.010
2026-05-08T12:07:27;q_learning_train;level_5;ai;timeout;300;232;0;6.092,;-0.010
2026-05-08T12:07:27;q_learning_train;level_5;ai;timeout;300;216;0;6.093,;-0.010
2026-05-08T12:07:27;q_learning_train;level_5;ai;timeout;300;232;0;6.094,;-0.010
2026-05-08T12:07:27;q_learning_train;level_5;ai;timeout;300;234;0;6.095,;-0.010
2026-05-08T12:07:27;q_learning_train;level_5;ai;timeout;300;227;0;6.097,;-0.010
2026-05-08T12:07:27;q_learning_train;level_5;ai;timeout;300;225;0;6.098,;-0.010
2026-05-08T12:07:27;q_learning_train;level_5;ai;timeout;300;219;0;6.099,;-0.010
2026-05-08T12:07:27;q_learning_train;level_5;ai;timeout;300;240;0;6.100,;-0.010
2026-05-08T12:07:27;q_learning_train;level_5;ai;timeout;300;229;0;6.101,;-0.010
2026-05-08T12:07:27;q_learning_train;level_5;ai;timeout;300;219;0;6.102,;-0.010
2026-05-08T12:07:27;q_learning_train;level_5;ai;timeout;300;234;0;6.103,;-0.010
2026-05-08T12:07:27;q_learning_train;level_5;ai;timeout;300;231;0;6.104,;-0.010
2026-05-08T12:07:27;q_learning_train;level_5;ai;timeout;300;230;0;6.105,;-0.010
2026-05-08T12:07:27;q_learning_train;level_5;ai;timeout;300;219;0;6.106,;-0.010
2026-05-08T12:07:27;q_learning_train;level_5;ai;timeout;300;233;0;6.106,;-0.010
2026-05-08T12:07:27;q_learning_train;level_5;ai;timeout;300;228;0;6.108,;-0.010
2026-05-08T12:07:27;q_learning_train;level_5;ai;timeout;300;225;0;6.109,;-0.010
2026-05-08T12:07:27;q_learning_train;level_5;ai;timeout;300;213;0;6.110,;-0.010
2026-05-08T12:07:27;q_learning_train;level_5;ai;timeout;300;226;0;6.110,;-0.010
2026-05-08T12:07:27;q_learning_train;level_5;ai;timeout;300;226;0;6.111,;-0.010
2026-05-08T12:07:27;q_learning_train;level_5;ai;timeout;300;236;0;6.112,;-0.010
2026-05-08T12:07:27;q_learning_train;level_5;ai;timeout;300;221;0;6.113,;-0.010
2026-05-08T12:07:27;q_learning_train;level_5;ai;timeout;300;243;0;6.114,;-0.010
2026-05-08T12:07:27;q_learning_train;level_5;ai;timeout;300;220;0;6.115,;-0.010
2026-05-08T12:07:27;q_learning_train;level_5;ai;timeout;300;238;0;6.116,;-0.010
2026-05-08T12:07:27;q_learning_train;level_5;ai;timeout;300;224;0;6.117,;-0.010
2026-05-08T12:07:27;q_learning_train;level_5;ai;timeout;300;229;0;6.118,;-0.010
2026-05-08T12:07:27;q_learning_train;level_5;ai;timeout;300;228;0;6.119,;-0.010
2026-05-08T12:07:27;q_learning_train;level_5;ai;timeout;300;241;0;6.120,;0.740
2026-05-08T12:07:27;q_learning_train;level_5;ai;timeout;300;226;0;6.121,;-0.010
2026-05-08T12:07:27;q_learning_train;level_5;ai;timeout;300;240;0;6.122,;-0.010
2026-05-08T12:07:27;q_learning_train;level_5;ai;timeout;300;219;0;6.123,;-0.010
2026-05-08T12:07:27;q_learning_train;level_5;ai;timeout;300;230;0;6.124,;-0.010
2026-05-08T12:07:27;q_learning_train;level_5;ai;timeout;300;228;0;6.125,;-0.010
2026-05-08T12:07:27;q_learning_train;level_5;ai;timeout;300;220;0;6.125,;-0.010
2026-05-08T12:07:27;q_learning_train;level_5;ai;timeout;300;225;0;6.126,;-0.010
2026-05-08T12:07:27;q_learning_train;level_5;ai;timeout;300;218;0;6.127,;-0.010
2026-05-08T12:07:27;q_learning_train;level_5;ai;timeout;300;233;0;6.129,;-0.010
2026-05-08T12:07:27;q_learning_train;level_5;ai;timeout;300;226;0;6.130,;-0.010
2026-05-08T12:07:27;q_learning_train;level_5;ai;timeout;300;230;0;6.130,;-0.010
2026-05-08T12:07:27;q_learning_train;level_5;ai;timeout;300;224;0;6.131,;-0.010
2026-05-08T12:07:27;q_learning_train;level_5;ai;timeout;300;229;0;6.132,;-0.010
2026-05-08T12:07:27;q_learning_train;level_5;ai;timeout;300;237;0;6.133,;-0.010
2026-05-08T12:07:27;q_learning_train;level_5;ai;timeout;300;229;0;6.133,;-0.010
2026-05-08T12:07:27;q_learning_train;level_5;ai;timeout;300;215;0;6.134,;-0.010
2026-05-08T12:07:27;q_learning_train;level_5;ai;timeout;300;222;0;6.135,;-0.010
2026-05-08T12:07:27;q_learning_train;level_5;ai;timeout;300;242;0;6.136,;-0.010
2026-05-08T12:07:27;q_learning_train;level_5;ai;timeout;300;216;0;6.138,;-0.760
2026-05-08T12:07:27;q_learning_train;level_5;ai;timeout;300;228;0;6.138,;-0.010
2026-05-08T12:07:27;q_learning_train;level_5;ai;timeout;300;229;0;6.139,;-0.010
2026-05-08T12:07:27;q_learning_train;level_5;ai;timeout;300;236;0;6.140,;-0.010
2026-05-08T12:07:27;q_learning_train;level_5;ai;timeout;300;228;0;6.141,;-0.010
2026-05-08T12:07:27;q_learning_train;level_5;ai;timeout;300;226;0;6.142,;-0.010
2026-05-08T12:07:27;q_learning_evaluation;level_5;ai;timeout;300;300;0;0.062,;-0.010
2026-05-08T12:07:27;q_learning_evaluation;level_5;ai;timeout;300;300;0;0.056,;-0.010
2026-05-08T12:07:28;q_learning_evaluation;level_5;ai;timeout;300;300;0;0.054,;-0.010
2026-05-08T12:07:28;q_learning_evaluation;level_5;ai;timeout;300;300;0;0.054,;-0.010
2026-05-08T12:07:28;q_learning_evaluation;level_5;ai;timeout;300;300;0;0.055,;-0.010
2026-05-08T12:07:58;q_learning_preview;level_5;ai;timeout;300;300;0;30.174,;-0.010
2026-05-08T12:08:04;q_learning_train;level_5;ai;timeout;300;230;0;5.999,;-0.010
2026-05-08T12:08:04;q_learning_train;level_5;ai;timeout;300;216;0;6.001,;-0.010
2026-05-08T12:08:04;q_learning_train;level_5;ai;timeout;300;228;0;6.001,;-0.010
2026-05-08T12:08:04;q_learning_train;level_5;ai;timeout;300;234;0;6.002,;-0.010
2026-05-08T12:08:04;q_learning_train;level_5;ai;timeout;300;232;0;6.003,;-0.010
2026-05-08T12:08:04;q_learning_train;level_5;ai;timeout;300;221;0;6.004,;-0.010
2026-05-08T12:08:04;q_learning_train;level_5;ai;timeout;300;226;0;6.005,;-0.010
2026-05-08T12:08:04;q_learning_train;level_5;ai;timeout;300;218;0;6.006,;-0.010
2026-05-08T12:08:04;q_learning_train;level_5;ai;timeout;300;233;0;6.007,;-0.010
2026-05-08T12:08:04;q_learning_train;level_5;ai;timeout;300;217;0;6.008,;-0.010
2026-05-08T12:08:04;q_learning_train;level_5;ai;timeout;300;228;0;6.009,;-0.010
2026-05-08T12:08:04;q_learning_train;level_5;ai;timeout;300;223;0;6.010,;-0.010
2026-05-08T12:08:04;q_learning_train;level_5;ai;timeout;300;238;0;6.010,;-0.010
2026-05-08T12:08:04;q_learning_train;level_5;ai;timeout;300;225;0;6.011,;-0.010
2026-05-08T12:08:04;q_learning_train;level_5;ai;timeout;300;228;0;6.013,;-0.010
2026-05-08T12:08:04;q_learning_train;level_5;ai;timeout;300;227;0;6.013,;-0.010
2026-05-08T12:08:04;q_learning_train;level_5;ai;timeout;300;218;0;6.014,;-0.010
2026-05-08T12:08:04;q_learning_train;level_5;ai;timeout;300;225;0;6.015,;-0.010
2026-05-08T12:08:04;q_learning_train;level_5;ai;timeout;300;225;0;6.016,;-0.010
2026-05-08T12:08:04;q_learning_train;level_5;ai;timeout;300;228;0;6.017,;-0.010
2026-05-08T12:08:04;q_learning_train;level_5;ai;timeout;300;235;0;6.018,;-0.010
2026-05-08T12:08:04;q_learning_train;level_5;ai;timeout;300;224;0;6.019,;-0.010
2026-05-08T12:08:04;q_learning_train;level_5;ai;timeout;300;222;0;6.020,;-0.010
2026-05-08T12:08:04;q_learning_train;level_5;ai;timeout;300;230;0;6.021,;-0.010
2026-05-08T12:08:04;q_learning_train;level_5;ai;timeout;300;219;0;6.021,;-0.010
2026-05-08T12:08:04;q_learning_train;level_5;ai;timeout;300;221;0;6.022,;-0.010
2026-05-08T12:08:04;q_learning_train;level_5;ai;timeout;300;238;0;6.023,;-0.010
2026-05-08T12:08:04;q_learning_train;level_5;ai;timeout;300;229;0;6.024,;-0.010
2026-05-08T12:08:04;q_learning_train;level_5;ai;timeout;300;225;0;6.025,;-0.010
2026-05-08T12:08:04;q_learning_train;level_5;ai;timeout;300;227;0;6.025,;-0.010
2026-05-08T12:08:04;q_learning_train;level_5;ai;timeout;300;228;0;6.026,;-0.010
2026-05-08T12:08:04;q_learning_train;level_5;ai;timeout;300;223;0;6.027,;-0.010
2026-05-08T12:08:04;q_learning_train;level_5;ai;timeout;300;223;0;6.028,;-0.010
2026-05-08T12:08:04;q_learning_train;level_5;ai;timeout;300;221;0;6.029,;-0.010
2026-05-08T12:08:04;q_learning_train;level_5;ai;timeout;300;229;0;6.029,;-0.010
2026-05-08T12:08:04;q_learning_train;level_5;ai;timeout;300;239;0;6.030,;-0.010
2026-05-08T12:08:04;q_learning_train;level_5;ai;timeout;300;226;0;6.031,;-0.010
2026-05-08T12:08:04;q_learning_train;level_5;ai;timeout;300;216;0;6.032,;-0.010
2026-05-08T12:08:04;q_learning_train;level_5;ai;timeout;300;224;0;6.033,;-0.010
2026-05-08T12:08:04;q_learning_train;level_5;ai;timeout;300;235;0;6.034,;-0.010
2026-05-08T12:08:04;q_learning_train;level_5;ai;timeout;300;228;0;6.035,;-0.010
2026-05-08T12:08:04;q_learning_train;level_5;ai;timeout;300;222;0;6.037,;-0.010
2026-05-08T12:08:04;q_learning_train;level_5;ai;timeout;300;223;0;6.037,;-0.010
2026-05-08T12:08:04;q_learning_train;level_5;ai;timeout;300;230;0;6.038,;-0.010
2026-05-08T12:08:04;q_learning_train;level_5;ai;timeout;300;229;0;6.039,;-0.010
2026-05-08T12:08:04;q_learning_train;level_5;ai;timeout;300;220;0;6.040,;-0.010
2026-05-08T12:08:04;q_learning_train;level_5;ai;timeout;300;224;0;6.041,;-0.010
2026-05-08T12:08:04;q_learning_train;level_5;ai;timeout;300;238;0;6.042,;-0.010
2026-05-08T12:08:04;q_learning_train;level_5;ai;timeout;300;226;0;6.042,;-0.010
2026-05-08T12:08:04;q_learning_train;level_5;ai;timeout;300;224;0;6.044,;-0.010
2026-05-08T12:08:04;q_learning_train;level_5;ai;timeout;300;229;0;6.044,;-0.010
2026-05-08T12:08:04;q_learning_train;level_5;ai;timeout;300;231;0;6.045,;-0.010
2026-05-08T12:08:04;q_learning_train;level_5;ai;timeout;300;228;0;6.046,;-0.010
2026-05-08T12:08:04;q_learning_train;level_5;ai;timeout;300;224;0;6.048,;-0.010
2026-05-08T12:08:04;q_learning_train;level_5;ai;timeout;300;222;0;6.049,;-0.010
2026-05-08T12:08:04;q_learning_train;level_5;ai;timeout;300;232;0;6.050,;-0.010
2026-05-08T12:08:04;q_learning_train;level_5;ai;timeout;300;222;0;6.051,;-0.010
2026-05-08T12:08:04;q_learning_train;level_5;ai;timeout;300;225;0;6.051,;-0.010
2026-05-08T12:08:04;q_learning_train;level_5;ai;timeout;300;219;0;6.052,;-0.010
2026-05-08T12:08:04;q_learning_train;level_5;ai;timeout;300;228;0;6.053,;-0.010
2026-05-08T12:08:04;q_learning_train;level_5;ai;timeout;300;219;0;6.054,;-0.010
2026-05-08T12:08:04;q_learning_train;level_5;ai;timeout;300;234;0;6.055,;-0.010
2026-05-08T12:08:04;q_learning_train;level_5;ai;timeout;300;214;0;6.056,;-0.010
2026-05-08T12:08:04;q_learning_train;level_5;ai;timeout;300;233;0;6.057,;-0.010
2026-05-08T12:08:04;q_learning_train;level_5;ai;timeout;300;233;0;6.058,;-0.010
2026-05-08T12:08:04;q_learning_train;level_5;ai;timeout;300;233;0;6.059,;-0.010
2026-05-08T12:08:04;q_learning_train;level_5;ai;timeout;300;211;0;6.060,;-0.010
2026-05-08T12:08:04;q_learning_train;level_5;ai;timeout;300;228;0;6.060,;-0.010
2026-05-08T12:08:04;q_learning_train;level_5;ai;timeout;300;231;0;6.062,;-0.010
2026-05-08T12:08:04;q_learning_train;level_5;ai;timeout;300;233;0;6.063,;-0.010
2026-05-08T12:08:04;q_learning_train;level_5;ai;timeout;300;215;0;6.064,;-0.010
2026-05-08T12:08:04;q_learning_train;level_5;ai;timeout;300;225;0;6.065,;-0.010
2026-05-08T12:08:04;q_learning_train;level_5;ai;timeout;300;224;0;6.066,;-0.010
2026-05-08T12:08:04;q_learning_train;level_5;ai;timeout;300;234;0;6.067,;-0.010
2026-05-08T12:08:04;q_learning_train;level_5;ai;timeout;300;231;0;6.068,;-0.010
2026-05-08T12:08:04;q_learning_train;level_5;ai;timeout;300;214;0;6.069,;-0.010
2026-05-08T12:08:04;q_learning_train;level_5;ai;timeout;300;231;0;6.070,;-0.010
2026-05-08T12:08:04;q_learning_train;level_5;ai;timeout;300;230;0;6.071,;-0.010
2026-05-08T12:08:04;q_learning_train;level_5;ai;timeout;300;226;0;6.071,;-0.010
2026-05-08T12:08:04;q_learning_train;level_5;ai;timeout;300;223;0;6.073,;-0.010
2026-05-08T12:08:04;q_learning_train;level_5;ai;timeout;300;221;0;6.073,;-0.010
2026-05-08T12:08:04;q_learning_train;level_5;ai;timeout;300;232;0;6.075,;-0.010
2026-05-08T12:08:04;q_learning_train;level_5;ai;timeout;300;221;0;6.076,;-0.010
2026-05-08T12:08:04;q_learning_train;level_5;ai;timeout;300;227;0;6.077,;-0.010
2026-05-08T12:08:04;q_learning_train;level_5;ai;timeout;300;231;0;6.078,;-0.010
2026-05-08T12:08:04;q_learning_train;level_5;ai;timeout;300;220;0;6.079,;-0.010
2026-05-08T12:08:04;q_learning_train;level_5;ai;timeout;300;239;0;6.079,;-0.010
2026-05-08T12:08:04;q_learning_train;level_5;ai;timeout;300;213;0;6.080,;-0.010
2026-05-08T12:08:04;q_learning_train;level_5;ai;timeout;300;237;0;6.081,;-0.010
2026-05-08T12:08:04;q_learning_train;level_5;ai;timeout;300;226;0;6.082,;-0.010
2026-05-08T12:08:04;q_learning_train;level_5;ai;timeout;300;216;0;6.083,;-0.010
2026-05-08T12:08:04;q_learning_train;level_5;ai;timeout;300;232;0;6.085,;-0.010
2026-05-08T12:08:04;q_learning_train;level_5;ai;timeout;300;237;0;6.086,;-0.010
2026-05-08T12:08:04;q_learning_train;level_5;ai;timeout;300;219;0;6.087,;-0.010
2026-05-08T12:08:04;q_learning_train;level_5;ai;timeout;300;220;0;6.088,;-0.010
2026-05-08T12:08:04;q_learning_train;level_5;ai;timeout;300;242;0;6.089,;-0.010
2026-05-08T12:08:04;q_learning_train;level_5;ai;timeout;300;229;0;6.090,;-0.010
2026-05-08T12:08:04;q_learning_train;level_5;ai;timeout;300;217;0;6.091,;-0.010
2026-05-08T12:08:04;q_learning_train;level_5;ai;timeout;300;214;0;6.092,;-0.010
2026-05-08T12:08:04;q_learning_train;level_5;ai;timeout;300;230;0;6.093,;-0.010
2026-05-08T12:08:04;q_learning_evaluation;level_5;ai;timeout;300;300;0;0.052,;-0.010
2026-05-08T12:08:04;q_learning_evaluation;level_5;ai;timeout;300;300;0;0.056,;-0.010
2026-05-08T12:08:04;q_learning_evaluation;level_5;ai;timeout;300;300;0;0.054,;-0.010
2026-05-08T12:08:04;q_learning_evaluation;level_5;ai;timeout;300;300;0;0.054,;-0.010
2026-05-08T12:08:05;q_learning_evaluation;level_5;ai;timeout;300;300;0;0.052,;-0.010
2026-05-08T12:08:35;q_learning_preview;level_5;ai;timeout;300;300;0;30.171,;-0.010
2026-05-08T12:08:41;q_learning_train;level_5;ai;timeout;300;224;0;6.083,;-0.010
2026-05-08T12:08:41;q_learning_train;level_5;ai;timeout;300;240;0;6.085,;-0.010
2026-05-08T12:08:41;q_learning_train;level_5;ai;timeout;300;220;0;6.086,;-0.010
2026-05-08T12:08:41;q_learning_train;level_5;ai;timeout;300;219;0;6.087,;-0.010
2026-05-08T12:08:41;q_learning_train;level_5;ai;timeout;300;227;0;6.087,;-0.010
2026-05-08T12:08:41;q_learning_train;level_5;ai;timeout;300;241;0;6.088,;-0.010
2026-05-08T12:08:41;q_learning_train;level_5;ai;timeout;300;224;0;6.089,;-0.010
2026-05-08T12:08:41;q_learning_train;level_5;ai;timeout;300;230;0;6.090,;-0.010
2026-05-08T12:08:41;q_learning_train;level_5;ai;timeout;300;233;0;6.091,;-0.010
2026-05-08T12:08:41;q_learning_train;level_5;ai;timeout;300;231;0;6.092,;-0.010
2026-05-08T12:08:41;q_learning_train;level_5;ai;timeout;300;217;0;6.093,;-0.010
2026-05-08T12:08:41;q_learning_train;level_5;ai;timeout;300;222;0;6.093,;-0.010
2026-05-08T12:08:41;q_learning_train;level_5;ai;timeout;300;226;0;6.094,;-0.010
2026-05-08T12:08:41;q_learning_train;level_5;ai;timeout;300;231;0;6.095,;-0.010
2026-05-08T12:08:41;q_learning_train;level_5;ai;timeout;300;235;0;6.135,;-0.010
2026-05-08T12:08:41;q_learning_train;level_5;ai;timeout;300;233;0;6.136,;-0.010
2026-05-08T12:08:41;q_learning_train;level_5;ai;timeout;300;221;0;6.137,;-0.010
2026-05-08T12:08:41;q_learning_train;level_5;ai;timeout;300;231;0;6.138,;-0.010
2026-05-08T12:08:41;q_learning_train;level_5;ai;timeout;300;231;0;6.139,;-0.010
2026-05-08T12:08:41;q_learning_train;level_5;ai;timeout;300;233;0;6.140,;-0.010
2026-05-08T12:08:41;q_learning_train;level_5;ai;timeout;300;229;0;6.141,;-0.010
2026-05-08T12:08:41;q_learning_train;level_5;ai;timeout;300;221;0;6.142,;-0.010
2026-05-08T12:08:41;q_learning_train;level_5;ai;timeout;300;229;0;6.143,;-0.010
2026-05-08T12:08:41;q_learning_train;level_5;ai;timeout;300;240;0;6.144,;-0.010
2026-05-08T12:08:41;q_learning_train;level_5;ai;timeout;300;218;0;6.145,;-0.010
2026-05-08T12:08:41;q_learning_train;level_5;ai;timeout;300;219;0;6.146,;-0.010
2026-05-08T12:08:41;q_learning_train;level_5;ai;timeout;300;228;0;6.147,;-0.010
2026-05-08T12:08:41;q_learning_train;level_5;ai;timeout;300;231;0;6.147,;-0.010
2026-05-08T12:08:41;q_learning_train;level_5;ai;timeout;300;224;0;6.148,;-0.010
2026-05-08T12:08:41;q_learning_train;level_5;ai;timeout;300;234;0;6.149,;-0.010
2026-05-08T12:08:41;q_learning_train;level_5;ai;timeout;300;219;0;6.150,;-0.010
2026-05-08T12:08:41;q_learning_train;level_5;ai;timeout;300;227;0;6.151,;-0.010
2026-05-08T12:08:41;q_learning_train;level_5;ai;timeout;300;228;0;6.152,;-0.010
2026-05-08T12:08:41;q_learning_train;level_5;ai;timeout;300;232;0;6.153,;-0.010
2026-05-08T12:08:41;q_learning_train;level_5;ai;timeout;300;235;0;6.153,;-0.010
2026-05-08T12:08:41;q_learning_train;level_5;ai;timeout;300;224;0;6.154,;-0.010
2026-05-08T12:08:41;q_learning_train;level_5;ai;timeout;300;228;0;6.155,;-0.010
2026-05-08T12:08:41;q_learning_train;level_5;ai;timeout;300;229;0;6.156,;-0.010
2026-05-08T12:08:41;q_learning_train;level_5;ai;timeout;300;238;0;6.157,;-0.010
2026-05-08T12:08:41;q_learning_train;level_5;ai;timeout;300;224;0;6.158,;-0.010
2026-05-08T12:08:41;q_learning_train;level_5;ai;timeout;300;230;0;6.159,;-0.760
2026-05-08T12:08:41;q_learning_train;level_5;ai;timeout;300;232;0;6.160,;-0.010
2026-05-08T12:08:41;q_learning_train;level_5;ai;timeout;300;224;0;6.161,;-0.010
2026-05-08T12:08:41;q_learning_train;level_5;ai;timeout;300;229;0;6.162,;-0.010
2026-05-08T12:08:41;q_learning_train;level_5;ai;timeout;300;236;0;6.163,;-0.010
2026-05-08T12:08:41;q_learning_train;level_5;ai;timeout;300;235;0;6.164,;-0.010
2026-05-08T12:08:41;q_learning_train;level_5;ai;timeout;300;218;0;6.165,;-0.010
2026-05-08T12:08:41;q_learning_train;level_5;ai;timeout;300;222;0;6.165,;-0.010
2026-05-08T12:08:41;q_learning_train;level_5;ai;timeout;300;226;0;6.166,;-0.010
2026-05-08T12:08:41;q_learning_train;level_5;ai;timeout;300;233;0;6.167,;-0.010
2026-05-08T12:08:41;q_learning_train;level_5;ai;timeout;300;225;0;6.168,;-0.010
2026-05-08T12:08:41;q_learning_train;level_5;ai;timeout;300;224;0;6.169,;-0.010
2026-05-08T12:08:41;q_learning_train;level_5;ai;timeout;300;226;0;6.170,;-0.010
2026-05-08T12:08:41;q_learning_train;level_5;ai;timeout;300;228;0;6.171,;-0.010
2026-05-08T12:08:41;q_learning_train;level_5;ai;timeout;300;222;0;6.172,;-0.010
2026-05-08T12:08:41;q_learning_train;level_5;ai;timeout;300;231;0;6.173,;-0.010
2026-05-08T12:08:41;q_learning_train;level_5;ai;timeout;300;230;0;6.173,;-0.010
2026-05-08T12:08:41;q_learning_train;level_5;ai;timeout;300;228;0;6.174,;-0.010
2026-05-08T12:08:41;q_learning_train;level_5;ai;timeout;300;233;0;6.175,;-0.010
2026-05-08T12:08:41;q_learning_train;level_5;ai;timeout;300;222;0;6.176,;-0.010
2026-05-08T12:08:41;q_learning_train;level_5;ai;timeout;300;228;0;6.177,;-0.760
2026-05-08T12:08:41;q_learning_train;level_5;ai;timeout;300;243;0;6.178,;-0.010
2026-05-08T12:08:41;q_learning_train;level_5;ai;timeout;300;227;0;6.179,;-0.010
2026-05-08T12:08:41;q_learning_train;level_5;ai;timeout;300;214;0;6.179,;-0.010
2026-05-08T12:08:41;q_learning_train;level_5;ai;timeout;300;232;0;6.180,;-0.010
2026-05-08T12:08:41;q_learning_train;level_5;ai;timeout;300;233;0;6.181,;-0.010
2026-05-08T12:08:41;q_learning_train;level_5;ai;timeout;300;235;0;6.182,;-0.010
2026-05-08T12:08:41;q_learning_train;level_5;ai;timeout;300;221;0;6.183,;-0.010
2026-05-08T12:08:41;q_learning_train;level_5;ai;timeout;300;225;0;6.184,;-0.010
2026-05-08T12:08:41;q_learning_train;level_5;ai;timeout;300;235;0;6.185,;-0.010
2026-05-08T12:08:41;q_learning_train;level_5;ai;timeout;300;232;0;6.186,;-0.010
2026-05-08T12:08:41;q_learning_train;level_5;ai;timeout;300;228;0;6.187,;-0.010
2026-05-08T12:08:41;q_learning_train;level_5;ai;timeout;300;215;0;6.188,;-0.010
2026-05-08T12:08:41;q_learning_train;level_5;ai;timeout;300;235;0;6.189,;-0.010
2026-05-08T12:08:41;q_learning_train;level_5;ai;timeout;300;227;0;6.190,;-0.010
2026-05-08T12:08:41;q_learning_train;level_5;ai;timeout;300;229;0;6.191,;-0.010
2026-05-08T12:08:41;q_learning_train;level_5;ai;timeout;300;227;0;6.191,;-0.010
2026-05-08T12:08:41;q_learning_train;level_5;ai;timeout;300;235;0;6.192,;-0.010
2026-05-08T12:08:41;q_learning_train;level_5;ai;timeout;300;226;0;6.193,;-0.010
2026-05-08T12:08:41;q_learning_train;level_5;ai;timeout;300;225;0;6.194,;-0.010
2026-05-08T12:08:41;q_learning_train;level_5;ai;timeout;300;229;0;6.196,;-0.010
2026-05-08T12:08:41;q_learning_train;level_5;ai;timeout;300;230;0;6.197,;-0.010
2026-05-08T12:08:41;q_learning_train;level_5;ai;timeout;300;234;0;6.197,;-0.010
2026-05-08T12:08:41;q_learning_train;level_5;ai;timeout;300;217;0;6.199,;-0.010
2026-05-08T12:08:41;q_learning_train;level_5;ai;timeout;300;235;0;6.200,;-0.010
2026-05-08T12:08:41;q_learning_train;level_5;ai;timeout;300;225;0;6.200,;-0.010
2026-05-08T12:08:41;q_learning_train;level_5;ai;timeout;300;224;0;6.201,;-0.010
2026-05-08T12:08:41;q_learning_train;level_5;ai;timeout;300;228;0;6.202,;-0.010
2026-05-08T12:08:41;q_learning_train;level_5;ai;timeout;300;233;0;6.203,;-0.010
2026-05-08T12:08:41;q_learning_train;level_5;ai;timeout;300;223;0;6.204,;-0.010
2026-05-08T12:08:41;q_learning_train;level_5;ai;timeout;300;225;0;6.205,;-0.010
2026-05-08T12:08:41;q_learning_train;level_5;ai;timeout;300;229;0;6.205,;-0.010
2026-05-08T12:08:41;q_learning_train;level_5;ai;timeout;300;225;0;6.206,;-0.010
2026-05-08T12:08:41;q_learning_train;level_5;ai;timeout;300;241;0;6.208,;-0.010
2026-05-08T12:08:41;q_learning_train;level_5;ai;timeout;300;217;0;6.209,;-0.010
2026-05-08T12:08:41;q_learning_train;level_5;ai;timeout;300;231;0;6.210,;-0.010
2026-05-08T12:08:41;q_learning_train;level_5;ai;timeout;300;230;0;6.211,;-0.010
2026-05-08T12:08:41;q_learning_train;level_5;ai;timeout;300;233;0;6.213,;-0.010
2026-05-08T12:08:41;q_learning_train;level_5;ai;timeout;300;223;0;6.214,;-0.010
2026-05-08T12:08:41;q_learning_train;level_5;ai;timeout;300;229;0;6.215,;-0.010
2026-05-08T12:08:41;q_learning_evaluation;level_5;ai;timeout;300;300;0;0.054,;-0.010
2026-05-08T12:08:41;q_learning_evaluation;level_5;ai;timeout;300;300;0;0.055,;-0.010
2026-05-08T12:08:41;q_learning_evaluation;level_5;ai;timeout;300;300;0;0.054,;-0.010
2026-05-08T12:08:41;q_learning_evaluation;level_5;ai;timeout;300;300;0;0.053,;-0.010
2026-05-08T12:08:41;q_learning_evaluation;level_5;ai;timeout;300;300;0;0.053,;-0.010
2026-05-08T12:09:12;q_learning_preview;level_5;ai;timeout;300;300;0;30.183,;-0.010
2026-05-08T12:09:18;q_learning_train;level_5;ai;timeout;300;220;0;6.193,;-0.010
2026-05-08T12:09:18;q_learning_train;level_5;ai;timeout;300;228;0;6.194,;-0.010
2026-05-08T12:09:18;q_learning_train;level_5;ai;timeout;300;235;0;6.195,;-0.010
2026-05-08T12:09:18;q_learning_train;level_5;ai;timeout;300;210;0;6.195,;-0.760
2026-05-08T12:09:18;q_learning_train;level_5;ai;timeout;300;218;0;6.196,;-0.010
2026-05-08T12:09:18;q_learning_train;level_5;ai;timeout;300;234;0;6.197,;-0.010
2026-05-08T12:09:18;q_learning_train;level_5;ai;timeout;300;234;0;6.198,;-0.010
2026-05-08T12:09:18;q_learning_train;level_5;ai;timeout;300;213;0;6.199,;-0.010
2026-05-08T12:09:18;q_learning_train;level_5;ai;timeout;300;225;0;6.200,;-0.010
2026-05-08T12:09:18;q_learning_train;level_5;ai;timeout;300;240;0;6.200,;-0.010
2026-05-08T12:09:18;q_learning_train;level_5;ai;timeout;300;240;0;6.201,;-0.010
2026-05-08T12:09:18;q_learning_train;level_5;ai;timeout;300;217;0;6.202,;-0.010
2026-05-08T12:09:18;q_learning_train;level_5;ai;timeout;300;220;0;6.203,;-0.010
2026-05-08T12:09:18;q_learning_train;level_5;ai;timeout;300;231;0;6.204,;-0.010
2026-05-08T12:09:18;q_learning_train;level_5;ai;timeout;300;241;0;6.205,;-0.010
2026-05-08T12:09:18;q_learning_train;level_5;ai;timeout;300;210;0;6.206,;-0.010
2026-05-08T12:09:18;q_learning_train;level_5;ai;timeout;300;232;0;6.207,;-0.010
2026-05-08T12:09:18;q_learning_train;level_5;ai;timeout;300;229;0;6.209,;-0.010
2026-05-08T12:09:18;q_learning_train;level_5;ai;timeout;300;227;0;6.209,;-0.010
2026-05-08T12:09:18;q_learning_train;level_5;ai;timeout;300;227;0;6.210,;-0.010
2026-05-08T12:09:18;q_learning_train;level_5;ai;timeout;300;225;0;6.211,;-0.010
2026-05-08T12:09:18;q_learning_train;level_5;ai;timeout;300;235;0;6.212,;-0.010
2026-05-08T12:09:18;q_learning_train;level_5;ai;timeout;300;228;0;6.213,;-0.010
2026-05-08T12:09:18;q_learning_train;level_5;ai;timeout;300;222;0;6.214,;-0.010
2026-05-08T12:09:18;q_learning_train;level_5;ai;timeout;300;221;0;6.214,;-0.010
2026-05-08T12:09:18;q_learning_train;level_5;ai;timeout;300;231;0;6.215,;-0.010
2026-05-08T12:09:18;q_learning_train;level_5;ai;timeout;300;226;0;6.217,;-0.010
2026-05-08T12:09:18;q_learning_train;level_5;ai;timeout;300;219;0;6.218,;-0.010
2026-05-08T12:09:18;q_learning_train;level_5;ai;timeout;300;234;0;6.220,;-0.010
2026-05-08T12:09:18;q_learning_train;level_5;ai;timeout;300;227;0;6.221,;-0.010
2026-05-08T12:09:18;q_learning_train;level_5;ai;timeout;300;224;0;6.221,;-0.010
2026-05-08T12:09:18;q_learning_train;level_5;ai;timeout;300;230;0;6.223,;-0.010
2026-05-08T12:09:18;q_learning_train;level_5;ai;timeout;300;227;0;6.223,;-0.010
2026-05-08T12:09:18;q_learning_train;level_5;ai;timeout;300;228;0;6.224,;-0.010
2026-05-08T12:09:18;q_learning_train;level_5;ai;timeout;300;221;0;6.225,;-0.010
2026-05-08T12:09:18;q_learning_train;level_5;ai;timeout;300;231;0;6.226,;-0.010
2026-05-08T12:09:18;q_learning_train;level_5;ai;timeout;300;222;0;6.227,;-0.010
2026-05-08T12:09:18;q_learning_train;level_5;ai;timeout;300;244;0;6.228,;-0.010
2026-05-08T12:09:18;q_learning_train;level_5;ai;timeout;300;221;0;6.228,;-0.010
2026-05-08T12:09:18;q_learning_train;level_5;ai;timeout;300;221;0;6.229,;-0.010
2026-05-08T12:09:18;q_learning_train;level_5;ai;timeout;300;229;0;6.230,;-0.010
2026-05-08T12:09:18;q_learning_train;level_5;ai;timeout;300;227;0;6.231,;-0.010
2026-05-08T12:09:18;q_learning_train;level_5;ai;timeout;300;226;0;6.232,;-0.010
2026-05-08T12:09:18;q_learning_train;level_5;ai;timeout;300;225;0;6.233,;-0.010
2026-05-08T12:09:18;q_learning_train;level_5;ai;timeout;300;230;0;6.234,;-0.010
2026-05-08T12:09:18;q_learning_train;level_5;ai;timeout;300;231;0;6.234,;-0.010
2026-05-08T12:09:18;q_learning_train;level_5;ai;timeout;300;223;0;6.235,;0.740
2026-05-08T12:09:18;q_learning_train;level_5;ai;timeout;300;216;0;6.236,;-0.010
2026-05-08T12:09:18;q_learning_train;level_5;ai;timeout;300;225;0;6.237,;-0.010
2026-05-08T12:09:18;q_learning_train;level_5;ai;timeout;300;226;0;6.238,;-0.010
2026-05-08T12:09:18;q_learning_train;level_5;ai;timeout;300;220;0;6.239,;-0.010
2026-05-08T12:09:18;q_learning_train;level_5;ai;timeout;300;230;0;6.240,;-0.010
2026-05-08T12:09:18;q_learning_train;level_5;ai;timeout;300;239;0;6.241,;-0.010
2026-05-08T12:09:18;q_learning_train;level_5;ai;timeout;300;216;0;6.242,;-0.760
2026-05-08T12:09:18;q_learning_train;level_5;ai;timeout;300;229;0;6.243,;-0.010
2026-05-08T12:09:18;q_learning_train;level_5;ai;timeout;300;229;0;6.243,;-0.010
2026-05-08T12:09:18;q_learning_train;level_5;ai;timeout;300;233;0;6.244,;-0.010
2026-05-08T12:09:18;q_learning_train;level_5;ai;timeout;300;225;0;6.245,;-0.010
2026-05-08T12:09:18;q_learning_train;level_5;ai;timeout;300;223;0;6.246,;-0.010
2026-05-08T12:09:18;q_learning_train;level_5;ai;timeout;300;230;0;6.247,;-0.760
2026-05-08T12:09:18;q_learning_train;level_5;ai;timeout;300;224;0;6.248,;-0.010
2026-05-08T12:09:18;q_learning_train;level_5;ai;timeout;300;228;0;6.249,;-0.010
2026-05-08T12:09:18;q_learning_train;level_5;ai;timeout;300;222;0;6.250,;-0.010
2026-05-08T12:09:18;q_learning_train;level_5;ai;timeout;300;234;0;6.251,;-0.010
2026-05-08T12:09:18;q_learning_train;level_5;ai;timeout;300;226;0;6.252,;-0.010
2026-05-08T12:09:18;q_learning_train;level_5;ai;timeout;300;225;0;6.253,;-0.010
2026-05-08T12:09:18;q_learning_train;level_5;ai;timeout;300;227;0;6.254,;-0.010
2026-05-08T12:09:18;q_learning_train;level_5;ai;timeout;300;235;0;6.254,;-0.010
2026-05-08T12:09:18;q_learning_train;level_5;ai;timeout;300;227;0;6.255,;-0.010
2026-05-08T12:09:18;q_learning_train;level_5;ai;timeout;300;226;0;6.256,;-0.010
2026-05-08T12:09:18;q_learning_train;level_5;ai;timeout;300;228;0;6.257,;-0.010
2026-05-08T12:09:18;q_learning_train;level_5;ai;timeout;300;225;0;6.258,;-0.010
2026-05-08T12:09:18;q_learning_train;level_5;ai;timeout;300;231;0;6.259,;-0.010
2026-05-08T12:09:18;q_learning_train;level_5;ai;timeout;300;224;0;6.260,;-0.010
2026-05-08T12:09:18;q_learning_train;level_5;ai;timeout;300;214;0;6.261,;-0.010
2026-05-08T12:09:18;q_learning_train;level_5;ai;timeout;300;239;0;6.262,;-0.010
2026-05-08T12:09:18;q_learning_train;level_5;ai;timeout;300;235;0;6.263,;-0.760
2026-05-08T12:09:18;q_learning_train;level_5;ai;timeout;300;223;0;6.264,;-0.010
2026-05-08T12:09:18;q_learning_train;level_5;ai;timeout;300;223;0;6.266,;-0.010
2026-05-08T12:09:18;q_learning_train;level_5;ai;timeout;300;232;0;6.266,;-0.010
2026-05-08T12:09:18;q_learning_train;level_5;ai;timeout;300;228;0;6.268,;-0.010
2026-05-08T12:09:18;q_learning_train;level_5;ai;timeout;300;233;0;6.269,;-0.010
2026-05-08T12:09:18;q_learning_train;level_5;ai;timeout;300;221;0;6.269,;-0.010
2026-05-08T12:09:18;q_learning_train;level_5;ai;timeout;300;225;0;6.270,;-0.010
2026-05-08T12:09:18;q_learning_train;level_5;ai;timeout;300;226;0;6.271,;-0.010
2026-05-08T12:09:18;q_learning_train;level_5;ai;timeout;300;231;0;6.272,;-0.010
2026-05-08T12:09:18;q_learning_train;level_5;ai;timeout;300;209;0;6.273,;-0.010
2026-05-08T12:09:18;q_learning_train;level_5;ai;timeout;300;235;0;6.273,;-0.010
2026-05-08T12:09:18;q_learning_train;level_5;ai;timeout;300;230;0;6.274,;-0.010
2026-05-08T12:09:18;q_learning_train;level_5;ai;timeout;300;227;0;6.275,;-0.010
2026-05-08T12:09:18;q_learning_train;level_5;ai;timeout;300;225;0;6.276,;-0.010
2026-05-08T12:09:18;q_learning_train;level_5;ai;timeout;300;218;0;6.278,;-0.010
2026-05-08T12:09:18;q_learning_train;level_5;ai;timeout;300;225;0;6.278,;-0.010
2026-05-08T12:09:18;q_learning_train;level_5;ai;timeout;300;226;0;6.279,;-0.010
2026-05-08T12:09:18;q_learning_train;level_5;ai;timeout;300;222;0;6.280,;-0.010
2026-05-08T12:09:18;q_learning_train;level_5;ai;timeout;300;225;0;6.281,;-0.010
2026-05-08T12:09:18;q_learning_train;level_5;ai;timeout;300;229;0;6.282,;-0.010
2026-05-08T12:09:18;q_learning_train;level_5;ai;timeout;300;241;0;6.283,;-0.010
2026-05-08T12:09:18;q_learning_train;level_5;ai;timeout;300;224;0;6.284,;-0.010
2026-05-08T12:09:18;q_learning_train;level_5;ai;timeout;300;225;0;6.285,;-0.010
2026-05-08T12:09:18;q_learning_evaluation;level_5;ai;timeout;300;300;0;0.054,;-0.010
2026-05-08T12:09:18;q_learning_evaluation;level_5;ai;timeout;300;300;0;0.056,;-0.010
2026-05-08T12:09:18;q_learning_evaluation;level_5;ai;timeout;300;300;0;0.056,;-0.010
2026-05-08T12:09:18;q_learning_evaluation;level_5;ai;timeout;300;300;0;0.053,;-0.010
2026-05-08T12:09:18;q_learning_evaluation;level_5;ai;timeout;300;300;0;0.054,;-0.010
2026-05-08T12:09:57;q_learning_watch;level_1;ai;complete;13;13;0;1.304,;150.740
2026-05-08T12:09:58;q_learning_watch;level_1;ai;complete;13;13;0;1.303,;150.740
2026-05-08T12:10:00;q_learning_watch;level_1;ai;complete;13;13;0;1.308,;150.740
2026-05-08T12:10:30;q_learning_watch;level_2;ai;timeout;300;231;0;30.188,;0.740
2026-05-08T12:11:00;q_learning_watch;level_2;ai;timeout;300;239;0;30.166,;-0.010
2026-05-08T12:11:31;q_learning_watch;level_2;ai;timeout;300;237;0;30.185,;-0.010
2026-05-08T12:12:01;q_learning_watch;level_3;ai;timeout;300;300;0;30.171,;-0.010
2026-05-08T12:12:31;q_learning_watch;level_3;ai;timeout;300;300;0;30.160,;-0.010
2026-05-08T12:13:02;q_learning_watch;level_3;ai;timeout;300;300;0;30.167,;-0.010
2026-05-08T12:13:32;q_learning_watch;level_4;ai;timeout;300;277;0;30.187,;-0.010
2026-05-08T12:14:03;q_learning_watch;level_4;ai;timeout;300;244;0;30.182,;-0.010
2026-05-08T12:14:33;q_learning_watch;level_4;ai;timeout;300;225;0;30.190,;-0.760
2026-05-08T12:14:54;q_learning_watch;level_5;ai;complete;204;169;0;20.528,;115.887
2026-05-08T12:15:10;q_learning_watch;level_5;ai;complete;164;147;0;16.497,;118.800
2026-05-08T12:15:29;q_learning_watch;level_5;ai;complete;187;148;0;18.805,;117.686
2026-05-08T12:19:08;human;level_1;Bob;complete;16;16;0;1.611,;150.740
2026-05-08T12:19:10;human;level_2;Bob;complete;16;16;0;1.609,;150.740
2026-05-08T12:19:15;human;level_3;Bob;complete;52;48;0;5.231,;150.740
2026-05-08T12:19:21;human;level_4;Bob;complete;52;52;0;5.229,;150.740
2026-05-08T12:19:23;human;level_5;Bob;complete;18;18;0;1.816,;150.740
2026-05-08T12:21:48;q_learning_train;level_1;ai;complete;44;36;0;0.397,;150.740
2026-05-08T12:21:48;q_learning_train;level_1;ai;complete;65;52;0;0.595,;147.278
2026-05-08T12:21:48;q_learning_train;level_1;ai;complete;65;49;0;0.596,;147.278
2026-05-08T12:21:48;q_learning_train;level_1;ai;complete;71;57;0;0.653,;145.020
2026-05-08T12:21:49;q_learning_train;level_1;ai;complete;75;62;0;0.689,;141.987
2026-05-08T12:21:49;q_learning_train;level_1;ai;complete;81;74;0;0.743,;136.943
2026-05-08T12:21:49;q_learning_train;level_1;ai;complete;86;70;0;0.787,;137.019
2026-05-08T12:21:49;q_learning_train;level_1;ai;complete;89;70;0;0.815,;136.470
2026-05-08T12:21:49;q_learning_train;level_1;ai;complete;90;74;0;0.824,;135.214
2026-05-08T12:21:49;q_learning_train;level_1;ai;complete;93;70;0;0.849,;135.794
2026-05-08T12:21:49;q_learning_train;level_1;ai;complete;96;81;0;0.875,;132.607
2026-05-08T12:21:49;q_learning_train;level_1;ai;complete;97;84;0;0.886,;131.840
2026-05-08T12:21:49;q_learning_train;level_1;ai;complete;98;80;0;0.893,;132.526
2026-05-08T12:21:49;q_learning_train;level_1;ai;complete;99;84;0;0.905,;131.548
2026-05-08T12:21:49;q_learning_train;level_1;ai;complete;99;78;0;0.906,;132.830
2026-05-08T12:21:49;q_learning_train;level_1;ai;complete;100;87;0;0.915,;130.832
2026-05-08T12:21:49;q_learning_train;level_1;ai;complete;101;80;0;0.925,;132.101
2026-05-08T12:21:49;q_learning_train;level_1;ai;complete;101;82;0;0.924,;131.675
2026-05-08T12:21:49;q_learning_train;level_1;ai;complete;102;89;0;0.934,;130.196
2026-05-08T12:21:49;q_learning_train;level_1;ai;complete;103;83;0;0.944,;131.200
2026-05-08T12:21:49;q_learning_train;level_1;ai;complete;103;81;0;0.946,;131.616
2026-05-08T12:21:49;q_learning_train;level_1;ai;complete;103;91;0;0.947,;129.717
2026-05-08T12:21:49;q_learning_train;level_1;ai;complete;103;87;0;0.947,;130.424
2026-05-08T12:21:49;q_learning_train;level_1;ai;complete;103;75;0;0.947,;132.999
2026-05-08T12:21:49;q_learning_train;level_1;ai;complete;103;89;0;0.948,;130.063
2026-05-08T12:21:49;q_learning_train;level_1;ai;complete;104;84;0;0.959,;130.868
2026-05-08T12:21:49;q_learning_train;level_1;ai;complete;104;82;0;0.958,;131.275
2026-05-08T12:21:49;q_learning_train;level_1;ai;complete;105;82;0;0.970,;131.147
2026-05-08T12:21:49;q_learning_train;level_1;ai;complete;105;87;0;0.971,;130.165
2026-05-08T12:21:49;q_learning_train;level_1;ai;complete;105;83;0;0.973,;130.941
2026-05-08T12:21:49;q_learning_train;level_1;ai;complete;105;84;0;0.971,;130.740
2026-05-08T12:21:49;q_learning_train;level_1;ai;complete;106;86;0;0.981,;130.227
2026-05-08T12:21:49;q_learning_train;level_1;ai;complete;106;82;0;0.982,;131.021
2026-05-08T12:21:49;q_learning_train;level_1;ai;complete;106;85;0;0.983,;130.418
2026-05-08T12:21:49;q_learning_train;level_1;ai;complete;106;92;0;0.983,;129.165
2026-05-08T12:21:49;q_learning_train;level_1;ai;complete;107;81;0;0.992,;131.108
2026-05-08T12:21:49;q_learning_train;level_1;ai;complete;107;82;0;0.993,;130.897
2026-05-08T12:21:49;q_learning_train;level_1;ai;complete;107;90;0;0.994,;129.380
2026-05-08T12:21:49;q_learning_train;level_1;ai;complete;107;96;0;0.994,;128.407
2026-05-08T12:21:49;q_learning_train;level_1;ai;complete;107;83;0;0.992,;130.692
2026-05-08T12:21:49;q_learning_train;level_1;ai;complete;108;85;0;1.002,;130.174
2026-05-08T12:21:49;q_learning_train;level_1;ai;complete;108;86;0;1.003,;129.982
2026-05-08T12:21:49;q_learning_train;level_1;ai;complete;108;88;0;1.004,;129.612
2026-05-08T12:21:49;q_learning_train;level_1;ai;complete;108;85;0;1.004,;130.174
2026-05-08T12:21:49;q_learning_train;level_1;ai;complete;109;81;0;1.011,;130.868
2026-05-08T12:21:49;q_learning_train;level_1;ai;complete;109;91;0;1.012,;128.969
2026-05-08T12:21:49;q_learning_train;level_1;ai;complete;109;83;0;1.011,;130.452
2026-05-08T12:21:49;q_learning_train;level_1;ai;complete;110;85;0;1.018,;129.938
2026-05-08T12:21:49;q_learning_train;level_1;ai;complete;110;97;0;1.018,;127.900
2026-05-08T12:21:49;q_learning_train;level_1;ai;complete;110;90;0;1.019,;129.023
2026-05-08T12:21:49;q_learning_train;level_1;ai;complete;110;86;0;1.019,;129.746
2026-05-08T12:21:49;q_learning_train;level_1;ai;complete;110;92;0;1.018,;128.685
2026-05-08T12:21:49;q_learning_train;level_1;ai;complete;110;94;0;1.019,;128.361
2026-05-08T12:21:49;q_learning_train;level_1;ai;complete;111;83;0;1.028,;130.220
2026-05-08T12:21:49;q_learning_train;level_1;ai;complete;111;87;0;1.029,;129.445
2026-05-08T12:21:49;q_learning_train;level_1;ai;complete;111;85;0;1.030,;129.823
2026-05-08T12:21:49;q_learning_train;level_1;ai;complete;111;93;0;1.030,;128.406
2026-05-08T12:21:49;q_learning_train;level_1;ai;complete;112;88;0;1.037,;129.149
2026-05-08T12:21:49;q_learning_train;level_1;ai;complete;112;85;0;1.036,;129.711
2026-05-08T12:21:49;q_learning_train;level_1;ai;complete;113;90;0;1.044,;128.685
2026-05-08T12:21:49;q_learning_train;level_1;ai;complete;113;91;0;1.045,;128.514
2026-05-08T12:21:49;q_learning_train;level_1;ai;complete;113;90;0;1.045,;128.685
2026-05-08T12:21:49;q_learning_train;level_1;ai;complete;113;87;0;1.046,;129.221
2026-05-08T12:21:49;q_learning_train;level_1;ai;complete;113;94;0;1.044,;128.023
2026-05-08T12:21:49;q_learning_train;level_1;ai;complete;114;100;0;1.054,;127.021
2026-05-08T12:21:49;q_learning_train;level_1;ai;complete;114;101;0;1.055,;126.882
2026-05-08T12:21:49;q_learning_train;level_1;ai;complete;114;89;0;1.051,;128.751
2026-05-08T12:21:49;q_learning_train;level_1;ai;complete;115;89;0;1.060,;128.644
2026-05-08T12:21:49;q_learning_train;level_1;ai;complete;115;99;0;1.061,;127.055
2026-05-08T12:21:49;q_learning_train;level_1;ai;complete;115;93;0;1.061,;127.968
2026-05-08T12:21:49;q_learning_train;level_1;ai;complete;115;96;0;1.062,;127.497
2026-05-08T12:21:49;q_learning_train;level_1;ai;complete;115;97;0;1.062,;127.347
2026-05-08T12:21:49;q_learning_train;level_1;ai;complete;115;99;0;1.059,;127.055
2026-05-08T12:21:49;q_learning_train;level_1;ai;complete;115;95;0;1.060,;127.651
2026-05-08T12:21:49;q_learning_train;level_1;ai;complete;116;97;0;1.066,;127.242
2026-05-08T12:21:49;q_learning_train;level_1;ai;complete;116;93;0;1.065,;127.863
2026-05-08T12:21:49;q_learning_train;level_1;ai;complete;116;93;0;1.066,;127.863
2026-05-08T12:21:49;q_learning_train;level_1;ai;complete;116;102;0;1.067,;126.534
2026-05-08T12:21:49;q_learning_train;level_1;ai;complete;117;97;0;1.075,;127.139
2026-05-08T12:21:49;q_learning_train;level_1;ai;complete;117;95;0;1.075,;127.443
2026-05-08T12:21:49;q_learning_train;level_1;ai;complete;117;94;0;1.073,;127.599
2026-05-08T12:21:49;q_learning_train;level_1;ai;complete;118;104;0;1.076,;126.066
2026-05-08T12:21:49;q_learning_train;level_1;ai;complete;118;95;0;1.075,;127.341
2026-05-08T12:21:49;q_learning_train;level_1;ai;complete;119;95;0;1.085,;127.242
2026-05-08T12:21:49;q_learning_train;level_1;ai;complete;119;87;0;1.086,;128.597
2026-05-08T12:21:49;q_learning_train;level_1;ai;complete;119;98;0;1.085,;126.790
2026-05-08T12:21:49;q_learning_train;level_1;ai;complete;119;102;0;1.083,;126.230
2026-05-08T12:21:49;q_learning_train;level_1;ai;complete;120;100;0;1.092,;126.407
2026-05-08T12:21:49;q_learning_train;level_1;ai;complete;120;102;0;1.093,;126.132
2026-05-08T12:21:49;q_learning_train;level_1;ai;complete;120;104;0;1.091,;125.868
2026-05-08T12:21:49;q_learning_train;level_1;ai;complete;120;102;0;1.087,;126.132
2026-05-08T12:21:49;q_learning_train;level_1;ai;complete;121;103;0;1.093,;125.902
2026-05-08T12:21:49;q_learning_train;level_1;ai;complete;121;107;0;1.093,;125.394
2026-05-08T12:21:49;q_learning_train;level_1;ai;complete;122;108;0;1.094,;125.178
2026-05-08T12:21:49;q_learning_train;level_1;ai;complete;123;105;0;1.101,;125.455
2026-05-08T12:21:49;q_learning_train;level_1;ai;complete;123;97;0;1.102,;126.555
2026-05-08T12:21:49;q_learning_train;level_1;ai;complete;123;103;0;1.102,;125.714
2026-05-08T12:21:49;q_learning_train;level_1;ai;complete;123;101;0;1.100,;125.983
2026-05-08T12:21:49;q_learning_train;level_1;ai;complete;123;100;0;1.100,;126.122
2026-05-08T12:21:49;q_learning_train;level_1;ai;complete;126;110;0;1.100,;124.578
2026-05-08T12:21:49;q_learning_evaluation;level_1;ai;complete;13;13;0;0.001,;150.740
2026-05-08T12:21:49;q_learning_evaluation;level_1;ai;complete;13;13;0;0.001,;150.740
2026-05-08T12:21:49;q_learning_evaluation;level_1;ai;complete;13;13;0;0.001,;150.740
2026-05-08T12:21:49;q_learning_evaluation;level_1;ai;complete;13;13;0;0.001,;150.740
2026-05-08T12:21:49;q_learning_evaluation;level_1;ai;complete;13;13;0;0.001,;150.740
2026-05-08T12:21:51;q_learning_preview;level_1;ai;complete;13;13;0;1.306,;150.740
2026-05-08T12:21:51;q_learning_train;level_1;ai;complete;13;13;0;0.133,;150.740
2026-05-08T12:21:51;q_learning_train;level_1;ai;complete;13;13;0;0.135,;150.740
2026-05-08T12:21:51;q_learning_train;level_1;ai;complete;13;13;0;0.137,;150.740
2026-05-08T12:21:51;q_learning_train;level_1;ai;complete;13;13;0;0.138,;150.740
2026-05-08T12:21:51;q_learning_train;level_1;ai;complete;13;13;0;0.139,;150.740
2026-05-08T12:21:51;q_learning_train;level_1;ai;complete;13;13;0;0.140,;150.740
2026-05-08T12:21:51;q_learning_train;level_1;ai;complete;13;13;0;0.141,;150.740
2026-05-08T12:21:51;q_learning_train;level_1;ai;complete;13;13;0;0.142,;150.740
2026-05-08T12:21:51;q_learning_train;level_1;ai;complete;13;13;0;0.143,;150.740
2026-05-08T12:21:51;q_learning_train;level_1;ai;complete;13;13;0;0.145,;150.740
2026-05-08T12:21:51;q_learning_train;level_1;ai;complete;13;13;0;0.146,;150.740
2026-05-08T12:21:51;q_learning_train;level_1;ai;complete;13;13;0;0.148,;150.740
2026-05-08T12:21:51;q_learning_train;level_1;ai;complete;13;13;0;0.149,;150.740
2026-05-08T12:21:51;q_learning_train;level_1;ai;complete;13;13;0;0.150,;150.740
2026-05-08T12:21:51;q_learning_train;level_1;ai;complete;13;13;0;0.151,;150.740
2026-05-08T12:21:51;q_learning_train;level_1;ai;complete;13;13;0;0.154,;150.740
2026-05-08T12:21:51;q_learning_train;level_1;ai;complete;13;13;0;0.155,;150.740
2026-05-08T12:21:51;q_learning_train;level_1;ai;complete;13;13;0;0.157,;150.740
2026-05-08T12:21:51;q_learning_train;level_1;ai;complete;13;13;0;0.159,;150.740
2026-05-08T12:21:51;q_learning_train;level_1;ai;complete;13;13;0;0.161,;150.740
2026-05-08T12:21:51;q_learning_train;level_1;ai;complete;13;13;0;0.163,;150.740
2026-05-08T12:21:51;q_learning_train;level_1;ai;complete;14;13;0;0.173,;150.740
2026-05-08T12:21:51;q_learning_train;level_1;ai;complete;14;14;0;0.174,;150.740
2026-05-08T12:21:51;q_learning_train;level_1;ai;complete;14;13;0;0.175,;150.740
2026-05-08T12:21:51;q_learning_train;level_1;ai;complete;14;14;0;0.176,;150.740
2026-05-08T12:21:51;q_learning_train;level_1;ai;complete;14;14;0;0.177,;150.740
2026-05-08T12:21:51;q_learning_train;level_1;ai;complete;14;14;0;0.178,;150.740
2026-05-08T12:21:51;q_learning_train;level_1;ai;complete;14;14;0;0.179,;150.740
2026-05-08T12:21:51;q_learning_train;level_1;ai;complete;14;14;0;0.180,;150.740
2026-05-08T12:21:51;q_learning_train;level_1;ai;complete;14;13;0;0.181,;150.740
2026-05-08T12:21:51;q_learning_train;level_1;ai;complete;14;14;0;0.182,;150.740
2026-05-08T12:21:51;q_learning_train;level_1;ai;complete;14;14;0;0.182,;150.740
2026-05-08T12:21:51;q_learning_train;level_1;ai;complete;14;13;0;0.184,;150.740
2026-05-08T12:21:51;q_learning_train;level_1;ai;complete;14;14;0;0.185,;150.740
2026-05-08T12:21:51;q_learning_train;level_1;ai;complete;14;14;0;0.187,;150.740
2026-05-08T12:21:51;q_learning_train;level_1;ai;complete;14;13;0;0.188,;150.740
2026-05-08T12:21:51;q_learning_train;level_1;ai;complete;14;14;0;0.189,;150.740
2026-05-08T12:21:51;q_learning_train;level_1;ai;complete;14;13;0;0.191,;150.740
2026-05-08T12:21:51;q_learning_train;level_1;ai;complete;14;14;0;0.192,;150.740
2026-05-08T12:21:51;q_learning_train;level_1;ai;complete;14;14;0;0.193,;150.740
2026-05-08T12:21:51;q_learning_train;level_1;ai;complete;14;14;0;0.194,;150.740
2026-05-08T12:21:51;q_learning_train;level_1;ai;complete;14;13;0;0.195,;150.740
2026-05-08T12:21:51;q_learning_train;level_1;ai;complete;14;13;0;0.196,;150.740
2026-05-08T12:21:51;q_learning_train;level_1;ai;complete;14;14;0;0.198,;150.740
2026-05-08T12:21:51;q_learning_train;level_1;ai;complete;14;13;0;0.199,;150.740
2026-05-08T12:21:51;q_learning_train;level_1;ai;complete;14;14;0;0.200,;150.740
2026-05-08T12:21:51;q_learning_train;level_1;ai;complete;15;15;0;0.209,;150.740
2026-05-08T12:21:51;q_learning_train;level_1;ai;complete;15;14;0;0.210,;150.740
2026-05-08T12:21:51;q_learning_train;level_1;ai;complete;15;13;0;0.211,;150.740
2026-05-08T12:21:51;q_learning_train;level_1;ai;complete;15;14;0;0.212,;150.740
2026-05-08T12:21:51;q_learning_train;level_1;ai;complete;15;14;0;0.212,;150.740
2026-05-08T12:21:51;q_learning_train;level_1;ai;complete;15;14;0;0.213,;150.740
2026-05-08T12:21:51;q_learning_train;level_1;ai;complete;15;14;0;0.214,;150.740
2026-05-08T12:21:51;q_learning_train;level_1;ai;complete;15;15;0;0.216,;150.740
2026-05-08T12:21:51;q_learning_train;level_1;ai;complete;15;14;0;0.217,;150.740
2026-05-08T12:21:51;q_learning_train;level_1;ai;complete;15;14;0;0.218,;150.740
2026-05-08T12:21:51;q_learning_train;level_1;ai;complete;15;14;0;0.219,;150.740
2026-05-08T12:21:51;q_learning_train;level_1;ai;complete;15;15;0;0.220,;150.740
2026-05-08T12:21:51;q_learning_train;level_1;ai;complete;15;15;0;0.222,;150.740
2026-05-08T12:21:51;q_learning_train;level_1;ai;complete;15;15;0;0.223,;150.740
2026-05-08T12:21:51;q_learning_train;level_1;ai;complete;15;14;0;0.224,;150.740
2026-05-08T12:21:51;q_learning_train;level_1;ai;complete;15;15;0;0.225,;150.740
2026-05-08T12:21:51;q_learning_train;level_1;ai;complete;15;15;0;0.226,;150.740
2026-05-08T12:21:51;q_learning_train;level_1;ai;complete;15;15;0;0.227,;150.740
2026-05-08T12:21:51;q_learning_train;level_1;ai;complete;15;15;0;0.228,;150.740
2026-05-08T12:21:51;q_learning_train;level_1;ai;complete;15;15;0;0.229,;150.740
2026-05-08T12:21:51;q_learning_train;level_1;ai;complete;15;15;0;0.230,;150.740
2026-05-08T12:21:51;q_learning_train;level_1;ai;complete;15;15;0;0.232,;150.740
2026-05-08T12:21:51;q_learning_train;level_1;ai;complete;15;15;0;0.233,;150.740
2026-05-08T12:21:51;q_learning_train;level_1;ai;complete;15;15;0;0.234,;150.740
2026-05-08T12:21:51;q_learning_train;level_1;ai;complete;15;15;0;0.235,;150.740
2026-05-08T12:21:51;q_learning_train;level_1;ai;complete;15;15;0;0.237,;150.740
2026-05-08T12:21:51;q_learning_train;level_1;ai;complete;15;13;0;0.238,;150.740
2026-05-08T12:21:51;q_learning_train;level_1;ai;complete;16;16;0;0.246,;150.740
2026-05-08T12:21:51;q_learning_train;level_1;ai;complete;16;15;0;0.247,;150.740
2026-05-08T12:21:51;q_learning_train;level_1;ai;complete;16;16;0;0.248,;150.740
2026-05-08T12:21:51;q_learning_train;level_1;ai;complete;16;15;0;0.249,;150.740
2026-05-08T12:21:51;q_learning_train;level_1;ai;complete;16;15;0;0.250,;150.740
2026-05-08T12:21:51;q_learning_train;level_1;ai;complete;16;16;0;0.251,;150.740
2026-05-08T12:21:51;q_learning_train;level_1;ai;complete;16;16;0;0.253,;150.740
2026-05-08T12:21:51;q_learning_train;level_1;ai;complete;16;14;0;0.254,;150.740
2026-05-08T12:21:51;q_learning_train;level_1;ai;complete;16;16;0;0.255,;150.740
2026-05-08T12:21:51;q_learning_train;level_1;ai;complete;16;16;0;0.255,;150.740
2026-05-08T12:21:51;q_learning_train;level_1;ai;complete;16;16;0;0.257,;150.740
2026-05-08T12:21:51;q_learning_train;level_1;ai;complete;16;15;0;0.257,;150.740
2026-05-08T12:21:51;q_learning_train;level_1;ai;complete;17;17;0;0.263,;150.740
2026-05-08T12:21:51;q_learning_train;level_1;ai;complete;17;16;0;0.264,;150.740
2026-05-08T12:21:51;q_learning_train;level_1;ai;complete;17;17;0;0.261,;150.740
2026-05-08T12:21:51;q_learning_train;level_1;ai;complete;17;16;0;0.262,;150.740
2026-05-08T12:21:51;q_learning_train;level_1;ai;complete;17;17;0;0.263,;150.740
2026-05-08T12:21:51;q_learning_train;level_1;ai;complete;17;16;0;0.264,;150.740
2026-05-08T12:21:51;q_learning_train;level_1;ai;complete;17;17;0;0.265,;150.740
2026-05-08T12:21:51;q_learning_train;level_1;ai;complete;17;17;0;0.266,;150.740
2026-05-08T12:21:51;q_learning_train;level_1;ai;complete;18;18;0;0.274,;150.740
2026-05-08T12:21:51;q_learning_train;level_1;ai;complete;18;16;0;0.272,;150.740
2026-05-08T12:21:51;q_learning_train;level_1;ai;complete;18;17;0;0.273,;150.740
2026-05-08T12:21:51;q_learning_train;level_1;ai;complete;18;16;0;0.273,;150.740
2026-05-08T12:21:51;q_learning_train;level_1;ai;complete;18;17;0;0.273,;150.740
2026-05-08T12:21:51;q_learning_train;level_1;ai;complete;19;19;0;0.274,;150.740
2026-05-08T12:21:51;q_learning_train;level_1;ai;complete;20;19;0;0.275,;150.740
2026-05-08T12:21:51;q_learning_evaluation;level_1;ai;complete;13;13;0;0.001,;150.740
2026-05-08T12:21:51;q_learning_evaluation;level_1;ai;complete;13;13;0;0.001,;150.740
2026-05-08T12:21:51;q_learning_evaluation;level_1;ai;complete;13;13;0;0.001,;150.740
2026-05-08T12:21:51;q_learning_evaluation;level_1;ai;complete;13;13;0;0.002,;150.740
2026-05-08T12:21:51;q_learning_evaluation;level_1;ai;complete;13;13;0;0.001,;150.740
2026-05-08T12:21:53;q_learning_preview;level_1;ai;complete;13;13;0;1.308,;150.740
2026-05-08T12:21:53;q_learning_train;level_1;ai;complete;13;13;0;0.131,;150.740
2026-05-08T12:21:53;q_learning_train;level_1;ai;complete;13;13;0;0.132,;150.740
2026-05-08T12:21:53;q_learning_train;level_1;ai;complete;13;13;0;0.133,;150.740
2026-05-08T12:21:53;q_learning_train;level_1;ai;complete;13;13;0;0.134,;150.740
2026-05-08T12:21:53;q_learning_train;level_1;ai;complete;13;13;0;0.136,;150.740
2026-05-08T12:21:53;q_learning_train;level_1;ai;complete;13;13;0;0.137,;150.740
2026-05-08T12:21:53;q_learning_train;level_1;ai;complete;13;13;0;0.139,;150.740
2026-05-08T12:21:53;q_learning_train;level_1;ai;complete;13;13;0;0.140,;150.740
2026-05-08T12:21:53;q_learning_train;level_1;ai;complete;13;13;0;0.142,;150.740
2026-05-08T12:21:53;q_learning_train;level_1;ai;complete;13;13;0;0.143,;150.740
2026-05-08T12:21:53;q_learning_train;level_1;ai;complete;13;13;0;0.144,;150.740
2026-05-08T12:21:53;q_learning_train;level_1;ai;complete;13;13;0;0.145,;150.740
2026-05-08T12:21:53;q_learning_train;level_1;ai;complete;13;13;0;0.146,;150.740
2026-05-08T12:21:53;q_learning_train;level_1;ai;complete;13;13;0;0.147,;150.740
2026-05-08T12:21:53;q_learning_train;level_1;ai;complete;13;13;0;0.149,;150.740
2026-05-08T12:21:53;q_learning_train;level_1;ai;complete;13;13;0;0.150,;150.740
2026-05-08T12:21:53;q_learning_train;level_1;ai;complete;13;13;0;0.152,;150.740
2026-05-08T12:21:53;q_learning_train;level_1;ai;complete;13;13;0;0.153,;150.740
2026-05-08T12:21:53;q_learning_train;level_1;ai;complete;13;13;0;0.154,;150.740
2026-05-08T12:21:53;q_learning_train;level_1;ai;complete;13;13;0;0.155,;150.740
2026-05-08T12:21:53;q_learning_train;level_1;ai;complete;13;13;0;0.156,;150.740
2026-05-08T12:21:53;q_learning_train;level_1;ai;complete;13;13;0;0.157,;150.740
2026-05-08T12:21:53;q_learning_train;level_1;ai;complete;13;13;0;0.159,;150.740
2026-05-08T12:21:53;q_learning_train;level_1;ai;complete;13;13;0;0.160,;150.740
2026-05-08T12:21:53;q_learning_train;level_1;ai;complete;13;13;0;0.162,;150.740
2026-05-08T12:21:53;q_learning_train;level_1;ai;complete;13;13;0;0.163,;150.740
2026-05-08T12:21:53;q_learning_train;level_1;ai;complete;13;13;0;0.164,;150.740
2026-05-08T12:21:53;q_learning_train;level_1;ai;complete;13;13;0;0.166,;150.740
2026-05-08T12:21:53;q_learning_train;level_1;ai;complete;13;13;0;0.167,;150.740
2026-05-08T12:21:53;q_learning_train;level_1;ai;complete;13;13;0;0.168,;150.740
2026-05-08T12:21:53;q_learning_train;level_1;ai;complete;13;13;0;0.169,;150.740
2026-05-08T12:21:53;q_learning_train;level_1;ai;complete;13;13;0;0.170,;150.740
2026-05-08T12:21:53;q_learning_train;level_1;ai;complete;13;13;0;0.171,;150.740
2026-05-08T12:21:53;q_learning_train;level_1;ai;complete;13;13;0;0.172,;150.740
2026-05-08T12:21:53;q_learning_train;level_1;ai;complete;13;13;0;0.174,;150.740
2026-05-08T12:21:53;q_learning_train;level_1;ai;complete;13;13;0;0.175,;150.740
2026-05-08T12:21:53;q_learning_train;level_1;ai;complete;13;13;0;0.176,;150.740
2026-05-08T12:21:53;q_learning_train;level_1;ai;complete;13;13;0;0.177,;150.740
2026-05-08T12:21:53;q_learning_train;level_1;ai;complete;13;13;0;0.178,;150.740
2026-05-08T12:21:53;q_learning_train;level_1;ai;complete;13;13;0;0.179,;150.740
2026-05-08T12:21:53;q_learning_train;level_1;ai;complete;13;13;0;0.181,;150.740
2026-05-08T12:21:53;q_learning_train;level_1;ai;complete;13;13;0;0.183,;150.740
2026-05-08T12:21:53;q_learning_train;level_1;ai;complete;13;13;0;0.184,;150.740
2026-05-08T12:21:53;q_learning_train;level_1;ai;complete;13;13;0;0.185,;150.740
2026-05-08T12:21:53;q_learning_train;level_1;ai;complete;13;13;0;0.186,;150.740
2026-05-08T12:21:53;q_learning_train;level_1;ai;complete;13;13;0;0.188,;150.740
2026-05-08T12:21:53;q_learning_train;level_1;ai;complete;13;13;0;0.189,;150.740
2026-05-08T12:21:53;q_learning_train;level_1;ai;complete;13;13;0;0.190,;150.740
2026-05-08T12:21:53;q_learning_train;level_1;ai;complete;13;13;0;0.191,;150.740
2026-05-08T12:21:53;q_learning_train;level_1;ai;complete;13;13;0;0.193,;150.740
2026-05-08T12:21:53;q_learning_train;level_1;ai;complete;13;13;0;0.195,;150.740
2026-05-08T12:21:53;q_learning_train;level_1;ai;complete;13;13;0;0.196,;150.740
2026-05-08T12:21:53;q_learning_train;level_1;ai;complete;13;13;0;0.197,;150.740
2026-05-08T12:21:53;q_learning_train;level_1;ai;complete;13;13;0;0.198,;150.740
2026-05-08T12:21:53;q_learning_train;level_1;ai;complete;13;13;0;0.199,;150.740
2026-05-08T12:21:53;q_learning_train;level_1;ai;complete;13;13;0;0.200,;150.740
2026-05-08T12:21:53;q_learning_train;level_1;ai;complete;13;13;0;0.201,;150.740
2026-05-08T12:21:53;q_learning_train;level_1;ai;complete;13;13;0;0.202,;150.740
2026-05-08T12:21:53;q_learning_train;level_1;ai;complete;13;13;0;0.204,;150.740
2026-05-08T12:21:53;q_learning_train;level_1;ai;complete;13;13;0;0.205,;150.740
2026-05-08T12:21:53;q_learning_train;level_1;ai;complete;14;14;0;0.213,;150.740
2026-05-08T12:21:53;q_learning_train;level_1;ai;complete;14;13;0;0.214,;150.740
2026-05-08T12:21:53;q_learning_train;level_1;ai;complete;14;13;0;0.215,;150.740
2026-05-08T12:21:53;q_learning_train;level_1;ai;complete;14;14;0;0.215,;150.740
2026-05-08T12:21:53;q_learning_train;level_1;ai;complete;14;14;0;0.216,;150.740
2026-05-08T12:21:53;q_learning_train;level_1;ai;complete;14;14;0;0.217,;150.740
2026-05-08T12:21:53;q_learning_train;level_1;ai;complete;14;13;0;0.218,;150.740
2026-05-08T12:21:53;q_learning_train;level_1;ai;complete;14;14;0;0.219,;150.740
2026-05-08T12:21:53;q_learning_train;level_1;ai;complete;14;14;0;0.220,;150.740
2026-05-08T12:21:53;q_learning_train;level_1;ai;complete;14;13;0;0.220,;150.740
2026-05-08T12:21:53;q_learning_train;level_1;ai;complete;14;14;0;0.221,;150.740
2026-05-08T12:21:53;q_learning_train;level_1;ai;complete;14;14;0;0.222,;150.740
2026-05-08T12:21:53;q_learning_train;level_1;ai;complete;14;14;0;0.223,;150.740
2026-05-08T12:21:53;q_learning_train;level_1;ai;complete;14;13;0;0.226,;150.740
2026-05-08T12:21:53;q_learning_train;level_1;ai;complete;14;14;0;0.228,;150.740
2026-05-08T12:21:53;q_learning_train;level_1;ai;complete;14;13;0;0.229,;150.740
2026-05-08T12:21:53;q_learning_train;level_1;ai;complete;14;13;0;0.230,;150.740
2026-05-08T12:21:53;q_learning_train;level_1;ai;complete;14;14;0;0.230,;150.740
2026-05-08T12:21:53;q_learning_train;level_1;ai;complete;14;14;0;0.231,;150.740
2026-05-08T12:21:53;q_learning_train;level_1;ai;complete;14;14;0;0.232,;150.740
2026-05-08T12:21:53;q_learning_train;level_1;ai;complete;14;14;0;0.234,;150.740
2026-05-08T12:21:53;q_learning_train;level_1;ai;complete;14;14;0;0.235,;150.740
2026-05-08T12:21:53;q_learning_train;level_1;ai;complete;14;14;0;0.236,;150.740
2026-05-08T12:21:53;q_learning_train;level_1;ai;complete;15;15;0;0.244,;150.740
2026-05-08T12:21:53;q_learning_train;level_1;ai;complete;15;14;0;0.245,;150.740
2026-05-08T12:21:53;q_learning_train;level_1;ai;complete;15;15;0;0.246,;150.740
2026-05-08T12:21:53;q_learning_train;level_1;ai;complete;15;15;0;0.247,;150.740
2026-05-08T12:21:53;q_learning_train;level_1;ai;complete;15;15;0;0.248,;150.740
2026-05-08T12:21:53;q_learning_train;level_1;ai;complete;15;14;0;0.247,;150.740
2026-05-08T12:21:53;q_learning_train;level_1;ai;complete;15;15;0;0.249,;150.740
2026-05-08T12:21:53;q_learning_train;level_1;ai;complete;15;13;0;0.249,;150.740
2026-05-08T12:21:53;q_learning_train;level_1;ai;complete;15;15;0;0.250,;150.740
2026-05-08T12:21:53;q_learning_train;level_1;ai;complete;15;15;0;0.251,;150.740
2026-05-08T12:21:53;q_learning_train;level_1;ai;complete;15;14;0;0.251,;150.740
2026-05-08T12:21:53;q_learning_train;level_1;ai;complete;15;15;0;0.252,;150.740
2026-05-08T12:21:53;q_learning_train;level_1;ai;complete;16;16;0;0.256,;150.740
2026-05-08T12:21:53;q_learning_train;level_1;ai;complete;17;16;0;0.261,;150.740
2026-05-08T12:21:53;q_learning_train;level_1;ai;complete;17;17;0;0.261,;150.740
2026-05-08T12:21:53;q_learning_train;level_1;ai;complete;17;16;0;0.262,;150.740
2026-05-08T12:21:53;q_learning_train;level_1;ai;complete;18;18;0;0.264,;150.740
2026-05-08T12:21:53;q_learning_evaluation;level_1;ai;complete;13;13;0;0.001,;150.740
2026-05-08T12:21:53;q_learning_evaluation;level_1;ai;complete;13;13;0;0.002,;150.740
2026-05-08T12:21:53;q_learning_evaluation;level_1;ai;complete;13;13;0;0.001,;150.740
2026-05-08T12:21:53;q_learning_evaluation;level_1;ai;complete;13;13;0;0.002,;150.740
2026-05-08T12:21:53;q_learning_evaluation;level_1;ai;complete;13;13;0;0.001,;150.740
2026-05-08T12:21:55;q_learning_preview;level_1;ai;complete;13;13;0;1.307,;150.740
2026-05-08T12:21:55;q_learning_train;level_1;ai;complete;13;13;0;0.133,;150.740
2026-05-08T12:21:55;q_learning_train;level_1;ai;complete;13;13;0;0.134,;150.740
2026-05-08T12:21:55;q_learning_train;level_1;ai;complete;13;13;0;0.136,;150.740
2026-05-08T12:21:55;q_learning_train;level_1;ai;complete;13;13;0;0.137,;150.740
2026-05-08T12:21:55;q_learning_train;level_1;ai;complete;13;13;0;0.138,;150.740
2026-05-08T12:21:55;q_learning_train;level_1;ai;complete;13;13;0;0.139,;150.740
2026-05-08T12:21:55;q_learning_train;level_1;ai;complete;13;13;0;0.140,;150.740
2026-05-08T12:21:55;q_learning_train;level_1;ai;complete;13;13;0;0.141,;150.740
2026-05-08T12:21:55;q_learning_train;level_1;ai;complete;13;13;0;0.142,;150.740
2026-05-08T12:21:55;q_learning_train;level_1;ai;complete;13;13;0;0.143,;150.740
2026-05-08T12:21:55;q_learning_train;level_1;ai;complete;13;13;0;0.144,;150.740
2026-05-08T12:21:55;q_learning_train;level_1;ai;complete;13;13;0;0.145,;150.740
2026-05-08T12:21:55;q_learning_train;level_1;ai;complete;13;13;0;0.146,;150.740
2026-05-08T12:21:55;q_learning_train;level_1;ai;complete;13;13;0;0.148,;150.740
2026-05-08T12:21:55;q_learning_train;level_1;ai;complete;13;13;0;0.149,;150.740
2026-05-08T12:21:55;q_learning_train;level_1;ai;complete;13;13;0;0.150,;150.740
2026-05-08T12:21:55;q_learning_train;level_1;ai;complete;13;13;0;0.151,;150.740
2026-05-08T12:21:55;q_learning_train;level_1;ai;complete;13;13;0;0.152,;150.740
2026-05-08T12:21:55;q_learning_train;level_1;ai;complete;13;13;0;0.153,;150.740
2026-05-08T12:21:55;q_learning_train;level_1;ai;complete;13;13;0;0.155,;150.740
2026-05-08T12:21:55;q_learning_train;level_1;ai;complete;13;13;0;0.156,;150.740
2026-05-08T12:21:55;q_learning_train;level_1;ai;complete;13;13;0;0.157,;150.740
2026-05-08T12:21:55;q_learning_train;level_1;ai;complete;13;13;0;0.158,;150.740
2026-05-08T12:21:55;q_learning_train;level_1;ai;complete;13;13;0;0.159,;150.740
2026-05-08T12:21:55;q_learning_train;level_1;ai;complete;13;13;0;0.160,;150.740
2026-05-08T12:21:55;q_learning_train;level_1;ai;complete;13;13;0;0.161,;150.740
2026-05-08T12:21:55;q_learning_train;level_1;ai;complete;13;13;0;0.163,;150.740
2026-05-08T12:21:55;q_learning_train;level_1;ai;complete;13;13;0;0.164,;150.740
2026-05-08T12:21:55;q_learning_train;level_1;ai;complete;13;13;0;0.165,;150.740
2026-05-08T12:21:55;q_learning_train;level_1;ai;complete;13;13;0;0.166,;150.740
2026-05-08T12:21:55;q_learning_train;level_1;ai;complete;13;13;0;0.167,;150.740
2026-05-08T12:21:55;q_learning_train;level_1;ai;complete;13;13;0;0.169,;150.740
2026-05-08T12:21:55;q_learning_train;level_1;ai;complete;13;13;0;0.170,;150.740
2026-05-08T12:21:55;q_learning_train;level_1;ai;complete;13;13;0;0.170,;150.740
2026-05-08T12:21:55;q_learning_train;level_1;ai;complete;13;13;0;0.171,;150.740
2026-05-08T12:21:55;q_learning_train;level_1;ai;complete;13;13;0;0.172,;150.740
2026-05-08T12:21:55;q_learning_train;level_1;ai;complete;13;13;0;0.174,;150.740
2026-05-08T12:21:55;q_learning_train;level_1;ai;complete;13;13;0;0.175,;150.740
2026-05-08T12:21:55;q_learning_train;level_1;ai;complete;13;13;0;0.176,;150.740
2026-05-08T12:21:55;q_learning_train;level_1;ai;complete;13;13;0;0.177,;150.740
2026-05-08T12:21:55;q_learning_train;level_1;ai;complete;13;13;0;0.178,;150.740
2026-05-08T12:21:55;q_learning_train;level_1;ai;complete;13;13;0;0.179,;150.740
2026-05-08T12:21:55;q_learning_train;level_1;ai;complete;13;13;0;0.180,;150.740
2026-05-08T12:21:55;q_learning_train;level_1;ai;complete;13;13;0;0.181,;150.740
2026-05-08T12:21:55;q_learning_train;level_1;ai;complete;13;13;0;0.182,;150.740
2026-05-08T12:21:55;q_learning_train;level_1;ai;complete;13;13;0;0.183,;150.740
2026-05-08T12:21:55;q_learning_train;level_1;ai;complete;13;13;0;0.185,;150.740
2026-05-08T12:21:55;q_learning_train;level_1;ai;complete;13;13;0;0.185,;150.740
2026-05-08T12:21:55;q_learning_train;level_1;ai;complete;13;13;0;0.186,;150.740
2026-05-08T12:21:55;q_learning_train;level_1;ai;complete;13;13;0;0.188,;150.740
2026-05-08T12:21:55;q_learning_train;level_1;ai;complete;13;13;0;0.189,;150.740
2026-05-08T12:21:55;q_learning_train;level_1;ai;complete;13;13;0;0.191,;150.740
2026-05-08T12:21:55;q_learning_train;level_1;ai;complete;13;13;0;0.193,;150.740
2026-05-08T12:21:55;q_learning_train;level_1;ai;complete;13;13;0;0.194,;150.740
2026-05-08T12:21:55;q_learning_train;level_1;ai;complete;13;13;0;0.195,;150.740
2026-05-08T12:21:55;q_learning_train;level_1;ai;complete;13;13;0;0.197,;150.740
2026-05-08T12:21:55;q_learning_train;level_1;ai;complete;13;13;0;0.198,;150.740
2026-05-08T12:21:55;q_learning_train;level_1;ai;complete;13;13;0;0.199,;150.740
2026-05-08T12:21:55;q_learning_train;level_1;ai;complete;13;13;0;0.200,;150.740
2026-05-08T12:21:55;q_learning_train;level_1;ai;complete;13;13;0;0.201,;150.740
2026-05-08T12:21:55;q_learning_train;level_1;ai;complete;13;13;0;0.202,;150.740
2026-05-08T12:21:55;q_learning_train;level_1;ai;complete;13;13;0;0.203,;150.740
2026-05-08T12:21:55;q_learning_train;level_1;ai;complete;14;14;0;0.212,;150.740
2026-05-08T12:21:55;q_learning_train;level_1;ai;complete;14;13;0;0.213,;150.740
2026-05-08T12:21:55;q_learning_train;level_1;ai;complete;14;14;0;0.214,;150.740
2026-05-08T12:21:55;q_learning_train;level_1;ai;complete;14;14;0;0.215,;150.740
2026-05-08T12:21:55;q_learning_train;level_1;ai;complete;14;14;0;0.216,;150.740
2026-05-08T12:21:55;q_learning_train;level_1;ai;complete;14;13;0;0.217,;150.740
2026-05-08T12:21:55;q_learning_train;level_1;ai;complete;14;14;0;0.218,;150.740
2026-05-08T12:21:55;q_learning_train;level_1;ai;complete;14;14;0;0.219,;150.740
2026-05-08T12:21:55;q_learning_train;level_1;ai;complete;14;14;0;0.220,;150.740
2026-05-08T12:21:55;q_learning_train;level_1;ai;complete;14;13;0;0.221,;150.740
2026-05-08T12:21:55;q_learning_train;level_1;ai;complete;14;13;0;0.222,;150.740
2026-05-08T12:21:55;q_learning_train;level_1;ai;complete;14;14;0;0.223,;150.740
2026-05-08T12:21:55;q_learning_train;level_1;ai;complete;14;14;0;0.224,;150.740
2026-05-08T12:21:55;q_learning_train;level_1;ai;complete;14;14;0;0.225,;150.740
2026-05-08T12:21:55;q_learning_train;level_1;ai;complete;14;13;0;0.227,;150.740
2026-05-08T12:21:55;q_learning_train;level_1;ai;complete;14;14;0;0.229,;150.740
2026-05-08T12:21:55;q_learning_train;level_1;ai;complete;14;13;0;0.230,;150.740
2026-05-08T12:21:55;q_learning_train;level_1;ai;complete;14;14;0;0.231,;150.740
2026-05-08T12:21:55;q_learning_train;level_1;ai;complete;14;14;0;0.232,;150.740
2026-05-08T12:21:55;q_learning_train;level_1;ai;complete;14;14;0;0.233,;150.740
2026-05-08T12:21:55;q_learning_train;level_1;ai;complete;14;14;0;0.233,;150.740
2026-05-08T12:21:55;q_learning_train;level_1;ai;complete;14;14;0;0.234,;150.740
2026-05-08T12:21:55;q_learning_train;level_1;ai;complete;14;14;0;0.235,;150.740
2026-05-08T12:21:55;q_learning_train;level_1;ai;complete;15;15;0;0.242,;150.740
2026-05-08T12:21:55;q_learning_train;level_1;ai;complete;15;15;0;0.242,;150.740
2026-05-08T12:21:55;q_learning_train;level_1;ai;complete;15;15;0;0.243,;150.740
2026-05-08T12:21:55;q_learning_train;level_1;ai;complete;15;15;0;0.244,;150.740
2026-05-08T12:21:55;q_learning_train;level_1;ai;complete;15;15;0;0.245,;150.740
2026-05-08T12:21:55;q_learning_train;level_1;ai;complete;15;15;0;0.244,;150.740
2026-05-08T12:21:55;q_learning_train;level_1;ai;complete;16;16;0;0.251,;150.740
2026-05-08T12:21:55;q_learning_train;level_1;ai;complete;16;16;0;0.250,;150.740
2026-05-08T12:21:55;q_learning_train;level_1;ai;complete;16;16;0;0.248,;150.740
2026-05-08T12:21:55;q_learning_train;level_1;ai;complete;17;17;0;0.255,;150.740
2026-05-08T12:21:55;q_learning_train;level_1;ai;complete;17;17;0;0.254,;150.740
2026-05-08T12:21:55;q_learning_train;level_1;ai;complete;17;16;0;0.255,;150.740
2026-05-08T12:21:55;q_learning_train;level_1;ai;complete;17;17;0;0.256,;150.740
2026-05-08T12:21:55;q_learning_train;level_1;ai;complete;17;17;0;0.256,;150.740
2026-05-08T12:21:55;q_learning_train;level_1;ai;complete;20;20;0;0.258,;150.740
2026-05-08T12:21:55;q_learning_evaluation;level_1;ai;complete;13;13;0;0.001,;150.740
2026-05-08T12:21:55;q_learning_evaluation;level_1;ai;complete;13;13;0;0.001,;150.740
2026-05-08T12:21:55;q_learning_evaluation;level_1;ai;complete;13;13;0;0.001,;150.740
2026-05-08T12:21:55;q_learning_evaluation;level_1;ai;complete;13;13;0;0.002,;150.740
2026-05-08T12:21:55;q_learning_evaluation;level_1;ai;complete;13;13;0;0.001,;150.740
2026-05-08T12:21:56;q_learning_preview;level_1;ai;complete;13;13;0;1.308,;150.740
2026-05-08T12:21:57;q_learning_train;level_1;ai;complete;13;13;0;0.124,;150.740
2026-05-08T12:21:57;q_learning_train;level_1;ai;complete;13;13;0;0.125,;150.740
2026-05-08T12:21:57;q_learning_train;level_1;ai;complete;13;13;0;0.126,;150.740
2026-05-08T12:21:57;q_learning_train;level_1;ai;complete;13;13;0;0.127,;150.740
2026-05-08T12:21:57;q_learning_train;level_1;ai;complete;13;13;0;0.127,;150.740
2026-05-08T12:21:57;q_learning_train;level_1;ai;complete;13;13;0;0.128,;150.740
2026-05-08T12:21:57;q_learning_train;level_1;ai;complete;13;13;0;0.129,;150.740
2026-05-08T12:21:57;q_learning_train;level_1;ai;complete;13;13;0;0.130,;150.740
2026-05-08T12:21:57;q_learning_train;level_1;ai;complete;13;13;0;0.131,;150.740
2026-05-08T12:21:57;q_learning_train;level_1;ai;complete;13;13;0;0.132,;150.740
2026-05-08T12:21:57;q_learning_train;level_1;ai;complete;13;13;0;0.133,;150.740
2026-05-08T12:21:57;q_learning_train;level_1;ai;complete;13;13;0;0.134,;150.740
2026-05-08T12:21:57;q_learning_train;level_1;ai;complete;13;13;0;0.135,;150.740
2026-05-08T12:21:57;q_learning_train;level_1;ai;complete;13;13;0;0.136,;150.740
2026-05-08T12:21:57;q_learning_train;level_1;ai;complete;13;13;0;0.137,;150.740
2026-05-08T12:21:57;q_learning_train;level_1;ai;complete;13;13;0;0.137,;150.740
2026-05-08T12:21:57;q_learning_train;level_1;ai;complete;13;13;0;0.138,;150.740
2026-05-08T12:21:57;q_learning_train;level_1;ai;complete;13;13;0;0.139,;150.740
2026-05-08T12:21:57;q_learning_train;level_1;ai;complete;13;13;0;0.140,;150.740
2026-05-08T12:21:57;q_learning_train;level_1;ai;complete;13;13;0;0.141,;150.740
2026-05-08T12:21:57;q_learning_train;level_1;ai;complete;13;13;0;0.142,;150.740
2026-05-08T12:21:57;q_learning_train;level_1;ai;complete;13;13;0;0.142,;150.740
2026-05-08T12:21:57;q_learning_train;level_1;ai;complete;13;13;0;0.143,;150.740
2026-05-08T12:21:57;q_learning_train;level_1;ai;complete;13;13;0;0.144,;150.740
2026-05-08T12:21:57;q_learning_train;level_1;ai;complete;13;13;0;0.144,;150.740
2026-05-08T12:21:57;q_learning_train;level_1;ai;complete;13;13;0;0.145,;150.740
2026-05-08T12:21:57;q_learning_train;level_1;ai;complete;13;13;0;0.146,;150.740
2026-05-08T12:21:57;q_learning_train;level_1;ai;complete;13;13;0;0.147,;150.740
2026-05-08T12:21:57;q_learning_train;level_1;ai;complete;13;13;0;0.148,;150.740
2026-05-08T12:21:57;q_learning_train;level_1;ai;complete;13;13;0;0.149,;150.740
2026-05-08T12:21:57;q_learning_train;level_1;ai;complete;13;13;0;0.150,;150.740
2026-05-08T12:21:57;q_learning_train;level_1;ai;complete;13;13;0;0.151,;150.740
2026-05-08T12:21:57;q_learning_train;level_1;ai;complete;13;13;0;0.152,;150.740
2026-05-08T12:21:57;q_learning_train;level_1;ai;complete;13;13;0;0.153,;150.740
2026-05-08T12:21:57;q_learning_train;level_1;ai;complete;13;13;0;0.154,;150.740
2026-05-08T12:21:57;q_learning_train;level_1;ai;complete;13;13;0;0.154,;150.740
2026-05-08T12:21:57;q_learning_train;level_1;ai;complete;13;13;0;0.155,;150.740
2026-05-08T12:21:57;q_learning_train;level_1;ai;complete;13;13;0;0.156,;150.740
2026-05-08T12:21:57;q_learning_train;level_1;ai;complete;13;13;0;0.157,;150.740
2026-05-08T12:21:57;q_learning_train;level_1;ai;complete;13;13;0;0.158,;150.740
2026-05-08T12:21:57;q_learning_train;level_1;ai;complete;13;13;0;0.159,;150.740
2026-05-08T12:21:57;q_learning_train;level_1;ai;complete;13;13;0;0.160,;150.740
2026-05-08T12:21:57;q_learning_train;level_1;ai;complete;13;13;0;0.161,;150.740
2026-05-08T12:21:57;q_learning_train;level_1;ai;complete;13;13;0;0.162,;150.740
2026-05-08T12:21:57;q_learning_train;level_1;ai;complete;13;13;0;0.163,;150.740
2026-05-08T12:21:57;q_learning_train;level_1;ai;complete;13;13;0;0.164,;150.740
2026-05-08T12:21:57;q_learning_train;level_1;ai;complete;13;13;0;0.165,;150.740
2026-05-08T12:21:57;q_learning_train;level_1;ai;complete;13;13;0;0.166,;150.740
2026-05-08T12:21:57;q_learning_train;level_1;ai;complete;13;13;0;0.167,;150.740
2026-05-08T12:21:57;q_learning_train;level_1;ai;complete;13;13;0;0.168,;150.740
2026-05-08T12:21:57;q_learning_train;level_1;ai;complete;13;13;0;0.169,;150.740
2026-05-08T12:21:57;q_learning_train;level_1;ai;complete;13;13;0;0.170,;150.740
2026-05-08T12:21:57;q_learning_train;level_1;ai;complete;13;13;0;0.170,;150.740
2026-05-08T12:21:57;q_learning_train;level_1;ai;complete;13;13;0;0.171,;150.740
2026-05-08T12:21:57;q_learning_train;level_1;ai;complete;13;13;0;0.172,;150.740
2026-05-08T12:21:57;q_learning_train;level_1;ai;complete;13;13;0;0.173,;150.740
2026-05-08T12:21:57;q_learning_train;level_1;ai;complete;13;13;0;0.174,;150.740
2026-05-08T12:21:57;q_learning_train;level_1;ai;complete;13;13;0;0.175,;150.740
2026-05-08T12:21:57;q_learning_train;level_1;ai;complete;13;13;0;0.176,;150.740
2026-05-08T12:21:57;q_learning_train;level_1;ai;complete;13;13;0;0.177,;150.740
2026-05-08T12:21:57;q_learning_train;level_1;ai;complete;13;13;0;0.178,;150.740
2026-05-08T12:21:57;q_learning_train;level_1;ai;complete;13;13;0;0.179,;150.740
2026-05-08T12:21:57;q_learning_train;level_1;ai;complete;13;13;0;0.179,;150.740
2026-05-08T12:21:57;q_learning_train;level_1;ai;complete;14;14;0;0.188,;150.740
2026-05-08T12:21:57;q_learning_train;level_1;ai;complete;14;14;0;0.189,;150.740
2026-05-08T12:21:57;q_learning_train;level_1;ai;complete;14;14;0;0.189,;150.740
2026-05-08T12:21:57;q_learning_train;level_1;ai;complete;14;14;0;0.190,;150.740
2026-05-08T12:21:57;q_learning_train;level_1;ai;complete;14;14;0;0.191,;150.740
2026-05-08T12:21:57;q_learning_train;level_1;ai;complete;14;14;0;0.192,;150.740
2026-05-08T12:21:57;q_learning_train;level_1;ai;complete;14;14;0;0.193,;150.740
2026-05-08T12:21:57;q_learning_train;level_1;ai;complete;14;14;0;0.193,;150.740
2026-05-08T12:21:57;q_learning_train;level_1;ai;complete;14;14;0;0.194,;150.740
2026-05-08T12:21:57;q_learning_train;level_1;ai;complete;14;14;0;0.194,;150.740
2026-05-08T12:21:57;q_learning_train;level_1;ai;complete;14;14;0;0.195,;150.740
2026-05-08T12:21:57;q_learning_train;level_1;ai;complete;14;13;0;0.196,;150.740
2026-05-08T12:21:57;q_learning_train;level_1;ai;complete;14;13;0;0.197,;150.740
2026-05-08T12:21:57;q_learning_train;level_1;ai;complete;14;13;0;0.198,;150.740
2026-05-08T12:21:57;q_learning_train;level_1;ai;complete;14;13;0;0.199,;150.740
2026-05-08T12:21:57;q_learning_train;level_1;ai;complete;14;14;0;0.200,;150.740
2026-05-08T12:21:57;q_learning_train;level_1;ai;complete;14;14;0;0.200,;150.740
2026-05-08T12:21:57;q_learning_train;level_1;ai;complete;14;14;0;0.201,;150.740
2026-05-08T12:21:57;q_learning_train;level_1;ai;complete;14;14;0;0.202,;150.740
2026-05-08T12:21:57;q_learning_train;level_1;ai;complete;14;14;0;0.203,;150.740
2026-05-08T12:21:57;q_learning_train;level_1;ai;complete;14;14;0;0.203,;150.740
2026-05-08T12:21:57;q_learning_train;level_1;ai;complete;14;14;0;0.204,;150.740
2026-05-08T12:21:57;q_learning_train;level_1;ai;complete;14;13;0;0.205,;150.740
2026-05-08T12:21:57;q_learning_train;level_1;ai;complete;14;14;0;0.206,;150.740
2026-05-08T12:21:57;q_learning_train;level_1;ai;complete;14;14;0;0.207,;150.740
2026-05-08T12:21:57;q_learning_train;level_1;ai;complete;14;13;0;0.207,;150.740
2026-05-08T12:21:57;q_learning_train;level_1;ai;complete;15;15;0;0.215,;150.740
2026-05-08T12:21:57;q_learning_train;level_1;ai;complete;15;14;0;0.216,;150.740
2026-05-08T12:21:57;q_learning_train;level_1;ai;complete;15;13;0;0.214,;150.740
2026-05-08T12:21:57;q_learning_train;level_1;ai;complete;15;14;0;0.214,;150.740
2026-05-08T12:21:57;q_learning_train;level_1;ai;complete;15;15;0;0.215,;150.740
2026-05-08T12:21:57;q_learning_train;level_1;ai;complete;16;15;0;0.222,;150.740
2026-05-08T12:21:57;q_learning_train;level_1;ai;complete;16;16;0;0.222,;150.740
2026-05-08T12:21:57;q_learning_train;level_1;ai;complete;16;15;0;0.224,;150.740
2026-05-08T12:21:57;q_learning_train;level_1;ai;complete;16;15;0;0.220,;150.740
2026-05-08T12:21:57;q_learning_train;level_1;ai;complete;17;17;0;0.223,;150.740
2026-05-08T12:21:57;q_learning_train;level_1;ai;complete;23;22;0;0.221,;150.740
2026-05-08T12:21:57;q_learning_evaluation;level_1;ai;complete;13;13;0;0.001,;150.740
2026-05-08T12:21:57;q_learning_evaluation;level_1;ai;complete;13;13;0;0.001,;150.740
2026-05-08T12:21:57;q_learning_evaluation;level_1;ai;complete;13;13;0;0.001,;150.740
2026-05-08T12:21:57;q_learning_evaluation;level_1;ai;complete;13;13;0;0.001,;150.740
2026-05-08T12:21:57;q_learning_evaluation;level_1;ai;complete;13;13;0;0.001,;150.740
2026-05-08T12:21:58;q_learning_preview;level_1;ai;complete;13;13;0;1.308,;150.740
2026-05-08T12:21:59;q_learning_train;level_2;ai;complete;13;13;0;0.229,;150.740
2026-05-08T12:21:59;q_learning_train;level_2;ai;complete;13;13;0;0.231,;150.740
2026-05-08T12:21:59;q_learning_train;level_2;ai;complete;13;13;0;0.232,;150.740
2026-05-08T12:21:59;q_learning_train;level_2;ai;complete;13;13;0;0.232,;150.740
2026-05-08T12:21:59;q_learning_train;level_2;ai;complete;13;13;0;0.233,;150.740
2026-05-08T12:21:59;q_learning_train;level_2;ai;complete;13;13;0;0.234,;150.740
2026-05-08T12:21:59;q_learning_train;level_2;ai;complete;13;13;0;0.235,;150.740
2026-05-08T12:21:59;q_learning_train;level_2;ai;complete;13;13;0;0.236,;150.740
2026-05-08T12:21:59;q_learning_train;level_2;ai;complete;13;13;0;0.237,;150.740
2026-05-08T12:21:59;q_learning_train;level_2;ai;complete;13;13;0;0.238,;150.740
2026-05-08T12:21:59;q_learning_train;level_2;ai;complete;13;13;0;0.239,;150.740
2026-05-08T12:21:59;q_learning_train;level_2;ai;complete;13;13;0;0.240,;150.740
2026-05-08T12:21:59;q_learning_train;level_2;ai;complete;13;13;0;0.241,;150.740
2026-05-08T12:21:59;q_learning_train;level_2;ai;complete;13;13;0;0.242,;150.740
2026-05-08T12:21:59;q_learning_train;level_2;ai;complete;13;13;0;0.243,;150.740
2026-05-08T12:21:59;q_learning_train;level_2;ai;complete;13;13;0;0.244,;150.740
2026-05-08T12:21:59;q_learning_train;level_2;ai;complete;13;13;0;0.245,;150.740
2026-05-08T12:21:59;q_learning_train;level_2;ai;complete;13;13;0;0.246,;150.740
2026-05-08T12:21:59;q_learning_train;level_2;ai;complete;13;13;0;0.247,;150.740
2026-05-08T12:21:59;q_learning_train;level_2;ai;complete;13;13;0;0.248,;150.740
2026-05-08T12:21:59;q_learning_train;level_2;ai;complete;13;13;0;0.249,;150.740
2026-05-08T12:21:59;q_learning_train;level_2;ai;complete;13;13;0;0.250,;150.740
2026-05-08T12:21:59;q_learning_train;level_2;ai;complete;13;13;0;0.250,;150.740
2026-05-08T12:21:59;q_learning_train;level_2;ai;complete;13;13;0;0.252,;150.740
2026-05-08T12:21:59;q_learning_train;level_2;ai;complete;13;13;0;0.253,;150.740
2026-05-08T12:21:59;q_learning_train;level_2;ai;complete;13;13;0;0.255,;150.740
2026-05-08T12:21:59;q_learning_train;level_2;ai;complete;13;13;0;0.256,;150.740
2026-05-08T12:21:59;q_learning_train;level_2;ai;complete;13;13;0;0.258,;150.740
2026-05-08T12:21:59;q_learning_train;level_2;ai;complete;13;13;0;0.259,;150.740
2026-05-08T12:21:59;q_learning_train;level_2;ai;complete;13;13;0;0.260,;150.740
2026-05-08T12:21:59;q_learning_train;level_2;ai;complete;13;13;0;0.261,;150.740
2026-05-08T12:21:59;q_learning_train;level_2;ai;complete;13;13;0;0.262,;150.740
2026-05-08T12:21:59;q_learning_train;level_2;ai;complete;13;13;0;0.264,;150.740
2026-05-08T12:21:59;q_learning_train;level_2;ai;complete;13;13;0;0.265,;150.740
2026-05-08T12:21:59;q_learning_train;level_2;ai;complete;13;13;0;0.265,;150.740
2026-05-08T12:21:59;q_learning_train;level_2;ai;complete;13;13;0;0.266,;150.740
2026-05-08T12:21:59;q_learning_train;level_2;ai;complete;13;13;0;0.267,;150.740
2026-05-08T12:21:59;q_learning_train;level_2;ai;complete;13;13;0;0.269,;150.740
2026-05-08T12:21:59;q_learning_train;level_2;ai;complete;13;13;0;0.270,;150.740
2026-05-08T12:21:59;q_learning_train;level_2;ai;complete;13;13;0;0.271,;150.740
2026-05-08T12:21:59;q_learning_train;level_2;ai;complete;13;13;0;0.272,;150.740
2026-05-08T12:21:59;q_learning_train;level_2;ai;complete;13;13;0;0.273,;150.740
2026-05-08T12:21:59;q_learning_train;level_2;ai;complete;13;13;0;0.274,;150.740
2026-05-08T12:21:59;q_learning_train;level_2;ai;complete;13;13;0;0.275,;150.740
2026-05-08T12:21:59;q_learning_train;level_2;ai;complete;14;14;0;0.283,;150.740
2026-05-08T12:21:59;q_learning_train;level_2;ai;complete;14;14;0;0.284,;150.740
2026-05-08T12:21:59;q_learning_train;level_2;ai;complete;14;13;0;0.286,;150.740
2026-05-08T12:21:59;q_learning_train;level_2;ai;complete;14;13;0;0.287,;150.740
2026-05-08T12:21:59;q_learning_train;level_2;ai;complete;14;13;0;0.289,;150.740
2026-05-08T12:21:59;q_learning_train;level_2;ai;complete;14;14;0;0.291,;150.740
2026-05-08T12:21:59;q_learning_train;level_2;ai;complete;14;14;0;0.291,;150.740
2026-05-08T12:21:59;q_learning_train;level_2;ai;complete;14;14;0;0.293,;150.740
2026-05-08T12:21:59;q_learning_train;level_2;ai;complete;14;14;0;0.294,;150.740
2026-05-08T12:21:59;q_learning_train;level_2;ai;complete;14;13;0;0.295,;150.740
2026-05-08T12:21:59;q_learning_train;level_2;ai;complete;14;13;0;0.296,;150.740
2026-05-08T12:21:59;q_learning_train;level_2;ai;complete;14;14;0;0.297,;150.740
2026-05-08T12:21:59;q_learning_train;level_2;ai;complete;14;13;0;0.298,;150.740
2026-05-08T12:21:59;q_learning_train;level_2;ai;complete;14;13;0;0.299,;150.740
2026-05-08T12:21:59;q_learning_train;level_2;ai;complete;14;13;0;0.301,;150.740
2026-05-08T12:21:59;q_learning_train;level_2;ai;complete;14;14;0;0.302,;150.740
2026-05-08T12:21:59;q_learning_train;level_2;ai;complete;15;14;0;0.310,;150.740
2026-05-08T12:21:59;q_learning_train;level_2;ai;complete;15;15;0;0.311,;150.740
2026-05-08T12:21:59;q_learning_train;level_2;ai;complete;15;15;0;0.312,;150.740
2026-05-08T12:21:59;q_learning_train;level_2;ai;complete;15;15;0;0.314,;150.740
2026-05-08T12:21:59;q_learning_train;level_2;ai;complete;15;15;0;0.315,;150.740
2026-05-08T12:21:59;q_learning_train;level_2;ai;complete;15;14;0;0.316,;150.740
2026-05-08T12:21:59;q_learning_train;level_2;ai;complete;15;14;0;0.317,;150.740
2026-05-08T12:21:59;q_learning_train;level_2;ai;complete;15;15;0;0.318,;150.740
2026-05-08T12:21:59;q_learning_train;level_2;ai;complete;15;15;0;0.319,;150.740
2026-05-08T12:21:59;q_learning_train;level_2;ai;complete;15;15;0;0.320,;150.740
2026-05-08T12:21:59;q_learning_train;level_2;ai;complete;15;15;0;0.320,;150.740
2026-05-08T12:21:59;q_learning_train;level_2;ai;complete;15;14;0;0.321,;150.740
2026-05-08T12:21:59;q_learning_train;level_2;ai;complete;15;13;0;0.322,;150.740
2026-05-08T12:21:59;q_learning_train;level_2;ai;complete;15;14;0;0.323,;150.740
2026-05-08T12:21:59;q_learning_train;level_2;ai;complete;15;14;0;0.323,;150.740
2026-05-08T12:21:59;q_learning_train;level_2;ai;complete;15;15;0;0.324,;150.740
2026-05-08T12:21:59;q_learning_train;level_2;ai;complete;15;15;0;0.325,;150.740
2026-05-08T12:21:59;q_learning_train;level_2;ai;complete;16;16;0;0.332,;150.740
2026-05-08T12:21:59;q_learning_train;level_2;ai;complete;16;16;0;0.333,;150.740
2026-05-08T12:21:59;q_learning_train;level_2;ai;complete;16;16;0;0.334,;150.740
2026-05-08T12:21:59;q_learning_train;level_2;ai;complete;16;15;0;0.334,;150.740
2026-05-08T12:21:59;q_learning_train;level_2;ai;complete;16;16;0;0.333,;150.740
2026-05-08T12:21:59;q_learning_train;level_2;ai;complete;16;15;0;0.334,;150.740
2026-05-08T12:21:59;q_learning_train;level_2;ai;complete;16;16;0;0.335,;150.740
2026-05-08T12:21:59;q_learning_train;level_2;ai;complete;16;16;0;0.336,;150.740
2026-05-08T12:21:59;q_learning_train;level_2;ai;complete;16;16;0;0.337,;150.740
2026-05-08T12:21:59;q_learning_train;level_2;ai;complete;16;16;0;0.337,;150.740
2026-05-08T12:21:59;q_learning_train;level_2;ai;complete;17;16;0;0.345,;150.740
2026-05-08T12:21:59;q_learning_train;level_2;ai;complete;17;17;0;0.346,;150.740
2026-05-08T12:21:59;q_learning_train;level_2;ai;complete;17;16;0;0.345,;150.740
2026-05-08T12:21:59;q_learning_train;level_2;ai;complete;17;17;0;0.346,;150.740
2026-05-08T12:21:59;q_learning_train;level_2;ai;complete;17;17;0;0.347,;150.740
2026-05-08T12:21:59;q_learning_train;level_2;ai;complete;17;17;0;0.348,;150.740
2026-05-08T12:21:59;q_learning_train;level_2;ai;complete;18;18;0;0.350,;150.740
2026-05-08T12:21:59;q_learning_train;level_2;ai;complete;18;17;0;0.349,;150.740
2026-05-08T12:21:59;q_learning_train;level_2;ai;complete;19;19;0;0.357,;150.740
2026-05-08T12:21:59;q_learning_train;level_2;ai;complete;19;17;0;0.357,;150.740
2026-05-08T12:21:59;q_learning_train;level_2;ai;complete;19;19;0;0.355,;150.740
2026-05-08T12:21:59;q_learning_train;level_2;ai;complete;19;18;0;0.354,;150.740
2026-05-08T12:21:59;q_learning_train;level_2;ai;complete;23;22;0;0.361,;150.740
2026-05-08T12:21:59;q_learning_evaluation;level_2;ai;complete;13;13;0;0.002,;150.740
2026-05-08T12:21:59;q_learning_evaluation;level_2;ai;complete;13;13;0;0.002,;150.740
2026-05-08T12:21:59;q_learning_evaluation;level_2;ai;complete;13;13;0;0.002,;150.740
2026-05-08T12:21:59;q_learning_evaluation;level_2;ai;complete;13;13;0;0.002,;150.740
2026-05-08T12:21:59;q_learning_evaluation;level_2;ai;complete;13;13;0;0.002,;150.740
2026-05-08T12:22:00;q_learning_preview;level_2;ai;complete;13;13;0;1.338,;150.740
2026-05-08T12:22:01;q_learning_train;level_2;ai;complete;13;13;0;0.376,;150.740
2026-05-08T12:22:01;q_learning_train;level_2;ai;complete;13;13;0;0.378,;150.740
2026-05-08T12:22:01;q_learning_train;level_2;ai;complete;13;13;0;0.379,;150.740
2026-05-08T12:22:01;q_learning_train;level_2;ai;complete;13;13;0;0.380,;150.740
2026-05-08T12:22:01;q_learning_train;level_2;ai;complete;13;13;0;0.381,;150.740
2026-05-08T12:22:01;q_learning_train;level_2;ai;complete;13;13;0;0.382,;150.740
2026-05-08T12:22:01;q_learning_train;level_2;ai;complete;13;13;0;0.383,;150.740
2026-05-08T12:22:01;q_learning_train;level_2;ai;complete;13;13;0;0.384,;150.740
2026-05-08T12:22:01;q_learning_train;level_2;ai;complete;13;13;0;0.385,;150.740
2026-05-08T12:22:01;q_learning_train;level_2;ai;complete;13;13;0;0.386,;150.740
2026-05-08T12:22:01;q_learning_train;level_2;ai;complete;13;13;0;0.388,;150.740
2026-05-08T12:22:01;q_learning_train;level_2;ai;complete;13;13;0;0.389,;150.740
2026-05-08T12:22:01;q_learning_train;level_2;ai;complete;13;13;0;0.390,;150.740
2026-05-08T12:22:01;q_learning_train;level_2;ai;complete;13;13;0;0.392,;150.740
2026-05-08T12:22:01;q_learning_train;level_2;ai;complete;13;13;0;0.393,;150.740
2026-05-08T12:22:01;q_learning_train;level_2;ai;complete;13;13;0;0.394,;150.740
2026-05-08T12:22:01;q_learning_train;level_2;ai;complete;13;13;0;0.395,;150.740
2026-05-08T12:22:01;q_learning_train;level_2;ai;complete;13;13;0;0.397,;150.740
2026-05-08T12:22:01;q_learning_train;level_2;ai;complete;13;13;0;0.399,;150.740
2026-05-08T12:22:01;q_learning_train;level_2;ai;complete;13;13;0;0.400,;150.740
2026-05-08T12:22:01;q_learning_train;level_2;ai;complete;13;13;0;0.401,;150.740
2026-05-08T12:22:01;q_learning_train;level_2;ai;complete;13;13;0;0.403,;150.740
2026-05-08T12:22:01;q_learning_train;level_2;ai;complete;13;13;0;0.405,;150.740
2026-05-08T12:22:01;q_learning_train;level_2;ai;complete;13;13;0;0.407,;150.740
2026-05-08T12:22:01;q_learning_train;level_2;ai;complete;13;13;0;0.408,;150.740
2026-05-08T12:22:01;q_learning_train;level_2;ai;complete;13;13;0;0.409,;150.740
2026-05-08T12:22:01;q_learning_train;level_2;ai;complete;13;13;0;0.410,;150.740
2026-05-08T12:22:01;q_learning_train;level_2;ai;complete;13;13;0;0.411,;150.740
2026-05-08T12:22:01;q_learning_train;level_2;ai;complete;13;13;0;0.412,;150.740
2026-05-08T12:22:01;q_learning_train;level_2;ai;complete;13;13;0;0.413,;150.740
2026-05-08T12:22:01;q_learning_train;level_2;ai;complete;13;13;0;0.414,;150.740
2026-05-08T12:22:01;q_learning_train;level_2;ai;complete;13;13;0;0.416,;150.740
2026-05-08T12:22:01;q_learning_train;level_2;ai;complete;13;13;0;0.417,;150.740
2026-05-08T12:22:01;q_learning_train;level_2;ai;complete;13;13;0;0.419,;150.740
2026-05-08T12:22:01;q_learning_train;level_2;ai;complete;13;13;0;0.420,;150.740
2026-05-08T12:22:01;q_learning_train;level_2;ai;complete;13;13;0;0.421,;150.740
2026-05-08T12:22:01;q_learning_train;level_2;ai;complete;13;13;0;0.422,;150.740
2026-05-08T12:22:01;q_learning_train;level_2;ai;complete;13;13;0;0.423,;150.740
2026-05-08T12:22:01;q_learning_train;level_2;ai;complete;13;13;0;0.424,;150.740
2026-05-08T12:22:01;q_learning_train;level_2;ai;complete;13;13;0;0.425,;150.740
2026-05-08T12:22:01;q_learning_train;level_2;ai;complete;13;13;0;0.427,;150.740
2026-05-08T12:22:01;q_learning_train;level_2;ai;complete;13;13;0;0.428,;150.740
2026-05-08T12:22:01;q_learning_train;level_2;ai;complete;13;13;0;0.430,;150.740
2026-05-08T12:22:01;q_learning_train;level_2;ai;complete;13;13;0;0.431,;150.740
2026-05-08T12:22:01;q_learning_train;level_2;ai;complete;13;13;0;0.432,;150.740
2026-05-08T12:22:01;q_learning_train;level_2;ai;complete;13;13;0;0.434,;150.740
2026-05-08T12:22:01;q_learning_train;level_2;ai;complete;13;13;0;0.435,;150.740
2026-05-08T12:22:01;q_learning_train;level_2;ai;complete;13;13;0;0.436,;150.740
2026-05-08T12:22:01;q_learning_train;level_2;ai;complete;13;13;0;0.437,;150.740
2026-05-08T12:22:01;q_learning_train;level_2;ai;complete;13;13;0;0.439,;150.740
2026-05-08T12:22:01;q_learning_train;level_2;ai;complete;13;13;0;0.440,;150.740
2026-05-08T12:22:01;q_learning_train;level_2;ai;complete;13;13;0;0.442,;150.740
2026-05-08T12:22:01;q_learning_train;level_2;ai;complete;13;13;0;0.444,;150.740
2026-05-08T12:22:01;q_learning_train;level_2;ai;complete;13;13;0;0.445,;150.740
2026-05-08T12:22:01;q_learning_train;level_2;ai;complete;13;13;0;0.447,;150.740
2026-05-08T12:22:01;q_learning_train;level_2;ai;complete;13;13;0;0.448,;150.740
2026-05-08T12:22:01;q_learning_train;level_2;ai;complete;13;13;0;0.449,;150.740
2026-05-08T12:22:01;q_learning_train;level_2;ai;complete;14;14;0;0.468,;150.740
2026-05-08T12:22:01;q_learning_train;level_2;ai;complete;14;14;0;0.468,;150.740
2026-05-08T12:22:01;q_learning_train;level_2;ai;complete;14;14;0;0.468,;150.740
2026-05-08T12:22:01;q_learning_train;level_2;ai;complete;14;13;0;0.468,;150.740
2026-05-08T12:22:01;q_learning_train;level_2;ai;complete;14;14;0;0.469,;150.740
2026-05-08T12:22:01;q_learning_train;level_2;ai;complete;14;14;0;0.471,;150.740
2026-05-08T12:22:01;q_learning_train;level_2;ai;complete;14;14;0;0.472,;150.740
2026-05-08T12:22:01;q_learning_train;level_2;ai;complete;14;14;0;0.473,;150.740
2026-05-08T12:22:01;q_learning_train;level_2;ai;complete;14;13;0;0.474,;150.740
2026-05-08T12:22:01;q_learning_train;level_2;ai;complete;14;14;0;0.474,;150.740
2026-05-08T12:22:01;q_learning_train;level_2;ai;complete;14;13;0;0.475,;150.740
2026-05-08T12:22:01;q_learning_train;level_2;ai;complete;14;13;0;0.476,;150.740
2026-05-08T12:22:01;q_learning_train;level_2;ai;complete;14;14;0;0.477,;150.740
2026-05-08T12:22:01;q_learning_train;level_2;ai;complete;14;14;0;0.478,;150.740
2026-05-08T12:22:01;q_learning_train;level_2;ai;complete;14;13;0;0.478,;150.740
2026-05-08T12:22:01;q_learning_train;level_2;ai;complete;14;14;0;0.479,;150.740
2026-05-08T12:22:01;q_learning_train;level_2;ai;complete;14;13;0;0.481,;150.740
2026-05-08T12:22:01;q_learning_train;level_2;ai;complete;14;14;0;0.481,;150.740
2026-05-08T12:22:01;q_learning_train;level_2;ai;complete;14;13;0;0.483,;150.740
2026-05-08T12:22:01;q_learning_train;level_2;ai;complete;14;14;0;0.483,;150.740
2026-05-08T12:22:01;q_learning_train;level_2;ai;complete;14;14;0;0.485,;150.740
2026-05-08T12:22:01;q_learning_train;level_2;ai;complete;14;14;0;0.487,;150.740
2026-05-08T12:22:01;q_learning_train;level_2;ai;complete;14;14;0;0.489,;150.740
2026-05-08T12:22:01;q_learning_train;level_2;ai;complete;14;14;0;0.489,;150.740
2026-05-08T12:22:01;q_learning_train;level_2;ai;complete;14;14;0;0.490,;150.740
2026-05-08T12:22:01;q_learning_train;level_2;ai;complete;15;15;0;0.509,;150.740
2026-05-08T12:22:01;q_learning_train;level_2;ai;complete;15;15;0;0.507,;150.740
2026-05-08T12:22:01;q_learning_train;level_2;ai;complete;15;15;0;0.508,;150.740
2026-05-08T12:22:01;q_learning_train;level_2;ai;complete;15;15;0;0.510,;150.740
2026-05-08T12:22:01;q_learning_train;level_2;ai;complete;15;15;0;0.510,;150.740
2026-05-08T12:22:01;q_learning_train;level_2;ai;complete;15;15;0;0.510,;150.740
2026-05-08T12:22:01;q_learning_train;level_2;ai;complete;15;15;0;0.511,;150.740
2026-05-08T12:22:01;q_learning_train;level_2;ai;complete;15;15;0;0.511,;150.740
2026-05-08T12:22:01;q_learning_train;level_2;ai;complete;15;15;0;0.510,;150.740
2026-05-08T12:22:01;q_learning_train;level_2;ai;complete;15;15;0;0.510,;150.740
2026-05-08T12:22:01;q_learning_train;level_2;ai;complete;15;15;0;0.510,;150.740
2026-05-08T12:22:01;q_learning_train;level_2;ai;complete;16;16;0;0.525,;150.740
2026-05-08T12:22:01;q_learning_train;level_2;ai;complete;16;16;0;0.523,;150.740
2026-05-08T12:22:01;q_learning_train;level_2;ai;complete;16;15;0;0.520,;150.740
2026-05-08T12:22:01;q_learning_train;level_2;ai;complete;16;15;0;0.521,;150.740
2026-05-08T12:22:01;q_learning_train;level_2;ai;complete;16;16;0;0.521,;150.740
2026-05-08T12:22:01;q_learning_train;level_2;ai;complete;16;16;0;0.520,;150.740
2026-05-08T12:22:01;q_learning_train;level_2;ai;complete;17;17;0;0.529,;150.740
2026-05-08T12:22:01;q_learning_evaluation;level_2;ai;complete;13;13;0;0.003,;150.740
2026-05-08T12:22:01;q_learning_evaluation;level_2;ai;complete;13;13;0;0.003,;150.740
2026-05-08T12:22:01;q_learning_evaluation;level_2;ai;complete;13;13;0;0.003,;150.740
2026-05-08T12:22:01;q_learning_evaluation;level_2;ai;complete;13;13;0;0.002,;150.740
2026-05-08T12:22:01;q_learning_evaluation;level_2;ai;complete;13;13;0;0.002,;150.740
2026-05-08T12:22:02;q_learning_preview;level_2;ai;complete;13;13;0;1.309,;150.740
2026-05-08T12:22:03;q_learning_train;level_2;ai;complete;13;13;0;0.276,;150.740
2026-05-08T12:22:03;q_learning_train;level_2;ai;complete;13;13;0;0.278,;150.740
2026-05-08T12:22:03;q_learning_train;level_2;ai;complete;13;13;0;0.279,;150.740
2026-05-08T12:22:03;q_learning_train;level_2;ai;complete;13;13;0;0.280,;150.740
2026-05-08T12:22:03;q_learning_train;level_2;ai;complete;13;13;0;0.284,;150.740
2026-05-08T12:22:03;q_learning_train;level_2;ai;complete;13;13;0;0.289,;150.740
2026-05-08T12:22:03;q_learning_train;level_2;ai;complete;13;13;0;0.291,;150.740
2026-05-08T12:22:03;q_learning_train;level_2;ai;complete;13;13;0;0.292,;150.740
2026-05-08T12:22:03;q_learning_train;level_2;ai;complete;13;13;0;0.293,;150.740
2026-05-08T12:22:03;q_learning_train;level_2;ai;complete;13;13;0;0.294,;150.740
2026-05-08T12:22:03;q_learning_train;level_2;ai;complete;13;13;0;0.296,;150.740
2026-05-08T12:22:03;q_learning_train;level_2;ai;complete;13;13;0;0.297,;150.740
2026-05-08T12:22:03;q_learning_train;level_2;ai;complete;13;13;0;0.300,;150.740
2026-05-08T12:22:03;q_learning_train;level_2;ai;complete;13;13;0;0.302,;150.740
2026-05-08T12:22:03;q_learning_train;level_2;ai;complete;13;13;0;0.303,;150.740
2026-05-08T12:22:03;q_learning_train;level_2;ai;complete;13;13;0;0.304,;150.740
2026-05-08T12:22:03;q_learning_train;level_2;ai;complete;13;13;0;0.306,;150.740
2026-05-08T12:22:03;q_learning_train;level_2;ai;complete;13;13;0;0.307,;150.740
2026-05-08T12:22:03;q_learning_train;level_2;ai;complete;13;13;0;0.308,;150.740
2026-05-08T12:22:03;q_learning_train;level_2;ai;complete;13;13;0;0.309,;150.740
2026-05-08T12:22:03;q_learning_train;level_2;ai;complete;13;13;0;0.311,;150.740
2026-05-08T12:22:03;q_learning_train;level_2;ai;complete;13;13;0;0.313,;150.740
2026-05-08T12:22:03;q_learning_train;level_2;ai;complete;13;13;0;0.314,;150.740
2026-05-08T12:22:03;q_learning_train;level_2;ai;complete;13;13;0;0.316,;150.740
2026-05-08T12:22:03;q_learning_train;level_2;ai;complete;13;13;0;0.318,;150.740
2026-05-08T12:22:03;q_learning_train;level_2;ai;complete;13;13;0;0.319,;150.740
2026-05-08T12:22:03;q_learning_train;level_2;ai;complete;13;13;0;0.320,;150.740
2026-05-08T12:22:03;q_learning_train;level_2;ai;complete;13;13;0;0.321,;150.740
2026-05-08T12:22:03;q_learning_train;level_2;ai;complete;13;13;0;0.322,;150.740
2026-05-08T12:22:03;q_learning_train;level_2;ai;complete;13;13;0;0.324,;150.740
2026-05-08T12:22:03;q_learning_train;level_2;ai;complete;13;13;0;0.325,;150.740
2026-05-08T12:22:03;q_learning_train;level_2;ai;complete;13;13;0;0.326,;150.740
2026-05-08T12:22:03;q_learning_train;level_2;ai;complete;13;13;0;0.327,;150.740
2026-05-08T12:22:03;q_learning_train;level_2;ai;complete;13;13;0;0.328,;150.740
2026-05-08T12:22:03;q_learning_train;level_2;ai;complete;13;13;0;0.329,;150.740
2026-05-08T12:22:03;q_learning_train;level_2;ai;complete;13;13;0;0.331,;150.740
2026-05-08T12:22:03;q_learning_train;level_2;ai;complete;13;13;0;0.332,;150.740
2026-05-08T12:22:03;q_learning_train;level_2;ai;complete;13;13;0;0.333,;150.740
2026-05-08T12:22:03;q_learning_train;level_2;ai;complete;13;13;0;0.335,;150.740
2026-05-08T12:22:03;q_learning_train;level_2;ai;complete;13;13;0;0.336,;150.740
2026-05-08T12:22:03;q_learning_train;level_2;ai;complete;13;13;0;0.337,;150.740
2026-05-08T12:22:03;q_learning_train;level_2;ai;complete;13;13;0;0.338,;150.740
2026-05-08T12:22:03;q_learning_train;level_2;ai;complete;13;13;0;0.339,;150.740
2026-05-08T12:22:03;q_learning_train;level_2;ai;complete;13;13;0;0.340,;150.740
2026-05-08T12:22:03;q_learning_train;level_2;ai;complete;13;13;0;0.342,;150.740
2026-05-08T12:22:03;q_learning_train;level_2;ai;complete;13;13;0;0.343,;150.740
2026-05-08T12:22:03;q_learning_train;level_2;ai;complete;13;13;0;0.345,;150.740
2026-05-08T12:22:03;q_learning_train;level_2;ai;complete;13;13;0;0.347,;150.740
2026-05-08T12:22:03;q_learning_train;level_2;ai;complete;13;13;0;0.348,;150.740
2026-05-08T12:22:03;q_learning_train;level_2;ai;complete;13;13;0;0.349,;150.740
2026-05-08T12:22:03;q_learning_train;level_2;ai;complete;13;13;0;0.350,;150.740
2026-05-08T12:22:03;q_learning_train;level_2;ai;complete;13;13;0;0.352,;150.740
2026-05-08T12:22:03;q_learning_train;level_2;ai;complete;13;13;0;0.353,;150.740
2026-05-08T12:22:03;q_learning_train;level_2;ai;complete;13;13;0;0.354,;150.740
2026-05-08T12:22:03;q_learning_train;level_2;ai;complete;13;13;0;0.355,;150.740
2026-05-08T12:22:03;q_learning_train;level_2;ai;complete;13;13;0;0.357,;150.740
2026-05-08T12:22:03;q_learning_train;level_2;ai;complete;13;13;0;0.358,;150.740
2026-05-08T12:22:03;q_learning_train;level_2;ai;complete;13;13;0;0.359,;150.740
2026-05-08T12:22:03;q_learning_train;level_2;ai;complete;14;14;0;0.372,;150.740
2026-05-08T12:22:03;q_learning_train;level_2;ai;complete;14;13;0;0.373,;150.740
2026-05-08T12:22:03;q_learning_train;level_2;ai;complete;14;14;0;0.374,;150.740
2026-05-08T12:22:03;q_learning_train;level_2;ai;complete;14;13;0;0.376,;150.740
2026-05-08T12:22:03;q_learning_train;level_2;ai;complete;14;14;0;0.377,;150.740
2026-05-08T12:22:03;q_learning_train;level_2;ai;complete;14;14;0;0.377,;150.740
2026-05-08T12:22:03;q_learning_train;level_2;ai;complete;14;14;0;0.377,;150.740
2026-05-08T12:22:03;q_learning_train;level_2;ai;complete;14;13;0;0.378,;150.740
2026-05-08T12:22:03;q_learning_train;level_2;ai;complete;14;13;0;0.380,;150.740
2026-05-08T12:22:03;q_learning_train;level_2;ai;complete;14;14;0;0.381,;150.740
2026-05-08T12:22:03;q_learning_train;level_2;ai;complete;14;14;0;0.383,;150.740
2026-05-08T12:22:03;q_learning_train;level_2;ai;complete;14;14;0;0.384,;150.740
2026-05-08T12:22:03;q_learning_train;level_2;ai;complete;14;14;0;0.385,;150.740
2026-05-08T12:22:03;q_learning_train;level_2;ai;complete;14;13;0;0.386,;150.740
2026-05-08T12:22:03;q_learning_train;level_2;ai;complete;14;13;0;0.387,;150.740
2026-05-08T12:22:03;q_learning_train;level_2;ai;complete;14;14;0;0.387,;150.740
2026-05-08T12:22:03;q_learning_train;level_2;ai;complete;14;14;0;0.388,;150.740
2026-05-08T12:22:03;q_learning_train;level_2;ai;complete;14;13;0;0.390,;150.740
2026-05-08T12:22:03;q_learning_train;level_2;ai;complete;14;14;0;0.391,;150.740
2026-05-08T12:22:03;q_learning_train;level_2;ai;complete;14;13;0;0.393,;150.740
2026-05-08T12:22:03;q_learning_train;level_2;ai;complete;14;13;0;0.394,;150.740
2026-05-08T12:22:03;q_learning_train;level_2;ai;complete;14;13;0;0.395,;150.740
2026-05-08T12:22:03;q_learning_train;level_2;ai;complete;14;13;0;0.396,;150.740
2026-05-08T12:22:03;q_learning_train;level_2;ai;complete;14;14;0;0.398,;150.740
2026-05-08T12:22:03;q_learning_train;level_2;ai;complete;14;13;0;0.399,;150.740
2026-05-08T12:22:03;q_learning_train;level_2;ai;complete;15;15;0;0.411,;150.740
2026-05-08T12:22:03;q_learning_train;level_2;ai;complete;15;15;0;0.412,;150.740
2026-05-08T12:22:03;q_learning_train;level_2;ai;complete;15;15;0;0.412,;150.740
2026-05-08T12:22:03;q_learning_train;level_2;ai;complete;15;15;0;0.412,;150.740
2026-05-08T12:22:03;q_learning_train;level_2;ai;complete;15;15;0;0.413,;150.740
2026-05-08T12:22:03;q_learning_train;level_2;ai;complete;15;13;0;0.414,;150.740
2026-05-08T12:22:03;q_learning_train;level_2;ai;complete;15;14;0;0.415,;150.740
2026-05-08T12:22:03;q_learning_train;level_2;ai;complete;15;14;0;0.416,;150.740
2026-05-08T12:22:03;q_learning_train;level_2;ai;complete;15;15;0;0.415,;150.740
2026-05-08T12:22:03;q_learning_train;level_2;ai;complete;15;15;0;0.414,;150.740
2026-05-08T12:22:03;q_learning_train;level_2;ai;complete;16;15;0;0.425,;150.740
2026-05-08T12:22:03;q_learning_train;level_2;ai;complete;16;16;0;0.426,;150.740
2026-05-08T12:22:03;q_learning_train;level_2;ai;complete;16;15;0;0.426,;150.740
2026-05-08T12:22:03;q_learning_train;level_2;ai;complete;16;15;0;0.422,;150.740
2026-05-08T12:22:03;q_learning_train;level_2;ai;complete;17;16;0;0.427,;150.740
2026-05-08T12:22:03;q_learning_train;level_2;ai;complete;17;16;0;0.425,;150.740
2026-05-08T12:22:03;q_learning_train;level_2;ai;complete;17;17;0;0.424,;150.740
2026-05-08T12:22:03;q_learning_evaluation;level_2;ai;complete;13;13;0;0.003,;150.740
2026-05-08T12:22:03;q_learning_evaluation;level_2;ai;complete;13;13;0;0.003,;150.740
2026-05-08T12:22:03;q_learning_evaluation;level_2;ai;complete;13;13;0;0.003,;150.740
2026-05-08T12:22:03;q_learning_evaluation;level_2;ai;complete;13;13;0;0.003,;150.740
2026-05-08T12:22:03;q_learning_evaluation;level_2;ai;complete;13;13;0;0.003,;150.740
2026-05-08T12:22:04;q_learning_preview;level_2;ai;complete;13;13;0;1.305,;150.740
2026-05-08T12:22:05;q_learning_train;level_2;ai;complete;13;13;0;0.217,;150.740
2026-05-08T12:22:05;q_learning_train;level_2;ai;complete;13;13;0;0.219,;150.740
2026-05-08T12:22:05;q_learning_train;level_2;ai;complete;13;13;0;0.220,;150.740
2026-05-08T12:22:05;q_learning_train;level_2;ai;complete;13;13;0;0.221,;150.740
2026-05-08T12:22:05;q_learning_train;level_2;ai;complete;13;13;0;0.222,;150.740
2026-05-08T12:22:05;q_learning_train;level_2;ai;complete;13;13;0;0.223,;150.740
2026-05-08T12:22:05;q_learning_train;level_2;ai;complete;13;13;0;0.224,;150.740
2026-05-08T12:22:05;q_learning_train;level_2;ai;complete;13;13;0;0.226,;150.740
2026-05-08T12:22:05;q_learning_train;level_2;ai;complete;13;13;0;0.227,;150.740
2026-05-08T12:22:05;q_learning_train;level_2;ai;complete;13;13;0;0.228,;150.740
2026-05-08T12:22:05;q_learning_train;level_2;ai;complete;13;13;0;0.229,;150.740
2026-05-08T12:22:05;q_learning_train;level_2;ai;complete;13;13;0;0.230,;150.740
2026-05-08T12:22:05;q_learning_train;level_2;ai;complete;13;13;0;0.232,;150.740
2026-05-08T12:22:05;q_learning_train;level_2;ai;complete;13;13;0;0.233,;150.740
2026-05-08T12:22:05;q_learning_train;level_2;ai;complete;13;13;0;0.234,;150.740
2026-05-08T12:22:05;q_learning_train;level_2;ai;complete;13;13;0;0.235,;150.740
2026-05-08T12:22:05;q_learning_train;level_2;ai;complete;13;13;0;0.236,;150.740
2026-05-08T12:22:05;q_learning_train;level_2;ai;complete;13;13;0;0.237,;150.740
2026-05-08T12:22:05;q_learning_train;level_2;ai;complete;13;13;0;0.238,;150.740
2026-05-08T12:22:05;q_learning_train;level_2;ai;complete;13;13;0;0.239,;150.740
2026-05-08T12:22:05;q_learning_train;level_2;ai;complete;13;13;0;0.240,;150.740
2026-05-08T12:22:05;q_learning_train;level_2;ai;complete;13;13;0;0.241,;150.740
2026-05-08T12:22:05;q_learning_train;level_2;ai;complete;13;13;0;0.242,;150.740
2026-05-08T12:22:05;q_learning_train;level_2;ai;complete;13;13;0;0.244,;150.740
2026-05-08T12:22:05;q_learning_train;level_2;ai;complete;13;13;0;0.245,;150.740
2026-05-08T12:22:05;q_learning_train;level_2;ai;complete;13;13;0;0.246,;150.740
2026-05-08T12:22:05;q_learning_train;level_2;ai;complete;13;13;0;0.247,;150.740
2026-05-08T12:22:05;q_learning_train;level_2;ai;complete;13;13;0;0.248,;150.740
2026-05-08T12:22:05;q_learning_train;level_2;ai;complete;13;13;0;0.249,;150.740
2026-05-08T12:22:05;q_learning_train;level_2;ai;complete;13;13;0;0.250,;150.740
2026-05-08T12:22:05;q_learning_train;level_2;ai;complete;13;13;0;0.251,;150.740
2026-05-08T12:22:05;q_learning_train;level_2;ai;complete;13;13;0;0.252,;150.740
2026-05-08T12:22:05;q_learning_train;level_2;ai;complete;13;13;0;0.253,;150.740
2026-05-08T12:22:05;q_learning_train;level_2;ai;complete;13;13;0;0.255,;150.740
2026-05-08T12:22:05;q_learning_train;level_2;ai;complete;13;13;0;0.256,;150.740
2026-05-08T12:22:05;q_learning_train;level_2;ai;complete;13;13;0;0.257,;150.740
2026-05-08T12:22:05;q_learning_train;level_2;ai;complete;13;13;0;0.258,;150.740
2026-05-08T12:22:05;q_learning_train;level_2;ai;complete;13;13;0;0.259,;150.740
2026-05-08T12:22:05;q_learning_train;level_2;ai;complete;13;13;0;0.260,;150.740
2026-05-08T12:22:05;q_learning_train;level_2;ai;complete;13;13;0;0.261,;150.740
2026-05-08T12:22:05;q_learning_train;level_2;ai;complete;13;13;0;0.262,;150.740
2026-05-08T12:22:05;q_learning_train;level_2;ai;complete;13;13;0;0.264,;150.740
2026-05-08T12:22:05;q_learning_train;level_2;ai;complete;13;13;0;0.265,;150.740
2026-05-08T12:22:05;q_learning_train;level_2;ai;complete;13;13;0;0.266,;150.740
2026-05-08T12:22:05;q_learning_train;level_2;ai;complete;13;13;0;0.266,;150.740
2026-05-08T12:22:05;q_learning_train;level_2;ai;complete;13;13;0;0.267,;150.740
2026-05-08T12:22:05;q_learning_train;level_2;ai;complete;13;13;0;0.268,;150.740
2026-05-08T12:22:05;q_learning_train;level_2;ai;complete;13;13;0;0.269,;150.740
2026-05-08T12:22:05;q_learning_train;level_2;ai;complete;13;13;0;0.270,;150.740
2026-05-08T12:22:05;q_learning_train;level_2;ai;complete;13;13;0;0.272,;150.740
2026-05-08T12:22:05;q_learning_train;level_2;ai;complete;13;13;0;0.273,;150.740
2026-05-08T12:22:05;q_learning_train;level_2;ai;complete;13;13;0;0.274,;150.740
2026-05-08T12:22:05;q_learning_train;level_2;ai;complete;13;13;0;0.275,;150.740
2026-05-08T12:22:05;q_learning_train;level_2;ai;complete;13;13;0;0.276,;150.740
2026-05-08T12:22:05;q_learning_train;level_2;ai;complete;13;13;0;0.278,;150.740
2026-05-08T12:22:05;q_learning_train;level_2;ai;complete;13;13;0;0.279,;150.740
2026-05-08T12:22:05;q_learning_train;level_2;ai;complete;13;13;0;0.280,;150.740
2026-05-08T12:22:05;q_learning_train;level_2;ai;complete;13;13;0;0.281,;150.740
2026-05-08T12:22:05;q_learning_train;level_2;ai;complete;13;13;0;0.282,;150.740
2026-05-08T12:22:05;q_learning_train;level_2;ai;complete;13;13;0;0.283,;150.740
2026-05-08T12:22:05;q_learning_train;level_2;ai;complete;13;13;0;0.285,;150.740
2026-05-08T12:22:05;q_learning_train;level_2;ai;complete;13;13;0;0.286,;150.740
2026-05-08T12:22:05;q_learning_train;level_2;ai;complete;14;13;0;0.294,;150.740
2026-05-08T12:22:05;q_learning_train;level_2;ai;complete;14;14;0;0.295,;150.740
2026-05-08T12:22:05;q_learning_train;level_2;ai;complete;14;13;0;0.297,;150.740
2026-05-08T12:22:05;q_learning_train;level_2;ai;complete;14;14;0;0.298,;150.740
2026-05-08T12:22:05;q_learning_train;level_2;ai;complete;14;14;0;0.299,;150.740
2026-05-08T12:22:05;q_learning_train;level_2;ai;complete;14;14;0;0.300,;150.740
2026-05-08T12:22:05;q_learning_train;level_2;ai;complete;14;14;0;0.301,;150.740
2026-05-08T12:22:05;q_learning_train;level_2;ai;complete;14;13;0;0.302,;150.740
2026-05-08T12:22:05;q_learning_train;level_2;ai;complete;14;14;0;0.302,;150.740
2026-05-08T12:22:05;q_learning_train;level_2;ai;complete;14;14;0;0.303,;150.740
2026-05-08T12:22:05;q_learning_train;level_2;ai;complete;14;13;0;0.304,;150.740
2026-05-08T12:22:05;q_learning_train;level_2;ai;complete;14;14;0;0.305,;150.740
2026-05-08T12:22:05;q_learning_train;level_2;ai;complete;14;14;0;0.306,;150.740
2026-05-08T12:22:05;q_learning_train;level_2;ai;complete;14;14;0;0.306,;150.740
2026-05-08T12:22:05;q_learning_train;level_2;ai;complete;14;14;0;0.307,;150.740
2026-05-08T12:22:05;q_learning_train;level_2;ai;complete;14;14;0;0.308,;150.740
2026-05-08T12:22:05;q_learning_train;level_2;ai;complete;14;14;0;0.309,;150.740
2026-05-08T12:22:05;q_learning_train;level_2;ai;complete;14;13;0;0.309,;150.740
2026-05-08T12:22:05;q_learning_train;level_2;ai;complete;14;13;0;0.310,;150.740
2026-05-08T12:22:05;q_learning_train;level_2;ai;complete;14;14;0;0.311,;150.740
2026-05-08T12:22:05;q_learning_train;level_2;ai;complete;14;14;0;0.312,;150.740
2026-05-08T12:22:05;q_learning_train;level_2;ai;complete;14;14;0;0.313,;150.740
2026-05-08T12:22:05;q_learning_train;level_2;ai;complete;14;14;0;0.315,;150.740
2026-05-08T12:22:05;q_learning_train;level_2;ai;complete;14;13;0;0.316,;150.740
2026-05-08T12:22:05;q_learning_train;level_2;ai;complete;15;15;0;0.323,;150.740
2026-05-08T12:22:05;q_learning_train;level_2;ai;complete;15;14;0;0.323,;150.740
2026-05-08T12:22:05;q_learning_train;level_2;ai;complete;15;15;0;0.324,;150.740
2026-05-08T12:22:05;q_learning_train;level_2;ai;complete;15;15;0;0.323,;150.740
2026-05-08T12:22:05;q_learning_train;level_2;ai;complete;15;15;0;0.324,;150.740
2026-05-08T12:22:05;q_learning_train;level_2;ai;complete;16;15;0;0.332,;150.740
2026-05-08T12:22:05;q_learning_train;level_2;ai;complete;16;16;0;0.332,;150.740
2026-05-08T12:22:05;q_learning_train;level_2;ai;complete;16;16;0;0.332,;150.740
2026-05-08T12:22:05;q_learning_train;level_2;ai;complete;16;16;0;0.333,;150.740
2026-05-08T12:22:05;q_learning_train;level_2;ai;complete;16;16;0;0.330,;150.740
2026-05-08T12:22:05;q_learning_train;level_2;ai;complete;17;17;0;0.332,;150.740
2026-05-08T12:22:05;q_learning_train;level_2;ai;complete;17;17;0;0.333,;150.740
2026-05-08T12:22:05;q_learning_train;level_2;ai;complete;18;18;0;0.341,;150.740
2026-05-08T12:22:05;q_learning_train;level_2;ai;complete;19;19;0;0.341,;150.740
2026-05-08T12:22:05;q_learning_evaluation;level_2;ai;complete;13;13;0;0.002,;150.740
2026-05-08T12:22:05;q_learning_evaluation;level_2;ai;complete;13;13;0;0.002,;150.740
2026-05-08T12:22:05;q_learning_evaluation;level_2;ai;complete;13;13;0;0.002,;150.740
2026-05-08T12:22:05;q_learning_evaluation;level_2;ai;complete;13;13;0;0.002,;150.740
2026-05-08T12:22:05;q_learning_evaluation;level_2;ai;complete;13;13;0;0.003,;150.740
2026-05-08T12:22:06;q_learning_preview;level_2;ai;complete;13;13;0;1.307,;150.740
2026-05-08T12:22:07;q_learning_train;level_2;ai;complete;13;13;0;0.233,;150.740
2026-05-08T12:22:07;q_learning_train;level_2;ai;complete;13;13;0;0.235,;150.740
2026-05-08T12:22:07;q_learning_train;level_2;ai;complete;13;13;0;0.236,;150.740
2026-05-08T12:22:07;q_learning_train;level_2;ai;complete;13;13;0;0.237,;150.740
2026-05-08T12:22:07;q_learning_train;level_2;ai;complete;13;13;0;0.238,;150.740
2026-05-08T12:22:07;q_learning_train;level_2;ai;complete;13;13;0;0.239,;150.740
2026-05-08T12:22:07;q_learning_train;level_2;ai;complete;13;13;0;0.240,;150.740
2026-05-08T12:22:07;q_learning_train;level_2;ai;complete;13;13;0;0.242,;150.740
2026-05-08T12:22:07;q_learning_train;level_2;ai;complete;13;13;0;0.243,;150.740
2026-05-08T12:22:07;q_learning_train;level_2;ai;complete;13;13;0;0.244,;150.740
2026-05-08T12:22:07;q_learning_train;level_2;ai;complete;13;13;0;0.245,;150.740
2026-05-08T12:22:07;q_learning_train;level_2;ai;complete;13;13;0;0.246,;150.740
2026-05-08T12:22:07;q_learning_train;level_2;ai;complete;13;13;0;0.247,;150.740
2026-05-08T12:22:07;q_learning_train;level_2;ai;complete;13;13;0;0.249,;150.740
2026-05-08T12:22:07;q_learning_train;level_2;ai;complete;13;13;0;0.250,;150.740
2026-05-08T12:22:07;q_learning_train;level_2;ai;complete;13;13;0;0.251,;150.740
2026-05-08T12:22:07;q_learning_train;level_2;ai;complete;13;13;0;0.252,;150.740
2026-05-08T12:22:07;q_learning_train;level_2;ai;complete;13;13;0;0.253,;150.740
2026-05-08T12:22:07;q_learning_train;level_2;ai;complete;13;13;0;0.254,;150.740
2026-05-08T12:22:07;q_learning_train;level_2;ai;complete;13;13;0;0.255,;150.740
2026-05-08T12:22:07;q_learning_train;level_2;ai;complete;13;13;0;0.256,;150.740
2026-05-08T12:22:07;q_learning_train;level_2;ai;complete;13;13;0;0.257,;150.740
2026-05-08T12:22:07;q_learning_train;level_2;ai;complete;13;13;0;0.258,;150.740
2026-05-08T12:22:07;q_learning_train;level_2;ai;complete;13;13;0;0.259,;150.740
2026-05-08T12:22:07;q_learning_train;level_2;ai;complete;13;13;0;0.260,;150.740
2026-05-08T12:22:07;q_learning_train;level_2;ai;complete;13;13;0;0.261,;150.740
2026-05-08T12:22:07;q_learning_train;level_2;ai;complete;13;13;0;0.262,;150.740
2026-05-08T12:22:07;q_learning_train;level_2;ai;complete;13;13;0;0.263,;150.740
2026-05-08T12:22:07;q_learning_train;level_2;ai;complete;13;13;0;0.264,;150.740
2026-05-08T12:22:07;q_learning_train;level_2;ai;complete;13;13;0;0.266,;150.740
2026-05-08T12:22:07;q_learning_train;level_2;ai;complete;13;13;0;0.267,;150.740
2026-05-08T12:22:07;q_learning_train;level_2;ai;complete;13;13;0;0.268,;150.740
2026-05-08T12:22:07;q_learning_train;level_2;ai;complete;13;13;0;0.269,;150.740
2026-05-08T12:22:07;q_learning_train;level_2;ai;complete;13;13;0;0.270,;150.740
2026-05-08T12:22:07;q_learning_train;level_2;ai;complete;13;13;0;0.271,;150.740
2026-05-08T12:22:07;q_learning_train;level_2;ai;complete;13;13;0;0.272,;150.740
2026-05-08T12:22:07;q_learning_train;level_2;ai;complete;13;13;0;0.273,;150.740
2026-05-08T12:22:07;q_learning_train;level_2;ai;complete;13;13;0;0.274,;150.740
2026-05-08T12:22:07;q_learning_train;level_2;ai;complete;13;13;0;0.275,;150.740
2026-05-08T12:22:07;q_learning_train;level_2;ai;complete;13;13;0;0.277,;150.740
2026-05-08T12:22:07;q_learning_train;level_2;ai;complete;13;13;0;0.279,;150.740
2026-05-08T12:22:07;q_learning_train;level_2;ai;complete;13;13;0;0.280,;150.740
2026-05-08T12:22:07;q_learning_train;level_2;ai;complete;13;13;0;0.281,;150.740
2026-05-08T12:22:07;q_learning_train;level_2;ai;complete;13;13;0;0.282,;150.740
2026-05-08T12:22:07;q_learning_train;level_2;ai;complete;13;13;0;0.283,;150.740
2026-05-08T12:22:07;q_learning_train;level_2;ai;complete;13;13;0;0.285,;150.740
2026-05-08T12:22:07;q_learning_train;level_2;ai;complete;13;13;0;0.286,;150.740
2026-05-08T12:22:07;q_learning_train;level_2;ai;complete;13;13;0;0.287,;150.740
2026-05-08T12:22:07;q_learning_train;level_2;ai;complete;13;13;0;0.288,;150.740
2026-05-08T12:22:07;q_learning_train;level_2;ai;complete;13;13;0;0.289,;150.740
2026-05-08T12:22:07;q_learning_train;level_2;ai;complete;13;13;0;0.290,;150.740
2026-05-08T12:22:07;q_learning_train;level_2;ai;complete;13;13;0;0.291,;150.740
2026-05-08T12:22:07;q_learning_train;level_2;ai;complete;13;13;0;0.292,;150.740
2026-05-08T12:22:07;q_learning_train;level_2;ai;complete;13;13;0;0.293,;150.740
2026-05-08T12:22:07;q_learning_train;level_2;ai;complete;13;13;0;0.295,;150.740
2026-05-08T12:22:07;q_learning_train;level_2;ai;complete;14;14;0;0.303,;150.740
2026-05-08T12:22:07;q_learning_train;level_2;ai;complete;14;14;0;0.304,;150.740
2026-05-08T12:22:07;q_learning_train;level_2;ai;complete;14;13;0;0.305,;150.740
2026-05-08T12:22:07;q_learning_train;level_2;ai;complete;14;14;0;0.306,;150.740
2026-05-08T12:22:07;q_learning_train;level_2;ai;complete;14;14;0;0.307,;150.740
2026-05-08T12:22:07;q_learning_train;level_2;ai;complete;14;14;0;0.307,;150.740
2026-05-08T12:22:07;q_learning_train;level_2;ai;complete;14;14;0;0.309,;150.740
2026-05-08T12:22:07;q_learning_train;level_2;ai;complete;14;14;0;0.310,;150.740
2026-05-08T12:22:07;q_learning_train;level_2;ai;complete;14;14;0;0.311,;150.740
2026-05-08T12:22:07;q_learning_train;level_2;ai;complete;14;14;0;0.312,;150.740
2026-05-08T12:22:07;q_learning_train;level_2;ai;complete;14;14;0;0.313,;150.740
2026-05-08T12:22:07;q_learning_train;level_2;ai;complete;14;14;0;0.314,;150.740
2026-05-08T12:22:07;q_learning_train;level_2;ai;complete;14;14;0;0.315,;150.740
2026-05-08T12:22:07;q_learning_train;level_2;ai;complete;14;14;0;0.316,;150.740
2026-05-08T12:22:07;q_learning_train;level_2;ai;complete;14;14;0;0.317,;150.740
2026-05-08T12:22:07;q_learning_train;level_2;ai;complete;14;14;0;0.318,;150.740
2026-05-08T12:22:07;q_learning_train;level_2;ai;complete;14;13;0;0.319,;150.740
2026-05-08T12:22:07;q_learning_train;level_2;ai;complete;15;15;0;0.328,;150.740
2026-05-08T12:22:07;q_learning_train;level_2;ai;complete;15;14;0;0.328,;150.740
2026-05-08T12:22:07;q_learning_train;level_2;ai;complete;15;14;0;0.329,;150.740
2026-05-08T12:22:07;q_learning_train;level_2;ai;complete;15;15;0;0.329,;150.740
2026-05-08T12:22:07;q_learning_train;level_2;ai;complete;15;15;0;0.330,;150.740
2026-05-08T12:22:07;q_learning_train;level_2;ai;complete;15;15;0;0.331,;150.740
2026-05-08T12:22:07;q_learning_train;level_2;ai;complete;15;14;0;0.332,;150.740
2026-05-08T12:22:07;q_learning_train;level_2;ai;complete;15;14;0;0.332,;150.740
2026-05-08T12:22:07;q_learning_train;level_2;ai;complete;15;15;0;0.333,;150.740
2026-05-08T12:22:07;q_learning_train;level_2;ai;complete;15;15;0;0.334,;150.740
2026-05-08T12:22:07;q_learning_train;level_2;ai;complete;15;15;0;0.335,;150.740
2026-05-08T12:22:07;q_learning_train;level_2;ai;complete;15;15;0;0.336,;150.740
2026-05-08T12:22:07;q_learning_train;level_2;ai;complete;15;15;0;0.337,;150.740
2026-05-08T12:22:07;q_learning_train;level_2;ai;complete;15;15;0;0.338,;150.740
2026-05-08T12:22:07;q_learning_train;level_2;ai;complete;16;16;0;0.346,;150.740
2026-05-08T12:22:07;q_learning_train;level_2;ai;complete;16;15;0;0.347,;150.740
2026-05-08T12:22:07;q_learning_train;level_2;ai;complete;16;16;0;0.347,;150.740
2026-05-08T12:22:07;q_learning_train;level_2;ai;complete;16;15;0;0.347,;150.740
2026-05-08T12:22:07;q_learning_train;level_2;ai;complete;16;15;0;0.347,;150.740
2026-05-08T12:22:07;q_learning_train;level_2;ai;complete;16;16;0;0.348,;150.740
2026-05-08T12:22:07;q_learning_train;level_2;ai;complete;17;17;0;0.354,;150.740
2026-05-08T12:22:07;q_learning_train;level_2;ai;complete;17;16;0;0.353,;150.740
2026-05-08T12:22:07;q_learning_train;level_2;ai;complete;17;17;0;0.352,;150.740
2026-05-08T12:22:07;q_learning_train;level_2;ai;complete;18;18;0;0.355,;150.740
2026-05-08T12:22:07;q_learning_train;level_2;ai;complete;18;17;0;0.355,;150.740
2026-05-08T12:22:07;q_learning_train;level_2;ai;complete;19;18;0;0.361,;150.740
2026-05-08T12:22:07;q_learning_train;level_2;ai;complete;19;16;0;0.358,;150.740
2026-05-08T12:22:07;q_learning_train;level_2;ai;complete;19;18;0;0.359,;150.740
2026-05-08T12:22:07;q_learning_evaluation;level_2;ai;complete;13;13;0;0.002,;150.740
2026-05-08T12:22:07;q_learning_evaluation;level_2;ai;complete;13;13;0;0.003,;150.740
2026-05-08T12:22:07;q_learning_evaluation;level_2;ai;complete;13;13;0;0.002,;150.740
2026-05-08T12:22:07;q_learning_evaluation;level_2;ai;complete;13;13;0;0.002,;150.740
2026-05-08T12:22:07;q_learning_evaluation;level_2;ai;complete;13;13;0;0.003,;150.740
2026-05-08T12:22:08;q_learning_preview;level_2;ai;complete;13;13;0;1.307,;150.740
2026-05-08T12:22:14;q_learning_train;level_3;ai;timeout;300;286;0;6.104,;-0.010
2026-05-08T12:22:14;q_learning_train;level_3;ai;timeout;300;290;0;6.105,;0.740
2026-05-08T12:22:14;q_learning_train;level_3;ai;timeout;300;282;0;6.107,;-0.760
2026-05-08T12:22:14;q_learning_train;level_3;ai;timeout;300;282;0;6.108,;0.740
2026-05-08T12:22:14;q_learning_train;level_3;ai;timeout;300;280;0;6.108,;-0.010
2026-05-08T12:22:14;q_learning_train;level_3;ai;timeout;300;279;0;6.109,;0.740
2026-05-08T12:22:14;q_learning_train;level_3;ai;timeout;300;281;0;6.110,;-0.010
2026-05-08T12:22:14;q_learning_train;level_3;ai;timeout;300;283;0;6.110,;-0.760
2026-05-08T12:22:14;q_learning_train;level_3;ai;timeout;300;283;0;6.111,;-0.010
2026-05-08T12:22:14;q_learning_train;level_3;ai;timeout;300;278;0;6.112,;0.740
2026-05-08T12:22:14;q_learning_train;level_3;ai;timeout;300;285;0;6.113,;-0.760
2026-05-08T12:22:14;q_learning_train;level_3;ai;timeout;300;285;0;6.114,;-0.760
2026-05-08T12:22:14;q_learning_train;level_3;ai;timeout;300;279;0;6.115,;-0.010
2026-05-08T12:22:14;q_learning_train;level_3;ai;timeout;300;279;0;6.116,;0.740
2026-05-08T12:22:14;q_learning_train;level_3;ai;timeout;300;284;0;6.116,;-0.760
2026-05-08T12:22:14;q_learning_train;level_3;ai;timeout;300;289;0;6.117,;-0.760
2026-05-08T12:22:14;q_learning_train;level_3;ai;timeout;300;283;0;6.118,;-0.010
2026-05-08T12:22:14;q_learning_train;level_3;ai;timeout;300;285;0;6.119,;0.740
2026-05-08T12:22:14;q_learning_train;level_3;ai;timeout;300;285;0;6.120,;-0.010
2026-05-08T12:22:14;q_learning_train;level_3;ai;timeout;300;282;0;6.121,;-0.760
2026-05-08T12:22:14;q_learning_train;level_3;ai;timeout;300;287;0;6.121,;-0.010
2026-05-08T12:22:14;q_learning_train;level_3;ai;timeout;300;287;0;6.122,;0.740
2026-05-08T12:22:14;q_learning_train;level_3;ai;timeout;300;279;0;6.123,;-0.010
2026-05-08T12:22:14;q_learning_train;level_3;ai;timeout;300;287;0;6.123,;0.740
2026-05-08T12:22:14;q_learning_train;level_3;ai;timeout;300;284;0;6.124,;-0.760
2026-05-08T12:22:14;q_learning_train;level_3;ai;timeout;300;282;0;6.125,;-0.760
2026-05-08T12:22:15;q_learning_train;level_3;ai;timeout;300;282;0;6.126,;-0.010
2026-05-08T12:22:15;q_learning_train;level_3;ai;timeout;300;284;0;6.127,;-0.010
2026-05-08T12:22:15;q_learning_train;level_3;ai;timeout;300;285;0;6.127,;-0.010
2026-05-08T12:22:15;q_learning_train;level_3;ai;timeout;300;284;0;6.128,;-0.010
2026-05-08T12:22:15;q_learning_train;level_3;ai;timeout;300;289;0;6.129,;-0.010
2026-05-08T12:22:15;q_learning_train;level_3;ai;timeout;300;280;0;6.129,;-0.010
2026-05-08T12:22:15;q_learning_train;level_3;ai;timeout;300;280;0;6.130,;-0.010
2026-05-08T12:22:15;q_learning_train;level_3;ai;timeout;300;280;0;6.131,;-0.010
2026-05-08T12:22:15;q_learning_train;level_3;ai;timeout;300;284;0;6.131,;-0.010
2026-05-08T12:22:15;q_learning_train;level_3;ai;timeout;300;280;0;6.132,;0.740
2026-05-08T12:22:15;q_learning_train;level_3;ai;timeout;300;276;0;6.133,;-0.010
2026-05-08T12:22:15;q_learning_train;level_3;ai;timeout;300;281;0;6.134,;-0.010
2026-05-08T12:22:15;q_learning_train;level_3;ai;timeout;300;281;0;6.135,;-0.010
2026-05-08T12:22:15;q_learning_train;level_3;ai;timeout;300;280;0;6.135,;0.740
2026-05-08T12:22:15;q_learning_train;level_3;ai;timeout;300;286;0;6.136,;0.740
2026-05-08T12:22:15;q_learning_train;level_3;ai;timeout;300;281;0;6.137,;-0.010
2026-05-08T12:22:15;q_learning_train;level_3;ai;timeout;300;284;0;6.138,;-0.010
2026-05-08T12:22:15;q_learning_train;level_3;ai;timeout;300;282;0;6.138,;0.740
2026-05-08T12:22:15;q_learning_train;level_3;ai;timeout;300;284;0;6.139,;-0.010
2026-05-08T12:22:15;q_learning_train;level_3;ai;timeout;300;281;0;6.140,;-0.010
2026-05-08T12:22:15;q_learning_train;level_3;ai;timeout;300;284;0;6.141,;-0.010
2026-05-08T12:22:15;q_learning_train;level_3;ai;timeout;300;278;0;6.142,;0.740
2026-05-08T12:22:15;q_learning_train;level_3;ai;timeout;300;289;0;6.143,;-0.760
2026-05-08T12:22:15;q_learning_train;level_3;ai;timeout;300;287;0;6.144,;-0.010
2026-05-08T12:22:15;q_learning_train;level_3;ai;timeout;300;281;0;6.145,;-0.010
2026-05-08T12:22:15;q_learning_train;level_3;ai;timeout;300;280;0;6.146,;-0.010
2026-05-08T12:22:15;q_learning_train;level_3;ai;timeout;300;284;0;6.147,;0.740
2026-05-08T12:22:15;q_learning_train;level_3;ai;timeout;300;276;0;6.148,;-0.010
2026-05-08T12:22:15;q_learning_train;level_3;ai;timeout;300;286;0;6.149,;-0.010
2026-05-08T12:22:15;q_learning_train;level_3;ai;timeout;300;286;0;6.150,;-0.760
2026-05-08T12:22:15;q_learning_train;level_3;ai;timeout;300;285;0;6.151,;0.740
2026-05-08T12:22:15;q_learning_train;level_3;ai;timeout;300;279;0;6.152,;-0.010
2026-05-08T12:22:15;q_learning_train;level_3;ai;timeout;300;287;0;6.153,;0.740
2026-05-08T12:22:15;q_learning_train;level_3;ai;timeout;300;285;0;6.154,;-0.010
2026-05-08T12:22:15;q_learning_train;level_3;ai;timeout;300;288;0;6.155,;-0.010
2026-05-08T12:22:15;q_learning_train;level_3;ai;timeout;300;285;0;6.155,;0.740
2026-05-08T12:22:15;q_learning_train;level_3;ai;timeout;300;282;0;6.156,;-0.010
2026-05-08T12:22:15;q_learning_train;level_3;ai;timeout;300;281;0;6.157,;-0.010
2026-05-08T12:22:15;q_learning_train;level_3;ai;timeout;300;288;0;6.158,;-0.010
2026-05-08T12:22:15;q_learning_train;level_3;ai;timeout;300;283;0;6.159,;0.740
2026-05-08T12:22:15;q_learning_train;level_3;ai;timeout;300;274;0;6.160,;-0.010
2026-05-08T12:22:15;q_learning_train;level_3;ai;timeout;300;290;0;6.160,;-0.010
2026-05-08T12:22:15;q_learning_train;level_3;ai;timeout;300;285;0;6.161,;-0.760
2026-05-08T12:22:15;q_learning_train;level_3;ai;timeout;300;283;0;6.162,;-0.760
2026-05-08T12:22:15;q_learning_train;level_3;ai;timeout;300;283;0;6.163,;-0.010
2026-05-08T12:22:15;q_learning_train;level_3;ai;timeout;300;282;0;6.164,;0.740
2026-05-08T12:22:15;q_learning_train;level_3;ai;timeout;300;286;0;6.165,;-0.010
2026-05-08T12:22:15;q_learning_train;level_3;ai;timeout;300;283;0;6.166,;-0.010
2026-05-08T12:22:15;q_learning_train;level_3;ai;timeout;300;287;0;6.167,;0.740
2026-05-08T12:22:15;q_learning_train;level_3;ai;timeout;300;277;0;6.168,;-0.010
2026-05-08T12:22:15;q_learning_train;level_3;ai;timeout;300;286;0;6.169,;-0.010
2026-05-08T12:22:15;q_learning_train;level_3;ai;timeout;300;282;0;6.170,;-0.010
2026-05-08T12:22:15;q_learning_train;level_3;ai;timeout;300;286;0;6.171,;0.740
2026-05-08T12:22:15;q_learning_train;level_3;ai;timeout;300;289;0;6.172,;-0.010
2026-05-08T12:22:15;q_learning_train;level_3;ai;timeout;300;292;0;6.174,;0.740
2026-05-08T12:22:15;q_learning_train;level_3;ai;timeout;300;277;0;6.174,;-0.010
2026-05-08T12:22:15;q_learning_train;level_3;ai;timeout;300;280;0;6.175,;-0.010
2026-05-08T12:22:15;q_learning_train;level_3;ai;timeout;300;290;0;6.176,;-0.010
2026-05-08T12:22:15;q_learning_train;level_3;ai;timeout;300;289;0;6.177,;0.740
2026-05-08T12:22:15;q_learning_train;level_3;ai;timeout;300;284;0;6.178,;0.740
2026-05-08T12:22:15;q_learning_train;level_3;ai;timeout;300;287;0;6.179,;-0.760
2026-05-08T12:22:15;q_learning_train;level_3;ai;timeout;300;284;0;6.180,;-0.010
2026-05-08T12:22:15;q_learning_train;level_3;ai;timeout;300;283;0;6.181,;-0.760
2026-05-08T12:22:15;q_learning_train;level_3;ai;timeout;300;283;0;6.182,;-0.010
2026-05-08T12:22:15;q_learning_train;level_3;ai;timeout;300;281;0;6.183,;-0.010
2026-05-08T12:22:15;q_learning_train;level_3;ai;timeout;300;283;0;6.183,;-0.010
2026-05-08T12:22:15;q_learning_train;level_3;ai;timeout;300;285;0;6.184,;-0.010
2026-05-08T12:22:15;q_learning_train;level_3;ai;timeout;300;278;0;6.185,;-0.010
2026-05-08T12:22:15;q_learning_train;level_3;ai;timeout;300;282;0;6.186,;-0.010
2026-05-08T12:22:15;q_learning_train;level_3;ai;timeout;300;283;0;6.187,;-0.760
2026-05-08T12:22:15;q_learning_train;level_3;ai;timeout;300;287;0;6.188,;-0.010
2026-05-08T12:22:15;q_learning_train;level_3;ai;timeout;300;284;0;6.189,;-0.010
2026-05-08T12:22:15;q_learning_train;level_3;ai;timeout;300;280;0;6.190,;0.740
2026-05-08T12:22:15;q_learning_train;level_3;ai;timeout;300;285;0;6.191,;-0.010
2026-05-08T12:22:15;q_learning_evaluation;level_3;ai;timeout;300;300;0;0.040,;-0.010
2026-05-08T12:22:15;q_learning_evaluation;level_3;ai;timeout;300;300;0;0.041,;-0.010
2026-05-08T12:22:15;q_learning_evaluation;level_3;ai;timeout;300;300;0;0.042,;-0.010
2026-05-08T12:22:15;q_learning_evaluation;level_3;ai;timeout;300;300;0;0.041,;-0.010
2026-05-08T12:22:15;q_learning_evaluation;level_3;ai;timeout;300;300;0;0.040,;-0.010
2026-05-08T12:22:45;q_learning_preview;level_3;ai;timeout;300;300;0;30.165,;-0.010
2026-05-08T12:22:51;q_learning_train;level_3;ai;timeout;300;270;0;6.047,;-0.760
2026-05-08T12:22:51;q_learning_train;level_3;ai;timeout;300;263;0;6.048,;-0.760
2026-05-08T12:22:51;q_learning_train;level_3;ai;timeout;300;260;0;6.049,;-0.010
2026-05-08T12:22:51;q_learning_train;level_3;ai;timeout;300;250;0;6.050,;-0.010
2026-05-08T12:22:51;q_learning_train;level_3;ai;timeout;300;247;0;6.051,;-0.760
2026-05-08T12:22:51;q_learning_train;level_3;ai;timeout;300;254;0;6.052,;-0.760
2026-05-08T12:22:51;q_learning_train;level_3;ai;timeout;300;257;0;6.053,;-0.760
2026-05-08T12:22:51;q_learning_train;level_3;ai;timeout;300;251;0;6.054,;-0.760
2026-05-08T12:22:51;q_learning_train;level_3;ai;timeout;300;250;0;6.055,;-0.760
2026-05-08T12:22:51;q_learning_train;level_3;ai;timeout;300;255;0;6.056,;0.740
2026-05-08T12:22:51;q_learning_train;level_3;ai;timeout;300;265;0;6.056,;-0.010
2026-05-08T12:22:51;q_learning_train;level_3;ai;timeout;300;259;0;6.057,;-0.760
2026-05-08T12:22:51;q_learning_train;level_3;ai;timeout;300;260;0;6.059,;-0.760
2026-05-08T12:22:51;q_learning_train;level_3;ai;timeout;300;247;0;6.059,;-0.760
2026-05-08T12:22:51;q_learning_train;level_3;ai;timeout;300;258;0;6.060,;-0.760
2026-05-08T12:22:51;q_learning_train;level_3;ai;timeout;300;261;0;6.061,;-0.760
2026-05-08T12:22:51;q_learning_train;level_3;ai;timeout;300;253;0;6.062,;-0.760
2026-05-08T12:22:51;q_learning_train;level_3;ai;timeout;300;258;0;6.063,;-0.010
2026-05-08T12:22:51;q_learning_train;level_3;ai;timeout;300;264;0;6.064,;-0.760
2026-05-08T12:22:51;q_learning_train;level_3;ai;timeout;300;256;0;6.065,;-0.760
2026-05-08T12:22:51;q_learning_train;level_3;ai;timeout;300;246;0;6.066,;-0.760
2026-05-08T12:22:51;q_learning_train;level_3;ai;timeout;300;256;0;6.067,;-0.010
2026-05-08T12:22:51;q_learning_train;level_3;ai;timeout;300;253;0;6.068,;-0.760
2026-05-08T12:22:51;q_learning_train;level_3;ai;timeout;300;258;0;6.069,;-0.010
2026-05-08T12:22:51;q_learning_train;level_3;ai;timeout;300;262;0;6.070,;-0.010
2026-05-08T12:22:51;q_learning_train;level_3;ai;timeout;300;262;0;6.071,;-0.760
2026-05-08T12:22:51;q_learning_train;level_3;ai;timeout;300;253;0;6.072,;-0.760
2026-05-08T12:22:51;q_learning_train;level_3;ai;timeout;300;261;0;6.072,;0.740
2026-05-08T12:22:51;q_learning_train;level_3;ai;timeout;300;253;0;6.073,;-0.760
2026-05-08T12:22:51;q_learning_train;level_3;ai;timeout;300;251;0;6.074,;-0.760
2026-05-08T12:22:51;q_learning_train;level_3;ai;timeout;300;252;0;6.076,;-0.010
2026-05-08T12:22:51;q_learning_train;level_3;ai;timeout;300;243;0;6.077,;-0.010
2026-05-08T12:22:51;q_learning_train;level_3;ai;timeout;300;251;0;6.078,;-0.010
2026-05-08T12:22:51;q_learning_train;level_3;ai;timeout;300;257;0;6.079,;-0.010
2026-05-08T12:22:51;q_learning_train;level_3;ai;timeout;300;256;0;6.079,;-0.010
2026-05-08T12:22:51;q_learning_train;level_3;ai;timeout;300;250;0;6.080,;-0.010
2026-05-08T12:22:51;q_learning_train;level_3;ai;timeout;300;257;0;6.081,;0.740
2026-05-08T12:22:51;q_learning_train;level_3;ai;timeout;300;258;0;6.082,;-0.760
2026-05-08T12:22:51;q_learning_train;level_3;ai;timeout;300;261;0;6.083,;-0.760
2026-05-08T12:22:51;q_learning_train;level_3;ai;timeout;300;251;0;6.084,;-0.010
2026-05-08T12:22:51;q_learning_train;level_3;ai;timeout;300;253;0;6.084,;-0.010
2026-05-08T12:22:51;q_learning_train;level_3;ai;timeout;300;260;0;6.085,;-0.010
2026-05-08T12:22:51;q_learning_train;level_3;ai;timeout;300;253;0;6.086,;-0.760
2026-05-08T12:22:51;q_learning_train;level_3;ai;timeout;300;256;0;6.087,;0.740
2026-05-08T12:22:51;q_learning_train;level_3;ai;timeout;300;263;0;6.088,;-0.760
2026-05-08T12:22:51;q_learning_train;level_3;ai;timeout;300;254;0;6.089,;-0.760
2026-05-08T12:22:51;q_learning_train;level_3;ai;timeout;300;260;0;6.090,;0.740
2026-05-08T12:22:51;q_learning_train;level_3;ai;timeout;300;253;0;6.091,;-0.010
2026-05-08T12:22:51;q_learning_train;level_3;ai;timeout;300;258;0;6.092,;-0.010
2026-05-08T12:22:51;q_learning_train;level_3;ai;timeout;300;251;0;6.093,;-0.010
2026-05-08T12:22:51;q_learning_train;level_3;ai;timeout;300;263;0;6.094,;0.740
2026-05-08T12:22:51;q_learning_train;level_3;ai;timeout;300;259;0;6.095,;0.740
2026-05-08T12:22:51;q_learning_train;level_3;ai;timeout;300;252;0;6.096,;-0.010
2026-05-08T12:22:51;q_learning_train;level_3;ai;timeout;300;267;0;6.096,;-0.010
2026-05-08T12:22:51;q_learning_train;level_3;ai;timeout;300;251;0;6.098,;0.740
2026-05-08T12:22:51;q_learning_train;level_3;ai;timeout;300;251;0;6.098,;-0.760
2026-05-08T12:22:51;q_learning_train;level_3;ai;timeout;300;257;0;6.099,;-0.010
2026-05-08T12:22:51;q_learning_train;level_3;ai;timeout;300;264;0;6.100,;-0.010
2026-05-08T12:22:51;q_learning_train;level_3;ai;timeout;300;266;0;6.101,;-0.760
2026-05-08T12:22:51;q_learning_train;level_3;ai;timeout;300;245;0;6.102,;0.740
2026-05-08T12:22:51;q_learning_train;level_3;ai;timeout;300;261;0;6.103,;-0.010
2026-05-08T12:22:51;q_learning_train;level_3;ai;timeout;300;253;0;6.104,;0.740
2026-05-08T12:22:51;q_learning_train;level_3;ai;timeout;300;258;0;6.105,;-0.760
2026-05-08T12:22:51;q_learning_train;level_3;ai;timeout;300;263;0;6.106,;0.740
2026-05-08T12:22:51;q_learning_train;level_3;ai;timeout;300;262;0;6.107,;0.740
2026-05-08T12:22:51;q_learning_train;level_3;ai;timeout;300;266;0;6.108,;0.740
2026-05-08T12:22:51;q_learning_train;level_3;ai;timeout;300;250;0;6.109,;0.740
2026-05-08T12:22:51;q_learning_train;level_3;ai;timeout;300;261;0;6.110,;-0.760
2026-05-08T12:22:51;q_learning_train;level_3;ai;timeout;300;268;0;6.111,;-0.010
2026-05-08T12:22:51;q_learning_train;level_3;ai;timeout;300;261;0;6.112,;-0.760
2026-05-08T12:22:51;q_learning_train;level_3;ai;timeout;300;261;0;6.113,;-0.010
2026-05-08T12:22:51;q_learning_train;level_3;ai;timeout;300;269;0;6.113,;0.740
2026-05-08T12:22:51;q_learning_train;level_3;ai;timeout;300;247;0;6.114,;0.740
2026-05-08T12:22:51;q_learning_train;level_3;ai;timeout;300;262;0;6.115,;-0.010
2026-05-08T12:22:51;q_learning_train;level_3;ai;timeout;300;258;0;6.116,;-0.010
2026-05-08T12:22:51;q_learning_train;level_3;ai;timeout;300;254;0;6.117,;-0.010
2026-05-08T12:22:51;q_learning_train;level_3;ai;timeout;300;258;0;6.119,;0.740
2026-05-08T12:22:51;q_learning_train;level_3;ai;timeout;300;264;0;6.120,;0.740
2026-05-08T12:22:51;q_learning_train;level_3;ai;timeout;300;249;0;6.121,;-0.760
2026-05-08T12:22:51;q_learning_train;level_3;ai;timeout;300;253;0;6.122,;0.740
2026-05-08T12:22:51;q_learning_train;level_3;ai;timeout;300;267;0;6.123,;-0.010
2026-05-08T12:22:51;q_learning_train;level_3;ai;timeout;300;253;0;6.124,;0.740
2026-05-08T12:22:51;q_learning_train;level_3;ai;timeout;300;252;0;6.124,;-0.760
2026-05-08T12:22:51;q_learning_train;level_3;ai;timeout;300;251;0;6.125,;-0.760
2026-05-08T12:22:51;q_learning_train;level_3;ai;timeout;300;253;0;6.126,;0.740
2026-05-08T12:22:51;q_learning_train;level_3;ai;timeout;300;254;0;6.127,;-0.010
2026-05-08T12:22:51;q_learning_train;level_3;ai;timeout;300;258;0;6.128,;0.740
2026-05-08T12:22:51;q_learning_train;level_3;ai;timeout;300;262;0;6.128,;0.740
2026-05-08T12:22:51;q_learning_train;level_3;ai;timeout;300;243;0;6.129,;-0.760
2026-05-08T12:22:51;q_learning_train;level_3;ai;timeout;300;254;0;6.130,;-0.010
2026-05-08T12:22:51;q_learning_train;level_3;ai;timeout;300;256;0;6.131,;-0.010
2026-05-08T12:22:51;q_learning_train;level_3;ai;timeout;300;262;0;6.132,;-0.010
2026-05-08T12:22:51;q_learning_train;level_3;ai;timeout;300;268;0;6.133,;-0.760
2026-05-08T12:22:51;q_learning_train;level_3;ai;timeout;300;257;0;6.134,;0.740
2026-05-08T12:22:51;q_learning_train;level_3;ai;timeout;300;264;0;6.135,;-0.010
2026-05-08T12:22:51;q_learning_train;level_3;ai;timeout;300;250;0;6.136,;0.740
2026-05-08T12:22:51;q_learning_train;level_3;ai;timeout;300;255;0;6.137,;0.740
2026-05-08T12:22:51;q_learning_train;level_3;ai;timeout;300;251;0;6.138,;0.740
2026-05-08T12:22:51;q_learning_train;level_3;ai;timeout;300;262;0;6.139,;-0.010
2026-05-08T12:22:51;q_learning_train;level_3;ai;timeout;300;253;0;6.140,;0.740
2026-05-08T12:22:51;q_learning_evaluation;level_3;ai;timeout;300;258;0;0.054,;-0.760
2026-05-08T12:22:51;q_learning_evaluation;level_3;ai;timeout;300;258;0;0.054,;-0.760
2026-05-08T12:22:51;q_learning_evaluation;level_3;ai;timeout;300;258;0;0.054,;-0.760
2026-05-08T12:22:52;q_learning_evaluation;level_3;ai;timeout;300;258;0;0.055,;-0.760
2026-05-08T12:22:52;q_learning_evaluation;level_3;ai;timeout;300;258;0;0.055,;-0.760
2026-05-08T12:23:22;q_learning_preview;level_3;ai;timeout;300;258;0;30.197,;-0.760
2026-05-08T12:23:28;q_learning_train;level_3;ai;timeout;300;250;0;5.920,;-0.010
2026-05-08T12:23:28;q_learning_train;level_3;ai;timeout;300;266;0;5.921,;-0.010
2026-05-08T12:23:28;q_learning_train;level_3;ai;timeout;300;261;0;5.922,;-0.010
2026-05-08T12:23:28;q_learning_train;level_3;ai;timeout;300;272;0;5.923,;-0.760
2026-05-08T12:23:28;q_learning_train;level_3;ai;timeout;300;266;0;5.924,;0.740
2026-05-08T12:23:28;q_learning_train;level_3;ai;timeout;300;266;0;5.925,;-0.760
2026-05-08T12:23:28;q_learning_train;level_3;ai;timeout;300;272;0;5.926,;-0.760
2026-05-08T12:23:28;q_learning_train;level_3;ai;timeout;300;263;0;5.927,;-0.010
2026-05-08T12:23:28;q_learning_train;level_3;ai;timeout;300;257;0;5.928,;-0.010
2026-05-08T12:23:28;q_learning_train;level_3;ai;timeout;300;258;0;5.929,;0.740
2026-05-08T12:23:28;q_learning_train;level_3;ai;timeout;300;250;0;5.930,;-0.010
2026-05-08T12:23:28;q_learning_train;level_3;ai;timeout;300;265;0;5.931,;0.740
2026-05-08T12:23:28;q_learning_train;level_3;ai;timeout;300;269;0;5.932,;-0.760
2026-05-08T12:23:28;q_learning_train;level_3;ai;timeout;300;259;0;5.932,;-0.010
2026-05-08T12:23:28;q_learning_train;level_3;ai;timeout;300;267;0;5.933,;-0.760
2026-05-08T12:23:28;q_learning_train;level_3;ai;timeout;300;262;0;5.934,;-0.010
2026-05-08T12:23:28;q_learning_train;level_3;ai;timeout;300;263;0;5.935,;-0.760
2026-05-08T12:23:28;q_learning_train;level_3;ai;timeout;300;263;0;5.936,;-0.010
2026-05-08T12:23:28;q_learning_train;level_3;ai;timeout;300;265;0;5.937,;-0.760
2026-05-08T12:23:28;q_learning_train;level_3;ai;timeout;300;255;0;5.938,;-0.010
2026-05-08T12:23:28;q_learning_train;level_3;ai;timeout;300;243;0;5.939,;0.740
2026-05-08T12:23:28;q_learning_train;level_3;ai;timeout;300;258;0;5.940,;-0.760
2026-05-08T12:23:28;q_learning_train;level_3;ai;timeout;300;247;0;5.941,;0.740
2026-05-08T12:23:28;q_learning_train;level_3;ai;timeout;300;262;0;5.942,;-0.760
2026-05-08T12:23:28;q_learning_train;level_3;ai;timeout;300;278;0;5.943,;-0.010
2026-05-08T12:23:28;q_learning_train;level_3;ai;timeout;300;252;0;5.943,;-0.010
2026-05-08T12:23:28;q_learning_train;level_3;ai;timeout;300;268;0;5.945,;0.740
2026-05-08T12:23:28;q_learning_train;level_3;ai;timeout;300;261;0;5.946,;0.740
2026-05-08T12:23:28;q_learning_train;level_3;ai;timeout;300;274;0;5.947,;-0.010
2026-05-08T12:23:28;q_learning_train;level_3;ai;timeout;300;262;0;5.948,;0.740
2026-05-08T12:23:28;q_learning_train;level_3;ai;timeout;300;257;0;5.948,;-0.010
2026-05-08T12:23:28;q_learning_train;level_3;ai;timeout;300;266;0;5.949,;-0.010
2026-05-08T12:23:28;q_learning_train;level_3;ai;timeout;300;249;0;5.950,;-0.760
2026-05-08T12:23:28;q_learning_train;level_3;ai;timeout;300;257;0;5.952,;-0.010
2026-05-08T12:23:28;q_learning_train;level_3;ai;timeout;300;258;0;5.952,;-0.010
2026-05-08T12:23:28;q_learning_train;level_3;ai;timeout;300;263;0;5.954,;-0.010
2026-05-08T12:23:28;q_learning_train;level_3;ai;timeout;300;259;0;5.954,;-0.010
2026-05-08T12:23:28;q_learning_train;level_3;ai;timeout;300;249;0;5.955,;-0.010
2026-05-08T12:23:28;q_learning_train;level_3;ai;timeout;300;255;0;5.956,;-0.010
2026-05-08T12:23:28;q_learning_train;level_3;ai;timeout;300;237;0;5.957,;0.740
2026-05-08T12:23:28;q_learning_train;level_3;ai;timeout;300;259;0;5.958,;-0.760
2026-05-08T12:23:28;q_learning_train;level_3;ai;timeout;300;274;0;5.959,;0.740
2026-05-08T12:23:28;q_learning_train;level_3;ai;timeout;300;262;0;5.959,;-0.010
2026-05-08T12:23:28;q_learning_train;level_3;ai;timeout;300;261;0;5.960,;-0.010
2026-05-08T12:23:28;q_learning_train;level_3;ai;timeout;300;271;0;5.961,;-0.010
2026-05-08T12:23:28;q_learning_train;level_3;ai;timeout;300;262;0;5.962,;-0.010
2026-05-08T12:23:28;q_learning_train;level_3;ai;timeout;300;270;0;5.963,;0.740
2026-05-08T12:23:28;q_learning_train;level_3;ai;timeout;300;258;0;5.964,;-0.010
2026-05-08T12:23:28;q_learning_train;level_3;ai;timeout;300;253;0;5.965,;-0.010
2026-05-08T12:23:28;q_learning_train;level_3;ai;timeout;300;261;0;5.965,;-0.010
2026-05-08T12:23:28;q_learning_train;level_3;ai;timeout;300;261;0;5.966,;-0.010
2026-05-08T12:23:28;q_learning_train;level_3;ai;timeout;300;255;0;5.967,;-0.010
2026-05-08T12:23:28;q_learning_train;level_3;ai;timeout;300;259;0;5.968,;-0.010
2026-05-08T12:23:28;q_learning_train;level_3;ai;timeout;300;275;0;5.969,;-0.010
2026-05-08T12:23:28;q_learning_train;level_3;ai;timeout;300;257;0;5.970,;-0.010
2026-05-08T12:23:28;q_learning_train;level_3;ai;timeout;300;245;0;5.971,;0.740
2026-05-08T12:23:28;q_learning_train;level_3;ai;timeout;300;262;0;5.972,;-0.760
2026-05-08T12:23:28;q_learning_train;level_3;ai;timeout;300;255;0;5.972,;-0.010
2026-05-08T12:23:28;q_learning_train;level_3;ai;timeout;300;260;0;5.973,;-0.460
2026-05-08T12:23:28;q_learning_train;level_3;ai;timeout;300;261;0;5.974,;-0.010
2026-05-08T12:23:28;q_learning_train;level_3;ai;timeout;300;265;0;5.975,;-0.010
2026-05-08T12:23:28;q_learning_train;level_3;ai;timeout;300;261;0;5.976,;-0.760
2026-05-08T12:23:28;q_learning_train;level_3;ai;timeout;300;264;0;5.977,;-0.760
2026-05-08T12:23:28;q_learning_train;level_3;ai;timeout;300;265;0;5.977,;-0.010
2026-05-08T12:23:28;q_learning_train;level_3;ai;timeout;300;268;0;5.979,;0.740
2026-05-08T12:23:28;q_learning_train;level_3;ai;timeout;300;257;0;5.980,;-0.760
2026-05-08T12:23:28;q_learning_train;level_3;ai;timeout;300;260;0;5.981,;-0.010
2026-05-08T12:23:28;q_learning_train;level_3;ai;timeout;300;263;0;5.982,;-0.760
2026-05-08T12:23:28;q_learning_train;level_3;ai;timeout;300;257;0;5.983,;-0.760
2026-05-08T12:23:28;q_learning_train;level_3;ai;timeout;300;250;0;5.983,;-0.010
2026-05-08T12:23:28;q_learning_train;level_3;ai;timeout;300;265;0;5.986,;-0.010
2026-05-08T12:23:28;q_learning_train;level_3;ai;timeout;300;245;0;5.987,;0.740
2026-05-08T12:23:28;q_learning_train;level_3;ai;timeout;300;262;0;5.988,;-0.010
2026-05-08T12:23:28;q_learning_train;level_3;ai;timeout;300;265;0;5.990,;0.740
2026-05-08T12:23:28;q_learning_train;level_3;ai;timeout;300;254;0;5.990,;-0.010
2026-05-08T12:23:28;q_learning_train;level_3;ai;timeout;300;259;0;5.992,;0.740
2026-05-08T12:23:28;q_learning_train;level_3;ai;timeout;300;248;0;5.993,;-0.010
2026-05-08T12:23:28;q_learning_train;level_3;ai;timeout;300;255;0;5.994,;-0.760
2026-05-08T12:23:28;q_learning_train;level_3;ai;timeout;300;260;0;5.995,;0.740
2026-05-08T12:23:28;q_learning_train;level_3;ai;timeout;300;250;0;5.995,;-0.760
2026-05-08T12:23:28;q_learning_train;level_3;ai;timeout;300;258;0;5.996,;-0.010
2026-05-08T12:23:28;q_learning_train;level_3;ai;timeout;300;267;0;5.997,;-0.760
2026-05-08T12:23:28;q_learning_train;level_3;ai;timeout;300;263;0;5.998,;-0.760
2026-05-08T12:23:28;q_learning_train;level_3;ai;timeout;300;261;0;5.999,;-0.010
2026-05-08T12:23:28;q_learning_train;level_3;ai;timeout;300;261;0;6.000,;-0.760
2026-05-08T12:23:28;q_learning_train;level_3;ai;timeout;300;263;0;6.001,;-0.010
2026-05-08T12:23:28;q_learning_train;level_3;ai;timeout;300;275;0;6.002,;-0.010
2026-05-08T12:23:28;q_learning_train;level_3;ai;timeout;300;262;0;6.003,;-0.010
2026-05-08T12:23:28;q_learning_train;level_3;ai;timeout;300;256;0;6.004,;-0.010
2026-05-08T12:23:28;q_learning_train;level_3;ai;timeout;300;268;0;6.005,;-0.010
2026-05-08T12:23:28;q_learning_train;level_3;ai;timeout;300;261;0;6.006,;-0.010
2026-05-08T12:23:28;q_learning_train;level_3;ai;timeout;300;261;0;6.008,;-0.010
2026-05-08T12:23:28;q_learning_train;level_3;ai;timeout;300;256;0;6.009,;-0.010
2026-05-08T12:23:28;q_learning_train;level_3;ai;timeout;300;269;0;6.010,;-0.010
2026-05-08T12:23:28;q_learning_train;level_3;ai;timeout;300;270;0;6.011,;-0.760
2026-05-08T12:23:28;q_learning_train;level_3;ai;timeout;300;258;0;6.012,;0.740
2026-05-08T12:23:28;q_learning_train;level_3;ai;timeout;300;275;0;6.012,;-0.010
2026-05-08T12:23:28;q_learning_train;level_3;ai;timeout;300;272;0;6.013,;-0.010
2026-05-08T12:23:28;q_learning_train;level_3;ai;timeout;300;256;0;6.014,;-0.010
2026-05-08T12:23:28;q_learning_train;level_3;ai;timeout;300;264;0;6.015,;-0.010
2026-05-08T12:23:28;q_learning_evaluation;level_3;ai;timeout;300;0;0;0.030,;-0.010
2026-05-08T12:23:28;q_learning_evaluation;level_3;ai;timeout;300;0;0;0.030,;-0.010
2026-05-08T12:23:28;q_learning_evaluation;level_3;ai;timeout;300;0;0;0.029,;-0.010
2026-05-08T12:23:28;q_learning_evaluation;level_3;ai;timeout;300;0;0;0.031,;-0.010
2026-05-08T12:23:28;q_learning_evaluation;level_3;ai;timeout;300;0;0;0.030,;-0.010
2026-05-08T12:23:59;q_learning_preview;level_3;ai;timeout;300;0;0;30.188,;-0.010
2026-05-08T12:24:04;q_learning_train;level_3;ai;timeout;300;266;0;5.358,;-0.010
2026-05-08T12:24:04;q_learning_train;level_3;ai;timeout;300;266;0;5.359,;-0.010
2026-05-08T12:24:04;q_learning_train;level_3;ai;timeout;300;220;0;5.360,;-0.010
2026-05-08T12:24:04;q_learning_train;level_3;ai;timeout;300;242;0;5.361,;-0.010
2026-05-08T12:24:04;q_learning_train;level_3;ai;timeout;300;272;0;5.362,;-0.010
2026-05-08T12:24:04;q_learning_train;level_3;ai;timeout;300;224;0;5.363,;-0.010
2026-05-08T12:24:04;q_learning_train;level_3;ai;timeout;300;218;0;5.364,;0.740
2026-05-08T12:24:04;q_learning_train;level_3;ai;timeout;300;254;0;5.364,;-0.010
2026-05-08T12:24:04;q_learning_train;level_3;ai;timeout;300;247;0;5.365,;-0.010
2026-05-08T12:24:04;q_learning_train;level_3;ai;timeout;300;228;0;5.366,;-0.010
2026-05-08T12:24:04;q_learning_train;level_3;ai;timeout;300;271;0;5.367,;-0.010
2026-05-08T12:24:04;q_learning_train;level_3;ai;timeout;300;238;0;5.368,;-0.010
2026-05-08T12:24:04;q_learning_train;level_3;ai;timeout;300;218;0;5.369,;-0.010
2026-05-08T12:24:04;q_learning_train;level_3;ai;timeout;300;271;0;5.370,;0.740
2026-05-08T12:24:04;q_learning_train;level_3;ai;timeout;300;208;0;5.371,;-0.010
2026-05-08T12:24:04;q_learning_train;level_3;ai;timeout;300;276;0;5.372,;-0.010
2026-05-08T12:24:04;q_learning_train;level_3;ai;timeout;300;270;0;5.373,;-0.010
2026-05-08T12:24:04;q_learning_train;level_3;ai;timeout;300;255;0;5.374,;-0.010
2026-05-08T12:24:04;q_learning_train;level_3;ai;timeout;300;274;0;5.375,;-0.010
2026-05-08T12:24:04;q_learning_train;level_3;ai;timeout;300;256;0;5.378,;-0.010
2026-05-08T12:24:04;q_learning_train;level_3;ai;timeout;300;246;0;5.379,;-0.010
2026-05-08T12:24:04;q_learning_train;level_3;ai;timeout;300;223;0;5.380,;-0.010
2026-05-08T12:24:04;q_learning_train;level_3;ai;timeout;300;240;0;5.381,;-0.010
2026-05-08T12:24:04;q_learning_train;level_3;ai;timeout;300;241;0;5.382,;-0.010
2026-05-08T12:24:04;q_learning_train;level_3;ai;timeout;300;216;0;5.383,;-0.010
2026-05-08T12:24:04;q_learning_train;level_3;ai;timeout;300;229;0;5.384,;-0.010
2026-05-08T12:24:04;q_learning_train;level_3;ai;timeout;300;257;0;5.385,;-0.010
2026-05-08T12:24:04;q_learning_train;level_3;ai;timeout;300;224;0;5.386,;-0.010
2026-05-08T12:24:04;q_learning_train;level_3;ai;timeout;300;279;0;5.387,;-0.010
2026-05-08T12:24:04;q_learning_train;level_3;ai;timeout;300;221;0;5.388,;-0.010
2026-05-08T12:24:04;q_learning_train;level_3;ai;timeout;300;238;0;5.389,;-0.010
2026-05-08T12:24:04;q_learning_train;level_3;ai;timeout;300;252;0;5.390,;-0.010
2026-05-08T12:24:04;q_learning_train;level_3;ai;timeout;300;261;0;5.391,;-0.010
2026-05-08T12:24:04;q_learning_train;level_3;ai;timeout;300;229;0;5.392,;-0.010
2026-05-08T12:24:04;q_learning_train;level_3;ai;timeout;300;255;0;5.393,;-0.010
2026-05-08T12:24:04;q_learning_train;level_3;ai;timeout;300;234;0;5.394,;-0.010
2026-05-08T12:24:04;q_learning_train;level_3;ai;timeout;300;222;0;5.395,;-0.010
2026-05-08T12:24:04;q_learning_train;level_3;ai;timeout;300;225;0;5.395,;-0.010
2026-05-08T12:24:04;q_learning_train;level_3;ai;timeout;300;269;0;5.396,;-0.010
2026-05-08T12:24:04;q_learning_train;level_3;ai;timeout;300;236;0;5.397,;-0.010
2026-05-08T12:24:04;q_learning_train;level_3;ai;timeout;300;284;0;5.398,;-0.010
2026-05-08T12:24:04;q_learning_train;level_3;ai;timeout;300;199;0;5.399,;-0.010
2026-05-08T12:24:04;q_learning_train;level_3;ai;timeout;300;259;0;5.400,;-0.010
2026-05-08T12:24:04;q_learning_train;level_3;ai;timeout;300;222;0;5.401,;-0.010
2026-05-08T12:24:04;q_learning_train;level_3;ai;timeout;300;224;0;5.402,;-0.010
2026-05-08T12:24:04;q_learning_train;level_3;ai;timeout;300;259;0;5.403,;-0.010
2026-05-08T12:24:04;q_learning_train;level_3;ai;timeout;300;214;0;5.404,;-0.010
2026-05-08T12:24:04;q_learning_train;level_3;ai;timeout;300;255;0;5.405,;-0.010
2026-05-08T12:24:04;q_learning_train;level_3;ai;timeout;300;230;0;5.406,;-0.010
2026-05-08T12:24:04;q_learning_train;level_3;ai;timeout;300;229;0;5.407,;0.740
2026-05-08T12:24:04;q_learning_train;level_3;ai;timeout;300;229;0;5.408,;-0.010
2026-05-08T12:24:04;q_learning_train;level_3;ai;timeout;300;219;0;5.409,;-0.010
2026-05-08T12:24:04;q_learning_train;level_3;ai;timeout;300;250;0;5.410,;-0.010
2026-05-08T12:24:04;q_learning_train;level_3;ai;timeout;300;224;0;5.411,;-0.010
2026-05-08T12:24:04;q_learning_train;level_3;ai;timeout;300;219;0;5.413,;-0.010
2026-05-08T12:24:04;q_learning_train;level_3;ai;timeout;300;221;0;5.414,;-0.010
2026-05-08T12:24:04;q_learning_train;level_3;ai;timeout;300;275;0;5.415,;-0.010
2026-05-08T12:24:04;q_learning_train;level_3;ai;timeout;300;249;0;5.416,;-0.010
2026-05-08T12:24:04;q_learning_train;level_3;ai;timeout;300;220;0;5.417,;-0.010
2026-05-08T12:24:04;q_learning_train;level_3;ai;timeout;300;260;0;5.418,;-0.010
2026-05-08T12:24:04;q_learning_train;level_3;ai;timeout;300;269;0;5.419,;-0.010
2026-05-08T12:24:04;q_learning_train;level_3;ai;timeout;300;253;0;5.420,;-0.010
2026-05-08T12:24:04;q_learning_train;level_3;ai;timeout;300;263;0;5.422,;-0.010
2026-05-08T12:24:04;q_learning_train;level_3;ai;timeout;300;233;0;5.423,;-0.010
2026-05-08T12:24:04;q_learning_train;level_3;ai;timeout;300;280;0;5.424,;-0.010
2026-05-08T12:24:04;q_learning_train;level_3;ai;timeout;300;222;0;5.425,;-0.010
2026-05-08T12:24:04;q_learning_train;level_3;ai;timeout;300;217;0;5.426,;-0.010
2026-05-08T12:24:04;q_learning_train;level_3;ai;timeout;300;230;0;5.426,;-0.010
2026-05-08T12:24:04;q_learning_train;level_3;ai;timeout;300;229;0;5.428,;-0.010
2026-05-08T12:24:04;q_learning_train;level_3;ai;timeout;300;226;0;5.428,;-0.010
2026-05-08T12:24:04;q_learning_train;level_3;ai;timeout;300;225;0;5.429,;-0.010
2026-05-08T12:24:04;q_learning_train;level_3;ai;timeout;300;246;0;5.430,;-0.010
2026-05-08T12:24:04;q_learning_train;level_3;ai;timeout;300;232;0;5.431,;-0.010
2026-05-08T12:24:04;q_learning_train;level_3;ai;timeout;300;280;0;5.432,;-0.010
2026-05-08T12:24:04;q_learning_train;level_3;ai;timeout;300;268;0;5.433,;-0.760
2026-05-08T12:24:04;q_learning_train;level_3;ai;timeout;300;227;0;5.434,;-0.010
2026-05-08T12:24:04;q_learning_train;level_3;ai;timeout;300;266;0;5.435,;-0.010
2026-05-08T12:24:04;q_learning_train;level_3;ai;timeout;300;218;0;5.436,;-0.010
2026-05-08T12:24:04;q_learning_train;level_3;ai;timeout;300;230;0;5.437,;-0.010
2026-05-08T12:24:04;q_learning_train;level_3;ai;timeout;300;233;0;5.438,;-0.010
2026-05-08T12:24:04;q_learning_train;level_3;ai;timeout;300;227;0;5.439,;-0.010
2026-05-08T12:24:04;q_learning_train;level_3;ai;timeout;300;227;0;5.440,;-0.010
2026-05-08T12:24:04;q_learning_train;level_3;ai;timeout;300;272;0;5.441,;-0.010
2026-05-08T12:24:04;q_learning_train;level_3;ai;timeout;300;228;0;5.443,;-0.010
2026-05-08T12:24:04;q_learning_train;level_3;ai;timeout;300;266;0;5.444,;-0.010
2026-05-08T12:24:04;q_learning_train;level_3;ai;timeout;300;220;0;5.445,;-0.010
2026-05-08T12:24:04;q_learning_train;level_3;ai;timeout;300;217;0;5.445,;-0.010
2026-05-08T12:24:04;q_learning_train;level_3;ai;timeout;300;214;0;5.446,;-0.010
2026-05-08T12:24:04;q_learning_train;level_3;ai;timeout;300;251;0;5.447,;-0.010
2026-05-08T12:24:04;q_learning_train;level_3;ai;timeout;300;221;0;5.448,;-0.010
2026-05-08T12:24:04;q_learning_train;level_3;ai;timeout;300;230;0;5.449,;-0.010
2026-05-08T12:24:04;q_learning_train;level_3;ai;timeout;300;265;0;5.450,;-0.010
2026-05-08T12:24:04;q_learning_train;level_3;ai;timeout;300;270;0;5.451,;-0.010
2026-05-08T12:24:04;q_learning_train;level_3;ai;timeout;300;228;0;5.452,;-0.010
2026-05-08T12:24:04;q_learning_train;level_3;ai;timeout;300;222;0;5.452,;-0.010
2026-05-08T12:24:04;q_learning_train;level_3;ai;timeout;300;232;0;5.453,;-0.010
2026-05-08T12:24:04;q_learning_train;level_3;ai;timeout;300;270;0;5.454,;-0.010
2026-05-08T12:24:04;q_learning_train;level_3;ai;timeout;300;270;0;5.455,;-0.010
2026-05-08T12:24:04;q_learning_train;level_3;ai;timeout;300;246;0;5.456,;-0.010
2026-05-08T12:24:04;q_learning_train;level_3;ai;timeout;300;213;0;5.457,;-0.010
2026-05-08T12:24:04;q_learning_evaluation;level_3;ai;timeout;300;0;0;0.030,;-0.010
2026-05-08T12:24:04;q_learning_evaluation;level_3;ai;timeout;300;0;0;0.030,;-0.010
2026-05-08T12:24:04;q_learning_evaluation;level_3;ai;timeout;300;0;0;0.030,;-0.010
2026-05-08T12:24:04;q_learning_evaluation;level_3;ai;timeout;300;0;0;0.030,;-0.010
2026-05-08T12:24:04;q_learning_evaluation;level_3;ai;timeout;300;0;0;0.029,;-0.010
2026-05-08T12:24:35;q_learning_preview;level_3;ai;timeout;300;0;0;30.184,;-0.010
2026-05-08T12:24:40;q_learning_train;level_3;ai;timeout;300;221;0;4.826,;-0.010
2026-05-08T12:24:40;q_learning_train;level_3;ai;timeout;300;216;0;4.828,;-0.010
2026-05-08T12:24:40;q_learning_train;level_3;ai;timeout;300;208;0;4.829,;-0.010
2026-05-08T12:24:40;q_learning_train;level_3;ai;timeout;300;217;0;4.830,;-0.010
2026-05-08T12:24:40;q_learning_train;level_3;ai;timeout;300;202;0;4.831,;-0.010
2026-05-08T12:24:40;q_learning_train;level_3;ai;timeout;300;217;0;4.832,;-0.010
2026-05-08T12:24:40;q_learning_train;level_3;ai;timeout;300;204;0;4.833,;-0.010
2026-05-08T12:24:40;q_learning_train;level_3;ai;timeout;300;280;0;4.834,;-0.010
2026-05-08T12:24:40;q_learning_train;level_3;ai;timeout;300;209;0;4.835,;-0.010
2026-05-08T12:24:40;q_learning_train;level_3;ai;timeout;300;212;0;4.836,;-0.010
2026-05-08T12:24:40;q_learning_train;level_3;ai;timeout;300;216;0;4.837,;-0.010
2026-05-08T12:24:40;q_learning_train;level_3;ai;timeout;300;202;0;4.837,;-0.010
2026-05-08T12:24:40;q_learning_train;level_3;ai;timeout;300;229;0;4.838,;-0.010
2026-05-08T12:24:40;q_learning_train;level_3;ai;timeout;300;215;0;4.840,;-0.010
2026-05-08T12:24:40;q_learning_train;level_3;ai;timeout;300;215;0;4.841,;-0.010
2026-05-08T12:24:40;q_learning_train;level_3;ai;timeout;300;219;0;4.842,;-0.010
2026-05-08T12:24:40;q_learning_train;level_3;ai;timeout;300;253;0;4.843,;-0.010
2026-05-08T12:24:40;q_learning_train;level_3;ai;timeout;300;195;0;4.844,;-0.010
2026-05-08T12:24:40;q_learning_train;level_3;ai;timeout;300;223;0;4.846,;-0.010
2026-05-08T12:24:40;q_learning_train;level_3;ai;timeout;300;215;0;4.847,;-0.010
2026-05-08T12:24:40;q_learning_train;level_3;ai;timeout;300;204;0;4.848,;-0.010
2026-05-08T12:24:40;q_learning_train;level_3;ai;timeout;300;212;0;4.849,;-0.010
2026-05-08T12:24:40;q_learning_train;level_3;ai;timeout;300;204;0;4.850,;-0.010
2026-05-08T12:24:40;q_learning_train;level_3;ai;timeout;300;204;0;4.851,;-0.010
2026-05-08T12:24:40;q_learning_train;level_3;ai;timeout;300;208;0;4.853,;-0.010
2026-05-08T12:24:40;q_learning_train;level_3;ai;timeout;300;215;0;4.854,;-0.010
2026-05-08T12:24:40;q_learning_train;level_3;ai;timeout;300;197;0;4.855,;-0.010
2026-05-08T12:24:40;q_learning_train;level_3;ai;timeout;300;216;0;4.856,;-0.010
2026-05-08T12:24:40;q_learning_train;level_3;ai;timeout;300;207;0;4.857,;-0.010
2026-05-08T12:24:40;q_learning_train;level_3;ai;timeout;300;201;0;4.858,;-0.010
2026-05-08T12:24:40;q_learning_train;level_3;ai;timeout;300;218;0;4.859,;-0.010
2026-05-08T12:24:40;q_learning_train;level_3;ai;timeout;300;231;0;4.860,;-0.010
2026-05-08T12:24:40;q_learning_train;level_3;ai;timeout;300;255;0;4.861,;-0.010
2026-05-08T12:24:40;q_learning_train;level_3;ai;timeout;300;194;0;4.862,;-0.010
2026-05-08T12:24:40;q_learning_train;level_3;ai;timeout;300;217;0;4.863,;-0.010
2026-05-08T12:24:40;q_learning_train;level_3;ai;timeout;300;216;0;4.864,;-0.010
2026-05-08T12:24:40;q_learning_train;level_3;ai;timeout;300;229;0;4.865,;-0.010
2026-05-08T12:24:40;q_learning_train;level_3;ai;timeout;300;198;0;4.866,;-0.010
2026-05-08T12:24:40;q_learning_train;level_3;ai;timeout;300;214;0;4.867,;-0.010
2026-05-08T12:24:40;q_learning_train;level_3;ai;timeout;300;223;0;4.868,;-0.010
2026-05-08T12:24:40;q_learning_train;level_3;ai;timeout;300;217;0;4.869,;-0.010
2026-05-08T12:24:40;q_learning_train;level_3;ai;timeout;300;204;0;4.870,;-0.010
2026-05-08T12:24:40;q_learning_train;level_3;ai;timeout;300;210;0;4.871,;-0.010
2026-05-08T12:24:40;q_learning_train;level_3;ai;timeout;300;217;0;4.872,;-0.010
2026-05-08T12:24:40;q_learning_train;level_3;ai;timeout;300;206;0;4.874,;-0.010
2026-05-08T12:24:40;q_learning_train;level_3;ai;timeout;300;205;0;4.875,;-0.010
2026-05-08T12:24:40;q_learning_train;level_3;ai;timeout;300;222;0;4.876,;0.740
2026-05-08T12:24:40;q_learning_train;level_3;ai;timeout;300;208;0;4.877,;-0.010
2026-05-08T12:24:40;q_learning_train;level_3;ai;timeout;300;216;0;4.878,;0.740
2026-05-08T12:24:40;q_learning_train;level_3;ai;timeout;300;206;0;4.879,;-0.010
2026-05-08T12:24:40;q_learning_train;level_3;ai;timeout;300;198;0;4.880,;-0.010
2026-05-08T12:24:40;q_learning_train;level_3;ai;timeout;300;228;0;4.881,;-0.010
2026-05-08T12:24:40;q_learning_train;level_3;ai;timeout;300;208;0;4.882,;-0.010
2026-05-08T12:24:40;q_learning_train;level_3;ai;timeout;300;226;0;4.883,;-0.010
2026-05-08T12:24:40;q_learning_train;level_3;ai;timeout;300;207;0;4.884,;-0.010
2026-05-08T12:24:40;q_learning_train;level_3;ai;timeout;300;270;0;4.885,;-0.010
2026-05-08T12:24:40;q_learning_train;level_3;ai;timeout;300;217;0;4.886,;-0.010
2026-05-08T12:24:40;q_learning_train;level_3;ai;timeout;300;209;0;4.887,;-0.010
2026-05-08T12:24:40;q_learning_train;level_3;ai;timeout;300;202;0;4.889,;-0.010
2026-05-08T12:24:40;q_learning_train;level_3;ai;timeout;300;236;0;4.890,;-0.010
2026-05-08T12:24:40;q_learning_train;level_3;ai;timeout;300;196;0;4.891,;-0.010
2026-05-08T12:24:40;q_learning_train;level_3;ai;timeout;300;284;0;4.892,;-0.010
2026-05-08T12:24:40;q_learning_train;level_3;ai;timeout;300;224;0;4.893,;-0.010
2026-05-08T12:24:40;q_learning_train;level_3;ai;timeout;300;210;0;4.894,;-0.010
2026-05-08T12:24:40;q_learning_train;level_3;ai;timeout;300;206;0;4.895,;-0.010
2026-05-08T12:24:40;q_learning_train;level_3;ai;timeout;300;208;0;4.895,;-0.010
2026-05-08T12:24:40;q_learning_train;level_3;ai;timeout;300;221;0;4.896,;-0.010
2026-05-08T12:24:40;q_learning_train;level_3;ai;timeout;300;196;0;4.897,;-0.010
2026-05-08T12:24:40;q_learning_train;level_3;ai;timeout;300;204;0;4.898,;-0.010
2026-05-08T12:24:40;q_learning_train;level_3;ai;timeout;300;220;0;4.899,;-0.010
2026-05-08T12:24:40;q_learning_train;level_3;ai;timeout;300;210;0;4.900,;-0.010
2026-05-08T12:24:40;q_learning_train;level_3;ai;timeout;300;226;0;4.901,;-0.010
2026-05-08T12:24:40;q_learning_train;level_3;ai;timeout;300;207;0;4.903,;-0.010
2026-05-08T12:24:40;q_learning_train;level_3;ai;timeout;300;216;0;4.904,;-0.010
2026-05-08T12:24:40;q_learning_train;level_3;ai;timeout;300;205;0;4.905,;-0.010
2026-05-08T12:24:40;q_learning_train;level_3;ai;timeout;300;209;0;4.906,;-0.010
2026-05-08T12:24:40;q_learning_train;level_3;ai;timeout;300;216;0;4.907,;-0.010
2026-05-08T12:24:40;q_learning_train;level_3;ai;timeout;300;206;0;4.907,;-0.010
2026-05-08T12:24:40;q_learning_train;level_3;ai;timeout;300;213;0;4.908,;-0.010
2026-05-08T12:24:40;q_learning_train;level_3;ai;timeout;300;223;0;4.909,;-0.010
2026-05-08T12:24:40;q_learning_train;level_3;ai;timeout;300;245;0;4.910,;-0.010
2026-05-08T12:24:40;q_learning_train;level_3;ai;timeout;300;199;0;4.911,;-0.010
2026-05-08T12:24:40;q_learning_train;level_3;ai;timeout;300;213;0;4.912,;-0.010
2026-05-08T12:24:40;q_learning_train;level_3;ai;timeout;300;223;0;4.913,;-0.010
2026-05-08T12:24:40;q_learning_train;level_3;ai;timeout;300;202;0;4.914,;-0.010
2026-05-08T12:24:40;q_learning_train;level_3;ai;timeout;300;198;0;4.914,;-0.010
2026-05-08T12:24:40;q_learning_train;level_3;ai;timeout;300;242;0;4.916,;-0.010
2026-05-08T12:24:40;q_learning_train;level_3;ai;timeout;300;219;0;4.917,;-0.010
2026-05-08T12:24:40;q_learning_train;level_3;ai;timeout;300;200;0;4.918,;-0.010
2026-05-08T12:24:40;q_learning_train;level_3;ai;timeout;300;225;0;4.919,;-0.010
2026-05-08T12:24:40;q_learning_train;level_3;ai;timeout;300;207;0;4.920,;-0.010
2026-05-08T12:24:40;q_learning_train;level_3;ai;timeout;300;192;0;4.920,;-0.010
2026-05-08T12:24:40;q_learning_train;level_3;ai;timeout;300;216;0;4.921,;-0.010
2026-05-08T12:24:40;q_learning_train;level_3;ai;timeout;300;241;0;4.922,;-0.010
2026-05-08T12:24:40;q_learning_train;level_3;ai;timeout;300;181;0;4.923,;-0.010
2026-05-08T12:24:40;q_learning_train;level_3;ai;timeout;300;221;0;4.924,;-0.010
2026-05-08T12:24:40;q_learning_train;level_3;ai;timeout;300;210;0;4.925,;-0.010
2026-05-08T12:24:40;q_learning_train;level_3;ai;timeout;300;201;0;4.925,;-0.010
2026-05-08T12:24:40;q_learning_train;level_3;ai;timeout;300;213;0;4.926,;-0.010
2026-05-08T12:24:40;q_learning_train;level_3;ai;timeout;300;216;0;4.927,;-0.010
2026-05-08T12:24:40;q_learning_evaluation;level_3;ai;timeout;300;0;0;0.029,;-0.010
2026-05-08T12:24:40;q_learning_evaluation;level_3;ai;timeout;300;0;0;0.032,;-0.010
2026-05-08T12:24:40;q_learning_evaluation;level_3;ai;timeout;300;0;0;0.031,;-0.010
2026-05-08T12:24:40;q_learning_evaluation;level_3;ai;timeout;300;0;0;0.031,;-0.010
2026-05-08T12:24:40;q_learning_evaluation;level_3;ai;timeout;300;0;0;0.030,;-0.010
2026-05-08T12:25:10;q_learning_preview;level_3;ai;timeout;300;0;0;30.177,;-0.010
2026-05-08T12:25:11;q_learning_train;level_4;ai;complete;21;19;0;0.472,;150.740
2026-05-08T12:25:11;q_learning_train;level_4;ai;complete;22;20;0;0.493,;150.740
2026-05-08T12:25:11;q_learning_train;level_4;ai;complete;22;20;0;0.495,;150.740
2026-05-08T12:25:11;q_learning_train;level_4;ai;complete;24;22;0;0.530,;150.740
2026-05-08T12:25:11;q_learning_train;level_4;ai;complete;24;20;0;0.541,;150.740
2026-05-08T12:25:11;q_learning_train;level_4;ai;complete;27;23;0;0.601,;150.740
2026-05-08T12:25:13;q_learning_train;level_4;ai;complete;118;112;0;2.291,;125.104
2026-05-08T12:25:16;q_learning_train;level_4;ai;timeout;300;236;0;5.539,;-0.010
2026-05-08T12:25:16;q_learning_train;level_4;ai;timeout;300;226;0;5.540,;-0.010
2026-05-08T12:25:16;q_learning_train;level_4;ai;timeout;300;230;0;5.542,;-0.010
2026-05-08T12:25:16;q_learning_train;level_4;ai;timeout;300;235;0;5.542,;-0.010
2026-05-08T12:25:16;q_learning_train;level_4;ai;timeout;300;241;0;5.543,;-0.010
2026-05-08T12:25:16;q_learning_train;level_4;ai;timeout;300;226;0;5.544,;-0.010
2026-05-08T12:25:16;q_learning_train;level_4;ai;timeout;300;233;0;5.545,;-0.010
2026-05-08T12:25:16;q_learning_train;level_4;ai;timeout;300;237;0;5.545,;-0.010
2026-05-08T12:25:16;q_learning_train;level_4;ai;timeout;300;247;0;5.546,;-0.010
2026-05-08T12:25:16;q_learning_train;level_4;ai;timeout;300;226;0;5.547,;-0.010
2026-05-08T12:25:16;q_learning_train;level_4;ai;timeout;300;230;0;5.548,;-0.010
2026-05-08T12:25:16;q_learning_train;level_4;ai;timeout;300;237;0;5.549,;-0.010
2026-05-08T12:25:16;q_learning_train;level_4;ai;timeout;300;236;0;5.550,;-0.010
2026-05-08T12:25:16;q_learning_train;level_4;ai;timeout;300;240;0;5.551,;-0.010
2026-05-08T12:25:16;q_learning_train;level_4;ai;timeout;300;231;0;5.552,;-0.010
2026-05-08T12:25:16;q_learning_train;level_4;ai;timeout;300;237;0;5.552,;-0.010
2026-05-08T12:25:16;q_learning_train;level_4;ai;timeout;300;237;0;5.553,;-0.010
2026-05-08T12:25:16;q_learning_train;level_4;ai;timeout;300;238;0;5.554,;-0.010
2026-05-08T12:25:16;q_learning_train;level_4;ai;timeout;300;230;0;5.555,;-0.010
2026-05-08T12:25:16;q_learning_train;level_4;ai;timeout;300;233;0;5.555,;-0.010
2026-05-08T12:25:16;q_learning_train;level_4;ai;timeout;300;233;0;5.556,;-0.010
2026-05-08T12:25:16;q_learning_train;level_4;ai;timeout;300;230;0;5.557,;-0.010
2026-05-08T12:25:16;q_learning_train;level_4;ai;timeout;300;238;0;5.558,;-0.010
2026-05-08T12:25:16;q_learning_train;level_4;ai;timeout;300;234;0;5.559,;-0.010
2026-05-08T12:25:16;q_learning_train;level_4;ai;timeout;300;232;0;5.560,;-0.010
2026-05-08T12:25:16;q_learning_train;level_4;ai;timeout;300;237;0;5.561,;-0.010
2026-05-08T12:25:16;q_learning_train;level_4;ai;timeout;300;233;0;5.562,;-0.010
2026-05-08T12:25:16;q_learning_train;level_4;ai;timeout;300;232;0;5.563,;-0.010
2026-05-08T12:25:16;q_learning_train;level_4;ai;timeout;300;234;0;5.564,;-0.010
2026-05-08T12:25:16;q_learning_train;level_4;ai;timeout;300;244;0;5.564,;-0.010
2026-05-08T12:25:16;q_learning_train;level_4;ai;timeout;300;226;0;5.565,;-0.010
2026-05-08T12:25:16;q_learning_train;level_4;ai;timeout;300;229;0;5.566,;-0.010
2026-05-08T12:25:16;q_learning_train;level_4;ai;timeout;300;243;0;5.567,;-0.010
2026-05-08T12:25:16;q_learning_train;level_4;ai;timeout;300;248;0;5.568,;-0.010
2026-05-08T12:25:16;q_learning_train;level_4;ai;timeout;300;235;0;5.569,;-0.010
2026-05-08T12:25:16;q_learning_train;level_4;ai;timeout;300;224;0;5.570,;-0.010
2026-05-08T12:25:16;q_learning_train;level_4;ai;timeout;300;238;0;5.571,;-0.010
2026-05-08T12:25:16;q_learning_train;level_4;ai;timeout;300;243;0;5.571,;-0.010
2026-05-08T12:25:16;q_learning_train;level_4;ai;timeout;300;236;0;5.572,;-0.010
2026-05-08T12:25:16;q_learning_train;level_4;ai;timeout;300;222;0;5.573,;-0.010
2026-05-08T12:25:16;q_learning_train;level_4;ai;timeout;300;236;0;5.574,;-0.010
2026-05-08T12:25:16;q_learning_train;level_4;ai;timeout;300;242;0;5.574,;-0.010
2026-05-08T12:25:16;q_learning_train;level_4;ai;timeout;300;239;0;5.575,;-0.010
2026-05-08T12:25:16;q_learning_train;level_4;ai;timeout;300;221;0;5.576,;-0.010
2026-05-08T12:25:16;q_learning_train;level_4;ai;timeout;300;239;0;5.577,;-0.010
2026-05-08T12:25:16;q_learning_train;level_4;ai;timeout;300;231;0;5.578,;-0.010
2026-05-08T12:25:16;q_learning_train;level_4;ai;timeout;300;239;0;5.579,;-0.010
2026-05-08T12:25:16;q_learning_train;level_4;ai;timeout;300;239;0;5.580,;-0.010
2026-05-08T12:25:16;q_learning_train;level_4;ai;timeout;300;228;0;5.581,;-0.010
2026-05-08T12:25:16;q_learning_train;level_4;ai;timeout;300;235;0;5.582,;-0.010
2026-05-08T12:25:16;q_learning_train;level_4;ai;timeout;300;248;0;5.583,;-0.010
2026-05-08T12:25:16;q_learning_train;level_4;ai;timeout;300;238;0;5.583,;-0.010
2026-05-08T12:25:16;q_learning_train;level_4;ai;timeout;300;230;0;5.584,;-0.010
2026-05-08T12:25:16;q_learning_train;level_4;ai;timeout;300;224;0;5.585,;-0.010
2026-05-08T12:25:16;q_learning_train;level_4;ai;timeout;300;242;0;5.586,;-0.010
2026-05-08T12:25:16;q_learning_train;level_4;ai;timeout;300;233;0;5.587,;-0.010
2026-05-08T12:25:16;q_learning_train;level_4;ai;timeout;300;231;0;5.588,;-0.010
2026-05-08T12:25:16;q_learning_train;level_4;ai;timeout;300;230;0;5.589,;-0.010
2026-05-08T12:25:16;q_learning_train;level_4;ai;timeout;300;247;0;5.590,;-0.010
2026-05-08T12:25:16;q_learning_train;level_4;ai;timeout;300;230;0;5.591,;-0.010
2026-05-08T12:25:16;q_learning_train;level_4;ai;timeout;300;231;0;5.592,;-0.010
2026-05-08T12:25:16;q_learning_train;level_4;ai;timeout;300;236;0;5.593,;-0.010
2026-05-08T12:25:16;q_learning_train;level_4;ai;timeout;300;245;0;5.593,;-0.010
2026-05-08T12:25:16;q_learning_train;level_4;ai;timeout;300;231;0;5.594,;-0.010
2026-05-08T12:25:16;q_learning_train;level_4;ai;timeout;300;228;0;5.595,;-0.010
2026-05-08T12:25:16;q_learning_train;level_4;ai;timeout;300;235;0;5.596,;-0.010
2026-05-08T12:25:16;q_learning_train;level_4;ai;timeout;300;239;0;5.597,;-0.010
2026-05-08T12:25:16;q_learning_train;level_4;ai;timeout;300;237;0;5.598,;-0.010
2026-05-08T12:25:16;q_learning_train;level_4;ai;timeout;300;229;0;5.599,;-0.010
2026-05-08T12:25:16;q_learning_train;level_4;ai;timeout;300;238;0;5.600,;-0.010
2026-05-08T12:25:16;q_learning_train;level_4;ai;timeout;300;243;0;5.601,;-0.010
2026-05-08T12:25:16;q_learning_train;level_4;ai;timeout;300;227;0;5.602,;-0.010
2026-05-08T12:25:16;q_learning_train;level_4;ai;timeout;300;238;0;5.602,;-0.010
2026-05-08T12:25:16;q_learning_train;level_4;ai;timeout;300;230;0;5.603,;-0.010
2026-05-08T12:25:16;q_learning_train;level_4;ai;timeout;300;232;0;5.604,;-0.010
2026-05-08T12:25:16;q_learning_train;level_4;ai;timeout;300;239;0;5.605,;-0.010
2026-05-08T12:25:16;q_learning_train;level_4;ai;timeout;300;237;0;5.606,;-0.010
2026-05-08T12:25:16;q_learning_train;level_4;ai;timeout;300;238;0;5.607,;-0.010
2026-05-08T12:25:16;q_learning_train;level_4;ai;timeout;300;227;0;5.608,;-0.010
2026-05-08T12:25:16;q_learning_train;level_4;ai;timeout;300;238;0;5.609,;-0.010
2026-05-08T12:25:16;q_learning_train;level_4;ai;timeout;300;238;0;5.610,;-0.010
2026-05-08T12:25:16;q_learning_train;level_4;ai;timeout;300;243;0;5.611,;-0.010
2026-05-08T12:25:16;q_learning_train;level_4;ai;timeout;300;221;0;5.612,;-0.010
2026-05-08T12:25:16;q_learning_train;level_4;ai;timeout;300;236;0;5.612,;-0.010
2026-05-08T12:25:16;q_learning_train;level_4;ai;timeout;300;241;0;5.613,;-0.010
2026-05-08T12:25:16;q_learning_train;level_4;ai;timeout;300;235;0;5.614,;-0.010
2026-05-08T12:25:16;q_learning_train;level_4;ai;timeout;300;226;0;5.615,;-0.010
2026-05-08T12:25:16;q_learning_train;level_4;ai;timeout;300;237;0;5.615,;-0.010
2026-05-08T12:25:16;q_learning_train;level_4;ai;timeout;300;236;0;5.616,;-0.010
2026-05-08T12:25:16;q_learning_train;level_4;ai;timeout;300;236;0;5.617,;-0.010
2026-05-08T12:25:16;q_learning_train;level_4;ai;timeout;300;227;0;5.618,;-0.010
2026-05-08T12:25:16;q_learning_train;level_4;ai;timeout;300;232;0;5.619,;-0.010
2026-05-08T12:25:16;q_learning_train;level_4;ai;timeout;300;242;0;5.620,;-0.010
2026-05-08T12:25:16;q_learning_evaluation;level_4;ai;timeout;300;300;0;0.034,;-0.010
2026-05-08T12:25:16;q_learning_evaluation;level_4;ai;timeout;300;300;0;0.034,;-0.010
2026-05-08T12:25:16;q_learning_evaluation;level_4;ai;timeout;300;300;0;0.034,;-0.010
2026-05-08T12:25:16;q_learning_evaluation;level_4;ai;timeout;300;300;0;0.034,;-0.010
2026-05-08T12:25:16;q_learning_evaluation;level_4;ai;timeout;300;300;0;0.034,;-0.010
2026-05-08T12:42:33;q_learning_train;level_1;1;1;ai;timeout;300;205;55;2.825;-0.010
2026-05-08T12:42:33;q_learning_train;level_1;1;2;ai;timeout;300;200;47;2.827;-0.010
2026-05-08T12:42:33;q_learning_train;level_1;1;3;ai;timeout;300;211;40;2.828;-0.010
2026-05-08T12:42:33;q_learning_train;level_1;1;4;ai;timeout;300;207;54;2.829;-0.760
2026-05-08T12:42:33;q_learning_train;level_1;1;5;ai;timeout;300;195;56;2.830;-0.010
2026-05-08T12:42:33;q_learning_train;level_1;1;6;ai;timeout;300;184;62;2.831;0.740
2026-05-08T12:42:33;q_learning_train;level_1;1;7;ai;timeout;300;197;46;2.831;-0.010
2026-05-08T12:42:33;q_learning_train;level_1;1;8;ai;timeout;300;206;38;2.832;-0.010
2026-05-08T12:42:33;q_learning_train;level_1;1;9;ai;timeout;300;218;45;2.832;0.740
2026-05-08T12:42:33;q_learning_train;level_1;1;10;ai;timeout;300;201;44;2.833;-0.010
2026-05-08T12:42:33;q_learning_train;level_1;1;11;ai;timeout;300;210;47;2.834;-0.010
2026-05-08T12:42:33;q_learning_train;level_1;1;12;ai;timeout;300;204;49;2.835;-0.010
2026-05-08T12:42:33;q_learning_train;level_1;1;13;ai;timeout;300;218;45;2.835;-2.010
2026-05-08T12:42:33;q_learning_train;level_1;1;14;ai;timeout;300;205;49;2.836;0.740
2026-05-08T12:42:33;q_learning_train;level_1;1;15;ai;timeout;300;201;55;2.837;-2.010
2026-05-08T12:42:33;q_learning_train;level_1;1;16;ai;timeout;300;201;51;2.837;-0.010
2026-05-08T12:42:33;q_learning_train;level_1;1;17;ai;timeout;300;203;46;2.838;-2.010
2026-05-08T12:42:33;q_learning_train;level_1;1;18;ai;timeout;300;211;53;2.839;-0.010
2026-05-08T12:42:33;q_learning_train;level_1;1;19;ai;timeout;300;191;47;2.839;-0.010
2026-05-08T12:42:33;q_learning_train;level_1;1;20;ai;timeout;300;219;42;2.840;-0.010
2026-05-08T12:42:33;q_learning_train;level_1;1;21;ai;timeout;300;191;48;2.842;-0.010
2026-05-08T12:42:33;q_learning_train;level_1;1;22;ai;timeout;300;180;66;2.843;-0.010
2026-05-08T12:42:33;q_learning_train;level_1;1;23;ai;timeout;300;205;48;2.844;-0.010
2026-05-08T12:42:33;q_learning_train;level_1;1;24;ai;timeout;300;185;66;2.845;0.740
2026-05-08T12:42:33;q_learning_train;level_1;1;25;ai;timeout;300;208;45;2.846;0.740
2026-05-08T12:42:33;q_learning_train;level_1;1;26;ai;timeout;300;199;49;2.846;-0.010
2026-05-08T12:42:33;q_learning_train;level_1;1;27;ai;timeout;300;205;53;2.847;0.740
2026-05-08T12:42:33;q_learning_train;level_1;1;28;ai;timeout;300;191;63;2.848;0.740
2026-05-08T12:42:33;q_learning_train;level_1;1;29;ai;timeout;300;195;56;2.848;-0.010
2026-05-08T12:42:33;q_learning_train;level_1;1;30;ai;timeout;300;191;55;2.849;0.740
2026-05-08T12:42:33;q_learning_train;level_1;1;31;ai;timeout;300;197;50;2.849;-0.010
2026-05-08T12:42:33;q_learning_train;level_1;1;32;ai;timeout;300;197;51;2.850;-0.010
2026-05-08T12:42:33;q_learning_train;level_1;1;33;ai;timeout;300;199;54;2.851;0.740
2026-05-08T12:42:33;q_learning_train;level_1;1;34;ai;timeout;300;193;54;2.851;0.740
2026-05-08T12:42:33;q_learning_train;level_1;1;35;ai;timeout;300;202;49;2.852;-0.010
2026-05-08T12:42:33;q_learning_train;level_1;1;36;ai;timeout;300;207;45;2.852;-0.010
2026-05-08T12:42:33;q_learning_train;level_1;1;37;ai;timeout;300;199;46;2.853;-0.760
2026-05-08T12:42:33;q_learning_train;level_1;1;38;ai;timeout;300;190;63;2.854;-2.010
2026-05-08T12:42:33;q_learning_train;level_1;1;39;ai;timeout;300;203;48;2.855;-0.010
2026-05-08T12:42:33;q_learning_train;level_1;1;40;ai;timeout;300;205;47;2.855;0.740
2026-05-08T12:42:33;q_learning_train;level_1;1;41;ai;timeout;300;195;55;2.856;-0.010
2026-05-08T12:42:33;q_learning_train;level_1;1;42;ai;timeout;300;214;42;2.857;-0.010
2026-05-08T12:42:33;q_learning_train;level_1;1;43;ai;timeout;300;206;55;2.857;-0.010
2026-05-08T12:42:33;q_learning_train;level_1;1;44;ai;timeout;300;201;48;2.858;0.740
2026-05-08T12:42:33;q_learning_train;level_1;1;45;ai;timeout;300;201;48;2.859;-0.760
2026-05-08T12:42:33;q_learning_train;level_1;1;46;ai;timeout;300;192;64;2.860;0.740
2026-05-08T12:42:33;q_learning_train;level_1;1;47;ai;timeout;300;208;42;2.860;-0.010
2026-05-08T12:42:33;q_learning_train;level_1;1;48;ai;timeout;300;198;52;2.861;0.740
2026-05-08T12:42:33;q_learning_train;level_1;1;49;ai;timeout;300;184;67;2.861;0.740
2026-05-08T12:42:33;q_learning_train;level_1;1;50;ai;timeout;300;196;46;2.862;0.740
2026-05-08T12:42:33;q_learning_train;level_1;1;51;ai;timeout;300;203;43;2.862;-0.010
2026-05-08T12:42:33;q_learning_train;level_1;1;52;ai;timeout;300;206;48;2.863;-0.010
2026-05-08T12:42:33;q_learning_train;level_1;1;53;ai;timeout;300;198;45;2.864;0.740
2026-05-08T12:42:33;q_learning_train;level_1;1;54;ai;timeout;300;191;59;2.864;-0.010
2026-05-08T12:42:33;q_learning_train;level_1;1;55;ai;timeout;300;204;54;2.865;-0.010
2026-05-08T12:42:33;q_learning_train;level_1;1;56;ai;timeout;300;196;42;2.866;-0.010
2026-05-08T12:42:33;q_learning_train;level_1;1;57;ai;timeout;300;203;49;2.867;-0.010
2026-05-08T12:42:33;q_learning_train;level_1;1;58;ai;timeout;300;205;49;2.868;-0.010
2026-05-08T12:42:33;q_learning_train;level_1;1;59;ai;timeout;300;202;42;2.868;-0.010
2026-05-08T12:42:33;q_learning_train;level_1;1;60;ai;timeout;300;218;37;2.869;0.740
2026-05-08T12:42:33;q_learning_train;level_1;1;61;ai;timeout;300;208;47;2.869;-0.010
2026-05-08T12:42:33;q_learning_train;level_1;1;62;ai;timeout;300;172;61;2.870;0.740
2026-05-08T12:42:33;q_learning_train;level_1;1;63;ai;timeout;300;192;48;2.870;-0.010
2026-05-08T12:42:33;q_learning_train;level_1;1;64;ai;timeout;300;209;52;2.871;-0.010
2026-05-08T12:42:33;q_learning_train;level_1;1;65;ai;timeout;300;187;58;2.872;-0.010
2026-05-08T12:42:33;q_learning_train;level_1;1;66;ai;timeout;300;201;57;2.872;0.740
2026-05-08T12:42:33;q_learning_train;level_1;1;67;ai;timeout;300;196;49;2.873;-0.010
2026-05-08T12:42:33;q_learning_train;level_1;1;68;ai;timeout;300;194;59;2.874;-0.010
2026-05-08T12:42:33;q_learning_train;level_1;1;69;ai;timeout;300;205;51;2.875;-2.010
2026-05-08T12:42:33;q_learning_train;level_1;1;70;ai;timeout;300;206;47;2.876;0.740
2026-05-08T12:42:33;q_learning_train;level_1;1;71;ai;timeout;300;197;51;2.876;-0.010
2026-05-08T12:42:33;q_learning_train;level_1;1;72;ai;timeout;300;209;49;2.877;-0.010
2026-05-08T12:42:33;q_learning_train;level_1;1;73;ai;timeout;300;209;50;2.878;-0.010
2026-05-08T12:42:33;q_learning_train;level_1;1;74;ai;timeout;300;200;44;2.878;-0.010
2026-05-08T12:42:33;q_learning_train;level_1;1;75;ai;timeout;300;197;62;2.879;-0.010
2026-05-08T12:42:33;q_learning_train;level_1;1;76;ai;timeout;300;194;43;2.880;-0.010
2026-05-08T12:42:33;q_learning_train;level_1;1;77;ai;timeout;300;204;52;2.880;-0.760
2026-05-08T12:42:33;q_learning_train;level_1;1;78;ai;timeout;300;191;59;2.881;0.740
2026-05-08T12:42:33;q_learning_train;level_1;1;79;ai;timeout;300;206;49;2.882;0.740
2026-05-08T12:42:33;q_learning_train;level_1;1;80;ai;timeout;300;193;61;2.883;-0.010
2026-05-08T12:42:33;q_learning_train;level_1;1;81;ai;timeout;300;201;49;2.883;-2.010
2026-05-08T12:42:33;q_learning_train;level_1;1;82;ai;timeout;300;199;45;2.884;0.740
2026-05-08T12:42:33;q_learning_train;level_1;1;83;ai;timeout;300;183;60;2.885;-0.010
2026-05-08T12:42:33;q_learning_train;level_1;1;84;ai;timeout;300;213;45;2.885;-0.010
2026-05-08T12:42:33;q_learning_train;level_1;1;85;ai;timeout;300;206;46;2.886;-0.010
2026-05-08T12:42:33;q_learning_train;level_1;1;86;ai;timeout;300;209;47;2.887;0.740
2026-05-08T12:42:33;q_learning_train;level_1;1;87;ai;timeout;300;203;52;2.887;-0.010
2026-05-08T12:42:33;q_learning_train;level_1;1;88;ai;timeout;300;208;44;2.888;0.740
2026-05-08T12:42:33;q_learning_train;level_1;1;89;ai;timeout;300;193;52;2.889;-2.010
2026-05-08T12:42:33;q_learning_train;level_1;1;90;ai;timeout;300;224;35;2.890;-0.010
2026-05-08T12:42:33;q_learning_train;level_1;1;91;ai;timeout;300;200;42;2.891;-0.010
2026-05-08T12:42:33;q_learning_train;level_1;1;92;ai;timeout;300;206;46;2.892;0.740
2026-05-08T12:42:33;q_learning_train;level_1;1;93;ai;timeout;300;193;51;2.892;-0.010
2026-05-08T12:42:33;q_learning_train;level_1;1;94;ai;timeout;300;202;47;2.893;-0.010
2026-05-08T12:42:33;q_learning_train;level_1;1;95;ai;timeout;300;186;53;2.894;-0.010
2026-05-08T12:42:33;q_learning_train;level_1;1;96;ai;timeout;300;199;52;2.895;0.740
2026-05-08T12:42:33;q_learning_train;level_1;1;97;ai;timeout;300;194;52;2.896;0.740
2026-05-08T12:42:33;q_learning_train;level_1;1;98;ai;timeout;300;207;39;2.896;-0.010
2026-05-08T12:42:33;q_learning_train;level_1;1;99;ai;timeout;300;205;59;2.897;0.740
2026-05-08T12:42:33;q_learning_train;level_1;1;100;ai;timeout;300;203;59;2.898;-0.010
2026-05-08T12:42:33;q_learning_evaluation;level_1;1;1;ai;timeout;300;300;0;0.028;-0.060
2026-05-08T12:42:33;q_learning_evaluation;level_1;1;2;ai;timeout;300;300;0;0.026;-0.060
2026-05-08T12:42:33;q_learning_evaluation;level_1;1;3;ai;timeout;300;300;0;0.025;-0.060
2026-05-08T12:42:33;q_learning_evaluation;level_1;1;4;ai;timeout;300;300;0;0.025;-0.060
2026-05-08T12:42:33;q_learning_evaluation;level_1;1;5;ai;timeout;300;300;0;0.025;-0.060
2026-05-08T12:43:05;q_learning_preview;level_1;1;0;ai;timeout;300;300;0;30.179;-0.060
2026-05-08T12:43:08;q_learning_train;level_1;2;1;ai;timeout;300;246;34;3.326;0.740
2026-05-08T12:43:08;q_learning_train;level_1;2;2;ai;timeout;300;250;33;3.328;0.740
2026-05-08T12:43:08;q_learning_train;level_1;2;3;ai;timeout;300;245;31;3.329;0.740
2026-05-08T12:43:08;q_learning_train;level_1;2;4;ai;timeout;300;245;34;3.329;0.740
2026-05-08T12:43:08;q_learning_train;level_1;2;5;ai;timeout;300;243;34;3.330;0.740
2026-05-08T12:43:08;q_learning_train;level_1;2;6;ai;timeout;300;243;35;3.330;0.740
2026-05-08T12:43:08;q_learning_train;level_1;2;7;ai;timeout;300;246;36;3.331;-0.010
2026-05-08T12:43:08;q_learning_train;level_1;2;8;ai;timeout;300;245;32;3.331;-0.010
2026-05-08T12:43:08;q_learning_train;level_1;2;9;ai;timeout;300;248;31;3.331;0.740
2026-05-08T12:43:08;q_learning_train;level_1;2;10;ai;timeout;300;248;32;3.332;-0.010
2026-05-08T12:43:08;q_learning_train;level_1;2;11;ai;timeout;300;243;38;3.332;-2.010
2026-05-08T12:43:08;q_learning_train;level_1;2;12;ai;timeout;300;251;31;3.333;-0.010
2026-05-08T12:43:08;q_learning_train;level_1;2;13;ai;timeout;300;250;36;3.334;-2.010
2026-05-08T12:43:08;q_learning_train;level_1;2;14;ai;timeout;300;248;34;3.334;-2.010
2026-05-08T12:43:08;q_learning_train;level_1;2;15;ai;timeout;300;249;33;3.335;-0.010
2026-05-08T12:43:08;q_learning_train;level_1;2;16;ai;timeout;300;245;33;3.335;-0.010
2026-05-08T12:43:08;q_learning_train;level_1;2;17;ai;timeout;300;246;35;3.336;0.740
2026-05-08T12:43:08;q_learning_train;level_1;2;18;ai;timeout;300;250;34;3.336;-0.010
2026-05-08T12:43:08;q_learning_train;level_1;2;19;ai;timeout;300;244;37;3.337;-0.010
2026-05-08T12:43:08;q_learning_train;level_1;2;20;ai;timeout;300;241;34;3.337;0.740
2026-05-08T12:43:08;q_learning_train;level_1;2;21;ai;timeout;300;245;33;3.338;-0.010
2026-05-08T12:43:08;q_learning_train;level_1;2;22;ai;timeout;300;242;34;3.338;0.740
2026-05-08T12:43:08;q_learning_train;level_1;2;23;ai;timeout;300;245;32;3.339;0.740
2026-05-08T12:43:08;q_learning_train;level_1;2;24;ai;timeout;300;242;35;3.339;0.740
2026-05-08T12:43:08;q_learning_train;level_1;2;25;ai;timeout;300;246;35;3.340;-0.010
2026-05-08T12:43:08;q_learning_train;level_1;2;26;ai;timeout;300;242;33;3.341;-0.010
2026-05-08T12:43:08;q_learning_train;level_1;2;27;ai;timeout;300;248;30;3.381;-0.010
2026-05-08T12:43:08;q_learning_train;level_1;2;28;ai;timeout;300;247;34;3.383;0.740
2026-05-08T12:43:08;q_learning_train;level_1;2;29;ai;timeout;300;240;36;3.384;-0.760
2026-05-08T12:43:08;q_learning_train;level_1;2;30;ai;timeout;300;244;28;3.385;-0.010
2026-05-08T12:43:08;q_learning_train;level_1;2;31;ai;timeout;300;242;31;3.385;-0.010
2026-05-08T12:43:08;q_learning_train;level_1;2;32;ai;timeout;300;243;37;3.386;-0.010
2026-05-08T12:43:08;q_learning_train;level_1;2;33;ai;timeout;300;247;36;3.387;0.740
2026-05-08T12:43:08;q_learning_train;level_1;2;34;ai;timeout;300;247;34;3.387;-2.010
2026-05-08T12:43:08;q_learning_train;level_1;2;35;ai;timeout;300;246;36;3.388;-2.010
2026-05-08T12:43:08;q_learning_train;level_1;2;36;ai;timeout;300;245;36;3.389;-0.010
2026-05-08T12:43:08;q_learning_train;level_1;2;37;ai;timeout;300;244;36;3.389;0.740
2026-05-08T12:43:08;q_learning_train;level_1;2;38;ai;timeout;300;246;35;3.390;-0.010
2026-05-08T12:43:08;q_learning_train;level_1;2;39;ai;timeout;300;245;33;3.391;0.740
2026-05-08T12:43:08;q_learning_train;level_1;2;40;ai;timeout;300;239;33;3.391;-0.010
2026-05-08T12:43:08;q_learning_train;level_1;2;41;ai;timeout;300;242;34;3.392;-0.010
2026-05-08T12:43:08;q_learning_train;level_1;2;42;ai;timeout;300;244;32;3.393;-0.010
2026-05-08T12:43:08;q_learning_train;level_1;2;43;ai;timeout;300;245;33;3.393;-0.010
2026-05-08T12:43:08;q_learning_train;level_1;2;44;ai;timeout;300;245;32;3.394;-0.760
2026-05-08T12:43:08;q_learning_train;level_1;2;45;ai;timeout;300;242;34;3.394;-2.010
2026-05-08T12:43:08;q_learning_train;level_1;2;46;ai;timeout;300;243;35;3.395;-0.010
2026-05-08T12:43:08;q_learning_train;level_1;2;47;ai;timeout;300;249;34;3.396;-0.010
2026-05-08T12:43:08;q_learning_train;level_1;2;48;ai;timeout;300;246;32;3.396;-0.010
2026-05-08T12:43:08;q_learning_train;level_1;2;49;ai;timeout;300;246;34;3.397;-0.010
2026-05-08T12:43:08;q_learning_train;level_1;2;50;ai;timeout;300;244;33;3.398;-0.010
2026-05-08T12:43:08;q_learning_train;level_1;2;51;ai;timeout;300;245;35;3.398;-0.010
2026-05-08T12:43:08;q_learning_train;level_1;2;52;ai;timeout;300;248;31;3.399;0.740
2026-05-08T12:43:08;q_learning_train;level_1;2;53;ai;timeout;300;247;35;3.399;-0.010
2026-05-08T12:43:08;q_learning_train;level_1;2;54;ai;timeout;300;251;33;3.400;0.740
2026-05-08T12:43:08;q_learning_train;level_1;2;55;ai;timeout;300;242;34;3.401;-0.010
2026-05-08T12:43:08;q_learning_train;level_1;2;56;ai;timeout;300;247;33;3.401;-0.010
2026-05-08T12:43:08;q_learning_train;level_1;2;57;ai;timeout;300;244;35;3.402;0.740
2026-05-08T12:43:08;q_learning_train;level_1;2;58;ai;timeout;300;254;31;3.403;0.740
2026-05-08T12:43:08;q_learning_train;level_1;2;59;ai;timeout;300;245;33;3.404;0.740
2026-05-08T12:43:08;q_learning_train;level_1;2;60;ai;timeout;300;244;32;3.404;-0.760
2026-05-08T12:43:08;q_learning_train;level_1;2;61;ai;timeout;300;244;34;3.406;-0.010
2026-05-08T12:43:08;q_learning_train;level_1;2;62;ai;timeout;300;239;39;3.407;-2.010
2026-05-08T12:43:08;q_learning_train;level_1;2;63;ai;timeout;300;245;35;3.407;0.740
2026-05-08T12:43:08;q_learning_train;level_1;2;64;ai;timeout;300;245;35;3.408;-2.010
2026-05-08T12:43:08;q_learning_train;level_1;2;65;ai;timeout;300;246;36;3.409;-0.760
2026-05-08T12:43:08;q_learning_train;level_1;2;66;ai;timeout;300;248;32;3.409;-0.010
2026-05-08T12:43:08;q_learning_train;level_1;2;67;ai;timeout;300;242;33;3.410;-0.010
2026-05-08T12:43:08;q_learning_train;level_1;2;68;ai;timeout;300;248;34;3.411;0.740
2026-05-08T12:43:08;q_learning_train;level_1;2;69;ai;timeout;300;249;34;3.411;-0.010
2026-05-08T12:43:08;q_learning_train;level_1;2;70;ai;timeout;300;243;29;3.412;0.740
2026-05-08T12:43:08;q_learning_train;level_1;2;71;ai;timeout;300;247;35;3.412;0.740
2026-05-08T12:43:08;q_learning_train;level_1;2;72;ai;timeout;300;244;34;3.413;-0.010
2026-05-08T12:43:08;q_learning_train;level_1;2;73;ai;timeout;300;248;31;3.414;-0.760
2026-05-08T12:43:08;q_learning_train;level_1;2;74;ai;timeout;300;243;31;3.415;0.740
2026-05-08T12:43:08;q_learning_train;level_1;2;75;ai;timeout;300;244;34;3.415;-0.010
2026-05-08T12:43:08;q_learning_train;level_1;2;76;ai;timeout;300;243;32;3.416;-0.010
2026-05-08T12:43:08;q_learning_train;level_1;2;77;ai;timeout;300;243;33;3.417;-0.010
2026-05-08T12:43:08;q_learning_train;level_1;2;78;ai;timeout;300;247;35;3.418;-0.010
2026-05-08T12:43:08;q_learning_train;level_1;2;79;ai;timeout;300;246;36;3.419;0.740
2026-05-08T12:43:08;q_learning_train;level_1;2;80;ai;timeout;300;248;35;3.419;-0.010
2026-05-08T12:43:08;q_learning_train;level_1;2;81;ai;timeout;300;245;35;3.420;-0.760
2026-05-08T12:43:08;q_learning_train;level_1;2;82;ai;timeout;300;241;35;3.421;-0.010
2026-05-08T12:43:08;q_learning_train;level_1;2;83;ai;timeout;300;240;34;3.421;-0.010
2026-05-08T12:43:08;q_learning_train;level_1;2;84;ai;timeout;300;244;35;3.422;-0.010
2026-05-08T12:43:08;q_learning_train;level_1;2;85;ai;timeout;300;250;35;3.422;-0.010
2026-05-08T12:43:08;q_learning_train;level_1;2;86;ai;timeout;300;246;33;3.423;-0.010
2026-05-08T12:43:08;q_learning_train;level_1;2;87;ai;timeout;300;244;37;3.424;-2.010
2026-05-08T12:43:08;q_learning_train;level_1;2;88;ai;timeout;300;247;35;3.424;0.740
2026-05-08T12:43:08;q_learning_train;level_1;2;89;ai;timeout;300;237;33;3.425;-0.010
2026-05-08T12:43:08;q_learning_train;level_1;2;90;ai;timeout;300;243;33;3.426;-2.010
2026-05-08T12:43:08;q_learning_train;level_1;2;91;ai;timeout;300;243;37;3.427;-0.010
2026-05-08T12:43:08;q_learning_train;level_1;2;92;ai;timeout;300;241;33;3.428;-2.010
2026-05-08T12:43:08;q_learning_train;level_1;2;93;ai;timeout;300;249;29;3.429;-0.760
2026-05-08T12:43:08;q_learning_train;level_1;2;94;ai;timeout;300;247;32;3.430;-0.010
2026-05-08T12:43:08;q_learning_train;level_1;2;95;ai;timeout;300;242;34;3.431;0.740
2026-05-08T12:43:08;q_learning_train;level_1;2;96;ai;timeout;300;241;33;3.432;-0.010
2026-05-08T12:43:08;q_learning_train;level_1;2;97;ai;timeout;300;247;36;3.433;-0.010
2026-05-08T12:43:08;q_learning_train;level_1;2;98;ai;timeout;300;248;32;3.433;-0.010
2026-05-08T12:43:08;q_learning_train;level_1;2;99;ai;timeout;300;243;31;3.434;-0.010
2026-05-08T12:43:08;q_learning_train;level_1;2;100;ai;timeout;300;241;32;3.434;-0.010
2026-05-08T12:43:08;q_learning_evaluation;level_1;2;1;ai;timeout;300;300;0;0.025;-0.060
2026-05-08T12:43:08;q_learning_evaluation;level_1;2;2;ai;timeout;300;300;0;0.025;-0.060
2026-05-08T12:43:08;q_learning_evaluation;level_1;2;3;ai;timeout;300;300;0;0.025;-0.060
2026-05-08T12:43:08;q_learning_evaluation;level_1;2;4;ai;timeout;300;300;0;0.025;-0.060
2026-05-08T12:43:09;q_learning_evaluation;level_1;2;5;ai;timeout;300;300;0;0.026;-0.060
2026-05-08T12:46:35;q_learning_train;level_1;1;35;ai;complete;50;40;0;0.467;150.740
2026-05-08T12:46:35;q_learning_train;level_1;1;70;ai;complete;68;58;0;0.630;145.466
2026-05-08T12:46:35;q_learning_train;level_1;1;91;ai;complete;80;68;0;0.734;138.828
2026-05-08T12:46:35;q_learning_train;level_1;1;99;ai;complete;80;65;0;0.734;139.778
2026-05-08T12:46:35;q_learning_train;level_1;1;37;ai;complete;86;63;0;0.786;139.241
2026-05-08T12:46:36;q_learning_train;level_1;1;98;ai;complete;90;75;0;0.821;134.962
2026-05-08T12:46:36;q_learning_train;level_1;1;89;ai;complete;91;73;0;0.831;135.303
2026-05-08T12:46:36;q_learning_train;level_1;1;11;ai;complete;93;78;0;0.846;133.742
2026-05-08T12:46:36;q_learning_train;level_1;1;44;ai;complete;93;81;0;0.847;133.078
2026-05-08T12:46:36;q_learning_train;level_1;1;48;ai;complete;94;73;0;0.856;134.812
2026-05-08T12:46:36;q_learning_train;level_1;1;17;ai;complete;95;72;0;0.865;134.921
2026-05-08T12:46:36;q_learning_train;level_1;1;24;ai;complete;96;78;0;0.873;133.272
2026-05-08T12:46:36;q_learning_train;level_1;1;52;ai;complete;96;71;0;0.874;135.042
2026-05-08T12:46:36;q_learning_train;level_1;1;92;ai;complete;97;80;0;0.884;132.673
2026-05-08T12:46:36;q_learning_train;level_1;1;16;ai;complete;98;82;0;0.892;132.099
2026-05-08T12:46:36;q_learning_train;level_1;1;31;ai;complete;98;77;0;0.892;133.208
2026-05-08T12:46:36;q_learning_train;level_1;1;34;ai;complete;98;78;0;0.893;132.974
2026-05-08T12:46:36;q_learning_train;level_1;1;14;ai;complete;100;87;0;0.909;130.832
2026-05-08T12:46:36;q_learning_train;level_1;1;39;ai;complete;100;80;0;0.909;132.240
2026-05-08T12:46:36;q_learning_train;level_1;1;41;ai;complete;100;84;0;0.956;131.407
2026-05-08T12:46:36;q_learning_train;level_1;1;72;ai;complete;100;86;0;0.957;131.019
2026-05-08T12:46:36;q_learning_train;level_1;1;90;ai;complete;101;84;0;0.965;131.268
2026-05-08T12:46:36;q_learning_train;level_1;1;45;ai;complete;102;90;0;0.972;130.021
2026-05-08T12:46:36;q_learning_train;level_1;1;47;ai;complete;102;83;0;0.972;131.333
2026-05-08T12:46:36;q_learning_train;level_1;1;55;ai;complete;102;81;0;0.974;131.749
2026-05-08T12:46:36;q_learning_train;level_1;1;50;ai;complete;103;84;0;0.983;130.999
2026-05-08T12:46:36;q_learning_train;level_1;1;64;ai;complete;103;85;0;0.984;130.803
2026-05-08T12:46:36;q_learning_train;level_1;1;8;ai;complete;104;89;0;0.992;129.932
2026-05-08T12:46:36;q_learning_train;level_1;1;53;ai;complete;104;89;0;0.992;129.932
2026-05-08T12:46:36;q_learning_train;level_1;1;32;ai;complete;105;86;0;1.000;130.352
2026-05-08T12:46:36;q_learning_train;level_1;1;40;ai;complete;105;86;0;1.000;130.352
2026-05-08T12:46:36;q_learning_train;level_1;1;56;ai;complete;105;89;0;1.002;129.804
2026-05-08T12:46:36;q_learning_train;level_1;1;58;ai;complete;105;88;0;1.002;129.982
2026-05-08T12:46:36;q_learning_train;level_1;1;13;ai;complete;106;84;0;1.010;130.614
2026-05-08T12:46:36;q_learning_train;level_1;1;9;ai;complete;107;89;0;1.017;129.554
2026-05-08T12:46:36;q_learning_train;level_1;1;23;ai;complete;107;82;0;1.017;130.897
2026-05-08T12:46:36;q_learning_train;level_1;1;59;ai;complete;107;93;0;1.017;128.878
2026-05-08T12:46:36;q_learning_train;level_1;1;69;ai;complete;107;79;0;1.018;131.546
2026-05-08T12:46:36;q_learning_train;level_1;1;97;ai;complete;107;81;0;1.018;131.108
2026-05-08T12:46:36;q_learning_train;level_1;1;7;ai;complete;108;90;0;1.027;129.259
2026-05-08T12:46:36;q_learning_train;level_1;1;30;ai;complete;108;78;0;1.027;131.652
2026-05-08T12:46:36;q_learning_train;level_1;1;65;ai;complete;108;88;0;1.027;129.612
2026-05-08T12:46:36;q_learning_train;level_1;1;20;ai;complete;109;87;0;1.034;129.676
2026-05-08T12:46:36;q_learning_train;level_1;1;57;ai;complete;109;88;0;1.034;129.493
2026-05-08T12:46:36;q_learning_train;level_1;1;81;ai;complete;109;91;0;1.035;128.969
2026-05-08T12:46:36;q_learning_train;level_1;1;22;ai;complete;110;91;0;1.042;128.852
2026-05-08T12:46:36;q_learning_train;level_1;1;43;ai;complete;110;85;0;1.042;129.938
2026-05-08T12:46:36;q_learning_train;level_1;1;61;ai;complete;110;94;0;1.042;128.361
2026-05-08T12:46:36;q_learning_train;level_1;1;63;ai;complete;110;84;0;1.043;130.134
2026-05-08T12:46:36;q_learning_train;level_1;1;66;ai;complete;110;86;0;1.043;129.746
2026-05-08T12:46:36;q_learning_train;level_1;1;79;ai;complete;110;87;0;1.044;129.559
2026-05-08T12:46:36;q_learning_train;level_1;1;83;ai;complete;110;87;0;1.045;129.559
2026-05-08T12:46:36;q_learning_train;level_1;1;71;ai;complete;111;90;0;1.050;128.908
2026-05-08T12:46:36;q_learning_train;level_1;1;77;ai;complete;111;87;0;1.050;129.445
2026-05-08T12:46:36;q_learning_train;level_1;1;87;ai;complete;111;89;0;1.052;129.083
2026-05-08T12:46:36;q_learning_train;level_1;1;1;ai;complete;112;88;0;1.059;129.149
2026-05-08T12:46:36;q_learning_train;level_1;1;4;ai;complete;112;87;0;1.060;129.332
2026-05-08T12:46:36;q_learning_train;level_1;1;18;ai;complete;112;96;0;1.060;127.823
2026-05-08T12:46:36;q_learning_train;level_1;1;42;ai;complete;112;86;0;1.060;129.519
2026-05-08T12:46:36;q_learning_train;level_1;1;51;ai;complete;112;86;0;1.060;129.519
2026-05-08T12:46:36;q_learning_train;level_1;1;67;ai;complete;112;89;0;1.060;128.970
2026-05-08T12:46:36;q_learning_train;level_1;1;82;ai;complete;112;94;0;1.060;128.134
2026-05-08T12:46:36;q_learning_train;level_1;1;25;ai;complete;113;85;0;1.066;129.600
2026-05-08T12:46:36;q_learning_train;level_1;1;93;ai;complete;113;93;0;1.064;128.183
2026-05-08T12:46:36;q_learning_train;level_1;1;96;ai;complete;113;95;0;1.065;127.866
2026-05-08T12:46:36;q_learning_train;level_1;1;36;ai;complete;114;93;0;1.071;128.074
2026-05-08T12:46:36;q_learning_train;level_1;1;38;ai;complete;114;94;0;1.072;127.914
2026-05-08T12:46:36;q_learning_train;level_1;1;49;ai;complete;114;88;0;1.072;128.930
2026-05-08T12:46:36;q_learning_train;level_1;1;60;ai;complete;114;101;0;1.072;126.882
2026-05-08T12:46:36;q_learning_train;level_1;1;75;ai;complete;114;88;0;1.073;128.930
2026-05-08T12:46:36;q_learning_train;level_1;1;86;ai;complete;114;90;0;1.073;128.576
2026-05-08T12:46:36;q_learning_train;level_1;1;5;ai;complete;115;104;0;1.080;126.375
2026-05-08T12:46:36;q_learning_train;level_1;1;26;ai;complete;115;91;0;1.080;128.299
2026-05-08T12:46:36;q_learning_train;level_1;1;29;ai;complete;115;93;0;1.081;127.968
2026-05-08T12:46:36;q_learning_train;level_1;1;68;ai;complete;115;93;0;1.079;127.968
2026-05-08T12:46:36;q_learning_train;level_1;1;73;ai;complete;115;91;0;1.079;128.299
2026-05-08T12:46:36;q_learning_train;level_1;1;88;ai;complete;115;90;0;1.080;128.469
2026-05-08T12:46:36;q_learning_train;level_1;1;12;ai;complete;116;100;0;1.086;126.809
2026-05-08T12:46:36;q_learning_train;level_1;1;95;ai;complete;116;97;0;1.083;127.242
2026-05-08T12:46:36;q_learning_train;level_1;1;100;ai;complete;116;94;0;1.084;127.703
2026-05-08T12:46:36;q_learning_train;level_1;1;3;ai;complete;117;90;0;1.092;128.261
2026-05-08T12:46:36;q_learning_train;level_1;1;6;ai;complete;117;92;0;1.093;127.923
2026-05-08T12:46:36;q_learning_train;level_1;1;19;ai;complete;117;90;0;1.093;128.261
2026-05-08T12:46:36;q_learning_train;level_1;1;28;ai;complete;117;104;0;1.093;126.167
2026-05-08T12:46:36;q_learning_train;level_1;1;33;ai;complete;117;91;0;1.094;128.090
2026-05-08T12:46:36;q_learning_train;level_1;1;46;ai;complete;117;98;0;1.094;126.992
2026-05-08T12:46:36;q_learning_train;level_1;1;62;ai;complete;117;92;0;1.095;127.923
2026-05-08T12:46:36;q_learning_train;level_1;1;84;ai;complete;117;94;0;1.095;127.599
2026-05-08T12:46:36;q_learning_train;level_1;1;85;ai;complete;117;99;0;1.095;126.847
2026-05-08T12:46:36;q_learning_train;level_1;1;10;ai;complete;118;94;0;1.102;127.498
2026-05-08T12:46:36;q_learning_train;level_1;1;27;ai;complete;118;99;0;1.102;126.746
2026-05-08T12:46:36;q_learning_train;level_1;1;74;ai;complete;118;100;0;1.099;126.604
2026-05-08T12:46:36;q_learning_train;level_1;1;76;ai;complete;118;104;0;1.100;126.066
2026-05-08T12:46:36;q_learning_train;level_1;1;78;ai;complete;118;95;0;1.101;127.341
2026-05-08T12:46:36;q_learning_train;level_1;1;94;ai;complete;118;99;0;1.100;126.746
2026-05-08T12:46:36;q_learning_train;level_1;1;54;ai;complete;119;93;0;1.105;127.558
2026-05-08T12:46:36;q_learning_train;level_1;1;21;ai;complete;120;100;0;1.108;126.407
2026-05-08T12:46:36;q_learning_train;level_1;1;80;ai;complete;120;97;0;1.105;126.840
2026-05-08T12:46:36;q_learning_train;level_1;1;15;ai;complete;122;97;0;1.111;126.648
2026-05-08T12:46:36;q_learning_train;level_1;1;2;ai;complete;123;103;0;1.113;125.714
2026-05-08T12:46:36;q_learning_evaluation;level_1;1;1;ai;complete;13;13;0;0.001;150.740
2026-05-08T12:46:36;q_learning_evaluation;level_1;1;2;ai;complete;13;13;0;0.001;150.740
2026-05-08T12:46:36;q_learning_evaluation;level_1;1;3;ai;complete;13;13;0;0.001;150.740
2026-05-08T12:46:36;q_learning_evaluation;level_1;1;4;ai;complete;13;13;0;0.001;150.740
2026-05-08T12:46:36;q_learning_evaluation;level_1;1;5;ai;complete;13;13;0;0.001;150.740
2026-05-08T12:46:38;q_learning_preview;level_1;1;0;ai;complete;13;13;0;1.309;150.740
2026-05-08T12:46:38;q_learning_train;level_1;2;2;ai;complete;13;13;0;0.125;150.740
2026-05-08T12:46:38;q_learning_train;level_1;2;12;ai;complete;13;13;0;0.126;150.740
2026-05-08T12:46:38;q_learning_train;level_1;2;19;ai;complete;13;13;0;0.127;150.740
2026-05-08T12:46:38;q_learning_train;level_1;2;21;ai;complete;13;13;0;0.128;150.740
2026-05-08T12:46:38;q_learning_train;level_1;2;26;ai;complete;13;13;0;0.129;150.740
2026-05-08T12:46:38;q_learning_train;level_1;2;30;ai;complete;13;13;0;0.129;150.740
2026-05-08T12:46:38;q_learning_train;level_1;2;32;ai;complete;13;13;0;0.130;150.740
2026-05-08T12:46:38;q_learning_train;level_1;2;36;ai;complete;13;13;0;0.131;150.740
2026-05-08T12:46:38;q_learning_train;level_1;2;38;ai;complete;13;13;0;0.131;150.740
2026-05-08T12:46:38;q_learning_train;level_1;2;42;ai;complete;13;13;0;0.132;150.740
2026-05-08T12:46:38;q_learning_train;level_1;2;44;ai;complete;13;13;0;0.133;150.740
2026-05-08T12:46:38;q_learning_train;level_1;2;45;ai;complete;13;13;0;0.133;150.740
2026-05-08T12:46:38;q_learning_train;level_1;2;52;ai;complete;13;13;0;0.134;150.740
2026-05-08T12:46:38;q_learning_train;level_1;2;53;ai;complete;13;13;0;0.135;150.740
2026-05-08T12:46:38;q_learning_train;level_1;2;59;ai;complete;13;13;0;0.135;150.740
2026-05-08T12:46:38;q_learning_train;level_1;2;74;ai;complete;13;13;0;0.136;150.740
2026-05-08T12:46:38;q_learning_train;level_1;2;76;ai;complete;13;13;0;0.137;150.740
2026-05-08T12:46:38;q_learning_train;level_1;2;85;ai;complete;13;13;0;0.138;150.740
2026-05-08T12:46:38;q_learning_train;level_1;2;97;ai;complete;13;13;0;0.139;150.740
2026-05-08T12:46:38;q_learning_train;level_1;2;100;ai;complete;13;13;0;0.140;150.740
2026-05-08T12:46:38;q_learning_train;level_1;2;1;ai;complete;14;14;0;0.148;150.740
2026-05-08T12:46:38;q_learning_train;level_1;2;5;ai;complete;14;14;0;0.148;150.740
2026-05-08T12:46:38;q_learning_train;level_1;2;9;ai;complete;14;14;0;0.149;150.740
2026-05-08T12:46:38;q_learning_train;level_1;2;11;ai;complete;14;14;0;0.150;150.740
2026-05-08T12:46:38;q_learning_train;level_1;2;13;ai;complete;14;14;0;0.150;150.740
2026-05-08T12:46:38;q_learning_train;level_1;2;14;ai;complete;14;13;0;0.151;150.740
2026-05-08T12:46:38;q_learning_train;level_1;2;17;ai;complete;14;14;0;0.151;150.740
2026-05-08T12:46:38;q_learning_train;level_1;2;18;ai;complete;14;14;0;0.152;150.740
2026-05-08T12:46:38;q_learning_train;level_1;2;20;ai;complete;14;14;0;0.153;150.740
2026-05-08T12:46:38;q_learning_train;level_1;2;22;ai;complete;14;14;0;0.153;150.740
2026-05-08T12:46:38;q_learning_train;level_1;2;39;ai;complete;14;13;0;0.154;150.740
2026-05-08T12:46:38;q_learning_train;level_1;2;43;ai;complete;14;13;0;0.155;150.740
2026-05-08T12:46:38;q_learning_train;level_1;2;47;ai;complete;14;13;0;0.155;150.740
2026-05-08T12:46:38;q_learning_train;level_1;2;56;ai;complete;14;14;0;0.156;150.740
2026-05-08T12:46:38;q_learning_train;level_1;2;57;ai;complete;14;14;0;0.157;150.740
2026-05-08T12:46:38;q_learning_train;level_1;2;62;ai;complete;14;14;0;0.157;150.740
2026-05-08T12:46:38;q_learning_train;level_1;2;68;ai;complete;14;13;0;0.158;150.740
2026-05-08T12:46:38;q_learning_train;level_1;2;69;ai;complete;14;13;0;0.159;150.740
2026-05-08T12:46:38;q_learning_train;level_1;2;73;ai;complete;14;14;0;0.159;150.740
2026-05-08T12:46:38;q_learning_train;level_1;2;75;ai;complete;14;13;0;0.160;150.740
2026-05-08T12:46:38;q_learning_train;level_1;2;80;ai;complete;14;14;0;0.160;150.740
2026-05-08T12:46:38;q_learning_train;level_1;2;82;ai;complete;14;13;0;0.161;150.740
2026-05-08T12:46:38;q_learning_train;level_1;2;84;ai;complete;14;13;0;0.161;150.740
2026-05-08T12:46:38;q_learning_train;level_1;2;86;ai;complete;14;14;0;0.162;150.740
2026-05-08T12:46:38;q_learning_train;level_1;2;89;ai;complete;14;14;0;0.163;150.740
2026-05-08T12:46:38;q_learning_train;level_1;2;91;ai;complete;14;13;0;0.164;150.740
2026-05-08T12:46:38;q_learning_train;level_1;2;93;ai;complete;14;13;0;0.164;150.740
2026-05-08T12:46:38;q_learning_train;level_1;2;95;ai;complete;14;14;0;0.165;150.740
2026-05-08T12:46:38;q_learning_train;level_1;2;99;ai;complete;14;13;0;0.165;150.740
2026-05-08T12:46:38;q_learning_train;level_1;2;3;ai;complete;15;15;0;0.173;150.740
2026-05-08T12:46:38;q_learning_train;level_1;2;4;ai;complete;15;15;0;0.174;150.740
2026-05-08T12:46:38;q_learning_train;level_1;2;6;ai;complete;15;15;0;0.175;150.740
2026-05-08T12:46:38;q_learning_train;level_1;2;16;ai;complete;15;14;0;0.176;150.740
2026-05-08T12:46:38;q_learning_train;level_1;2;28;ai;complete;15;15;0;0.176;150.740
2026-05-08T12:46:38;q_learning_train;level_1;2;29;ai;complete;15;15;0;0.177;150.740
2026-05-08T12:46:38;q_learning_train;level_1;2;31;ai;complete;15;15;0;0.178;150.740
2026-05-08T12:46:38;q_learning_train;level_1;2;34;ai;complete;15;15;0;0.178;150.740
2026-05-08T12:46:38;q_learning_train;level_1;2;40;ai;complete;15;15;0;0.179;150.740
2026-05-08T12:46:38;q_learning_train;level_1;2;41;ai;complete;15;13;0;0.179;150.740
2026-05-08T12:46:38;q_learning_train;level_1;2;46;ai;complete;15;15;0;0.180;150.740
2026-05-08T12:46:38;q_learning_train;level_1;2;50;ai;complete;15;15;0;0.180;150.740
2026-05-08T12:46:39;q_learning_train;level_1;2;54;ai;complete;15;15;0;0.181;150.740
2026-05-08T12:46:39;q_learning_train;level_1;2;55;ai;complete;15;13;0;0.182;150.740
2026-05-08T12:46:39;q_learning_train;level_1;2;60;ai;complete;15;15;0;0.183;150.740
2026-05-08T12:46:39;q_learning_train;level_1;2;61;ai;complete;15;15;0;0.183;150.740
2026-05-08T12:46:39;q_learning_train;level_1;2;64;ai;complete;15;14;0;0.184;150.740
2026-05-08T12:46:39;q_learning_train;level_1;2;70;ai;complete;15;15;0;0.185;150.740
2026-05-08T12:46:39;q_learning_train;level_1;2;77;ai;complete;15;14;0;0.185;150.740
2026-05-08T12:46:39;q_learning_train;level_1;2;79;ai;complete;15;15;0;0.186;150.740
2026-05-08T12:46:39;q_learning_train;level_1;2;83;ai;complete;15;13;0;0.187;150.740
2026-05-08T12:46:39;q_learning_train;level_1;2;87;ai;complete;15;15;0;0.187;150.740
2026-05-08T12:46:39;q_learning_train;level_1;2;90;ai;complete;15;15;0;0.188;150.740
2026-05-08T12:46:39;q_learning_train;level_1;2;94;ai;complete;15;15;0;0.189;150.740
2026-05-08T12:46:39;q_learning_train;level_1;2;10;ai;complete;16;15;0;0.195;150.740
2026-05-08T12:46:39;q_learning_train;level_1;2;23;ai;complete;16;16;0;0.195;150.740
2026-05-08T12:46:39;q_learning_train;level_1;2;24;ai;complete;16;16;0;0.196;150.740
2026-05-08T12:46:39;q_learning_train;level_1;2;27;ai;complete;16;15;0;0.196;150.740
2026-05-08T12:46:39;q_learning_train;level_1;2;33;ai;complete;16;15;0;0.197;150.740
2026-05-08T12:46:39;q_learning_train;level_1;2;35;ai;complete;16;16;0;0.197;150.740
2026-05-08T12:46:39;q_learning_train;level_1;2;49;ai;complete;16;15;0;0.197;150.740
2026-05-08T12:46:39;q_learning_train;level_1;2;58;ai;complete;16;15;0;0.197;150.740
2026-05-08T12:46:39;q_learning_train;level_1;2;63;ai;complete;16;15;0;0.198;150.740
2026-05-08T12:46:39;q_learning_train;level_1;2;65;ai;complete;16;15;0;0.198;150.740
2026-05-08T12:46:39;q_learning_train;level_1;2;72;ai;complete;16;16;0;0.199;150.740
2026-05-08T12:46:39;q_learning_train;level_1;2;78;ai;complete;16;15;0;0.199;150.740
2026-05-08T12:46:39;q_learning_train;level_1;2;88;ai;complete;16;15;0;0.199;150.740
2026-05-08T12:46:39;q_learning_train;level_1;2;96;ai;complete;16;16;0;0.200;150.740
2026-05-08T12:46:39;q_learning_train;level_1;2;98;ai;complete;16;16;0;0.200;150.740
2026-05-08T12:46:39;q_learning_train;level_1;2;7;ai;complete;17;17;0;0.207;150.740
2026-05-08T12:46:39;q_learning_train;level_1;2;15;ai;complete;17;16;0;0.208;150.740
2026-05-08T12:46:39;q_learning_train;level_1;2;51;ai;complete;17;16;0;0.206;150.740
2026-05-08T12:46:39;q_learning_train;level_1;2;66;ai;complete;17;17;0;0.206;150.740
2026-05-08T12:46:39;q_learning_train;level_1;2;67;ai;complete;17;16;0;0.207;150.740
2026-05-08T12:46:39;q_learning_train;level_1;2;71;ai;complete;17;17;0;0.207;150.740
2026-05-08T12:46:39;q_learning_train;level_1;2;81;ai;complete;17;17;0;0.207;150.740
2026-05-08T12:46:39;q_learning_train;level_1;2;8;ai;complete;18;16;0;0.213;150.740
2026-05-08T12:46:39;q_learning_train;level_1;2;37;ai;complete;18;17;0;0.212;150.740
2026-05-08T12:46:39;q_learning_train;level_1;2;92;ai;complete;19;17;0;0.209;150.740
2026-05-08T12:46:39;q_learning_train;level_1;2;25;ai;complete;20;19;0;0.214;150.740
2026-05-08T12:46:39;q_learning_train;level_1;2;48;ai;complete;21;20;0;0.213;150.740
2026-05-08T12:46:39;q_learning_evaluation;level_1;2;1;ai;complete;13;13;0;0.001;150.740
2026-05-08T12:46:39;q_learning_evaluation;level_1;2;2;ai;complete;13;13;0;0.001;150.740
2026-05-08T12:46:39;q_learning_evaluation;level_1;2;3;ai;complete;13;13;0;0.001;150.740
2026-05-08T12:46:39;q_learning_evaluation;level_1;2;4;ai;complete;13;13;0;0.001;150.740
2026-05-08T12:46:39;q_learning_evaluation;level_1;2;5;ai;complete;13;13;0;0.001;150.740
2026-05-08T12:46:40;q_learning_preview;level_1;2;0;ai;complete;13;13;0;1.310;150.740
2026-05-08T12:46:41;q_learning_train;level_1;3;1;ai;complete;13;13;0;0.122;150.740
2026-05-08T12:46:41;q_learning_train;level_1;3;2;ai;complete;13;13;0;0.123;150.740
2026-05-08T12:46:41;q_learning_train;level_1;3;4;ai;complete;13;13;0;0.124;150.740
2026-05-08T12:46:41;q_learning_train;level_1;3;6;ai;complete;13;13;0;0.125;150.740
2026-05-08T12:46:41;q_learning_train;level_1;3;8;ai;complete;13;13;0;0.126;150.740
2026-05-08T12:46:41;q_learning_train;level_1;3;11;ai;complete;13;13;0;0.126;150.740
2026-05-08T12:46:41;q_learning_train;level_1;3;13;ai;complete;13;13;0;0.127;150.740
2026-05-08T12:46:41;q_learning_train;level_1;3;14;ai;complete;13;13;0;0.128;150.740
2026-05-08T12:46:41;q_learning_train;level_1;3;15;ai;complete;13;13;0;0.128;150.740
2026-05-08T12:46:41;q_learning_train;level_1;3;16;ai;complete;13;13;0;0.129;150.740
2026-05-08T12:46:41;q_learning_train;level_1;3;18;ai;complete;13;13;0;0.130;150.740
2026-05-08T12:46:41;q_learning_train;level_1;3;20;ai;complete;13;13;0;0.131;150.740
2026-05-08T12:46:41;q_learning_train;level_1;3;21;ai;complete;13;13;0;0.131;150.740
2026-05-08T12:46:41;q_learning_train;level_1;3;22;ai;complete;13;13;0;0.132;150.740
2026-05-08T12:46:41;q_learning_train;level_1;3;23;ai;complete;13;13;0;0.133;150.740
2026-05-08T12:46:41;q_learning_train;level_1;3;24;ai;complete;13;13;0;0.134;150.740
2026-05-08T12:46:41;q_learning_train;level_1;3;25;ai;complete;13;13;0;0.134;150.740
2026-05-08T12:46:41;q_learning_train;level_1;3;26;ai;complete;13;13;0;0.136;150.740
2026-05-08T12:46:41;q_learning_train;level_1;3;28;ai;complete;13;13;0;0.138;150.740
2026-05-08T12:46:41;q_learning_train;level_1;3;31;ai;complete;13;13;0;0.139;150.740
2026-05-08T12:46:41;q_learning_train;level_1;3;32;ai;complete;13;13;0;0.139;150.740
2026-05-08T12:46:41;q_learning_train;level_1;3;33;ai;complete;13;13;0;0.140;150.740
2026-05-08T12:46:41;q_learning_train;level_1;3;36;ai;complete;13;13;0;0.141;150.740
2026-05-08T12:46:41;q_learning_train;level_1;3;38;ai;complete;13;13;0;0.141;150.740
2026-05-08T12:46:41;q_learning_train;level_1;3;39;ai;complete;13;13;0;0.142;150.740
2026-05-08T12:46:41;q_learning_train;level_1;3;40;ai;complete;13;13;0;0.143;150.740
2026-05-08T12:46:41;q_learning_train;level_1;3;42;ai;complete;13;13;0;0.144;150.740
2026-05-08T12:46:41;q_learning_train;level_1;3;44;ai;complete;13;13;0;0.144;150.740
2026-05-08T12:46:41;q_learning_train;level_1;3;45;ai;complete;13;13;0;0.145;150.740
2026-05-08T12:46:41;q_learning_train;level_1;3;47;ai;complete;13;13;0;0.145;150.740
2026-05-08T12:46:41;q_learning_train;level_1;3;50;ai;complete;13;13;0;0.146;150.740
2026-05-08T12:46:41;q_learning_train;level_1;3;51;ai;complete;13;13;0;0.147;150.740
2026-05-08T12:46:41;q_learning_train;level_1;3;52;ai;complete;13;13;0;0.147;150.740
2026-05-08T12:46:41;q_learning_train;level_1;3;53;ai;complete;13;13;0;0.148;150.740
2026-05-08T12:46:41;q_learning_train;level_1;3;54;ai;complete;13;13;0;0.149;150.740
2026-05-08T12:46:41;q_learning_train;level_1;3;60;ai;complete;13;13;0;0.150;150.740
2026-05-08T12:46:41;q_learning_train;level_1;3;62;ai;complete;13;13;0;0.151;150.740
2026-05-08T12:46:41;q_learning_train;level_1;3;63;ai;complete;13;13;0;0.152;150.740
2026-05-08T12:46:41;q_learning_train;level_1;3;64;ai;complete;13;13;0;0.152;150.740
2026-05-08T12:46:41;q_learning_train;level_1;3;65;ai;complete;13;13;0;0.153;150.740
2026-05-08T12:46:41;q_learning_train;level_1;3;66;ai;complete;13;13;0;0.154;150.740
2026-05-08T12:46:41;q_learning_train;level_1;3;67;ai;complete;13;13;0;0.155;150.740
2026-05-08T12:46:41;q_learning_train;level_1;3;68;ai;complete;13;13;0;0.156;150.740
2026-05-08T12:46:41;q_learning_train;level_1;3;71;ai;complete;13;13;0;0.157;150.740
2026-05-08T12:46:41;q_learning_train;level_1;3;72;ai;complete;13;13;0;0.158;150.740
2026-05-08T12:46:41;q_learning_train;level_1;3;73;ai;complete;13;13;0;0.158;150.740
2026-05-08T12:46:41;q_learning_train;level_1;3;74;ai;complete;13;13;0;0.159;150.740
2026-05-08T12:46:41;q_learning_train;level_1;3;78;ai;complete;13;13;0;0.160;150.740
2026-05-08T12:46:41;q_learning_train;level_1;3;79;ai;complete;13;13;0;0.161;150.740
2026-05-08T12:46:41;q_learning_train;level_1;3;80;ai;complete;13;13;0;0.162;150.740
2026-05-08T12:46:41;q_learning_train;level_1;3;82;ai;complete;13;13;0;0.163;150.740
2026-05-08T12:46:41;q_learning_train;level_1;3;84;ai;complete;13;13;0;0.164;150.740
2026-05-08T12:46:41;q_learning_train;level_1;3;85;ai;complete;13;13;0;0.165;150.740
2026-05-08T12:46:41;q_learning_train;level_1;3;87;ai;complete;13;13;0;0.166;150.740
2026-05-08T12:46:41;q_learning_train;level_1;3;88;ai;complete;13;13;0;0.167;150.740
2026-05-08T12:46:41;q_learning_train;level_1;3;89;ai;complete;13;13;0;0.168;150.740
2026-05-08T12:46:41;q_learning_train;level_1;3;90;ai;complete;13;13;0;0.168;150.740
2026-05-08T12:46:41;q_learning_train;level_1;3;91;ai;complete;13;13;0;0.169;150.740
2026-05-08T12:46:41;q_learning_train;level_1;3;93;ai;complete;13;13;0;0.170;150.740
2026-05-08T12:46:41;q_learning_train;level_1;3;94;ai;complete;13;13;0;0.170;150.740
2026-05-08T12:46:41;q_learning_train;level_1;3;95;ai;complete;13;13;0;0.171;150.740
2026-05-08T12:46:41;q_learning_train;level_1;3;96;ai;complete;13;13;0;0.172;150.740
2026-05-08T12:46:41;q_learning_train;level_1;3;97;ai;complete;13;13;0;0.172;150.740
2026-05-08T12:46:41;q_learning_train;level_1;3;5;ai;complete;14;14;0;0.180;150.740
2026-05-08T12:46:41;q_learning_train;level_1;3;10;ai;complete;14;13;0;0.180;150.740
2026-05-08T12:46:41;q_learning_train;level_1;3;12;ai;complete;14;14;0;0.181;150.740
2026-05-08T12:46:41;q_learning_train;level_1;3;27;ai;complete;14;13;0;0.180;150.740
2026-05-08T12:46:41;q_learning_train;level_1;3;29;ai;complete;14;13;0;0.181;150.740
2026-05-08T12:46:41;q_learning_train;level_1;3;30;ai;complete;14;14;0;0.181;150.740
2026-05-08T12:46:41;q_learning_train;level_1;3;35;ai;complete;14;14;0;0.182;150.740
2026-05-08T12:46:41;q_learning_train;level_1;3;37;ai;complete;14;13;0;0.182;150.740
2026-05-08T12:46:41;q_learning_train;level_1;3;41;ai;complete;14;14;0;0.183;150.740
2026-05-08T12:46:41;q_learning_train;level_1;3;43;ai;complete;14;14;0;0.183;150.740
2026-05-08T12:46:41;q_learning_train;level_1;3;46;ai;complete;14;14;0;0.184;150.740
2026-05-08T12:46:41;q_learning_train;level_1;3;48;ai;complete;14;14;0;0.185;150.740
2026-05-08T12:46:41;q_learning_train;level_1;3;57;ai;complete;14;14;0;0.185;150.740
2026-05-08T12:46:41;q_learning_train;level_1;3;58;ai;complete;14;13;0;0.186;150.740
2026-05-08T12:46:41;q_learning_train;level_1;3;59;ai;complete;14;14;0;0.186;150.740
2026-05-08T12:46:41;q_learning_train;level_1;3;77;ai;complete;14;14;0;0.186;150.740
2026-05-08T12:46:41;q_learning_train;level_1;3;81;ai;complete;14;13;0;0.187;150.740
2026-05-08T12:46:41;q_learning_train;level_1;3;83;ai;complete;14;14;0;0.188;150.740
2026-05-08T12:46:41;q_learning_train;level_1;3;92;ai;complete;14;14;0;0.188;150.740
2026-05-08T12:46:41;q_learning_train;level_1;3;98;ai;complete;14;13;0;0.188;150.740
2026-05-08T12:46:41;q_learning_train;level_1;3;100;ai;complete;14;13;0;0.188;150.740
2026-05-08T12:46:41;q_learning_train;level_1;3;3;ai;complete;15;15;0;0.196;150.740
2026-05-08T12:46:41;q_learning_train;level_1;3;7;ai;complete;15;14;0;0.197;150.740
2026-05-08T12:46:41;q_learning_train;level_1;3;9;ai;complete;15;15;0;0.197;150.740
2026-05-08T12:46:41;q_learning_train;level_1;3;17;ai;complete;15;15;0;0.197;150.740
2026-05-08T12:46:41;q_learning_train;level_1;3;49;ai;complete;15;15;0;0.196;150.740
2026-05-08T12:46:41;q_learning_train;level_1;3;55;ai;complete;15;14;0;0.196;150.740
2026-05-08T12:46:41;q_learning_train;level_1;3;69;ai;complete;15;15;0;0.196;150.740
2026-05-08T12:46:41;q_learning_train;level_1;3;70;ai;complete;15;15;0;0.196;150.740
2026-05-08T12:46:41;q_learning_train;level_1;3;76;ai;complete;15;15;0;0.197;150.740
2026-05-08T12:46:41;q_learning_train;level_1;3;19;ai;complete;16;16;0;0.202;150.740
2026-05-08T12:46:41;q_learning_train;level_1;3;34;ai;complete;16;15;0;0.202;150.740
2026-05-08T12:46:41;q_learning_train;level_1;3;61;ai;complete;16;16;0;0.201;150.740
2026-05-08T12:46:41;q_learning_train;level_1;3;75;ai;complete;16;14;0;0.201;150.740
2026-05-08T12:46:41;q_learning_train;level_1;3;99;ai;complete;16;15;0;0.200;150.740
2026-05-08T12:46:41;q_learning_train;level_1;3;56;ai;complete;17;17;0;0.204;150.740
2026-05-08T12:46:41;q_learning_train;level_1;3;86;ai;complete;19;18;0;0.202;150.740
2026-05-08T12:46:41;q_learning_evaluation;level_1;3;1;ai;complete;13;13;0;0.001;150.740
2026-05-08T12:46:41;q_learning_evaluation;level_1;3;2;ai;complete;13;13;0;0.001;150.740
2026-05-08T12:46:41;q_learning_evaluation;level_1;3;3;ai;complete;13;13;0;0.001;150.740
2026-05-08T12:46:41;q_learning_evaluation;level_1;3;4;ai;complete;13;13;0;0.001;150.740
2026-05-08T12:46:41;q_learning_evaluation;level_1;3;5;ai;complete;13;13;0;0.001;150.740
2026-05-08T12:46:42;q_learning_preview;level_1;3;0;ai;complete;13;13;0;1.309;150.740
2026-05-08T12:46:43;q_learning_train;level_1;4;4;ai;complete;13;13;0;0.130;150.740
2026-05-08T12:46:43;q_learning_train;level_1;4;7;ai;complete;13;13;0;0.131;150.740
2026-05-08T12:46:43;q_learning_train;level_1;4;8;ai;complete;13;13;0;0.132;150.740
2026-05-08T12:46:43;q_learning_train;level_1;4;9;ai;complete;13;13;0;0.133;150.740
2026-05-08T12:46:43;q_learning_train;level_1;4;11;ai;complete;13;13;0;0.134;150.740
2026-05-08T12:46:43;q_learning_train;level_1;4;13;ai;complete;13;13;0;0.135;150.740
2026-05-08T12:46:43;q_learning_train;level_1;4;14;ai;complete;13;13;0;0.135;150.740
2026-05-08T12:46:43;q_learning_train;level_1;4;15;ai;complete;13;13;0;0.136;150.740
2026-05-08T12:46:43;q_learning_train;level_1;4;16;ai;complete;13;13;0;0.136;150.740
2026-05-08T12:46:43;q_learning_train;level_1;4;17;ai;complete;13;13;0;0.137;150.740
2026-05-08T12:46:43;q_learning_train;level_1;4;18;ai;complete;13;13;0;0.138;150.740
2026-05-08T12:46:43;q_learning_train;level_1;4;19;ai;complete;13;13;0;0.138;150.740
2026-05-08T12:46:43;q_learning_train;level_1;4;20;ai;complete;13;13;0;0.139;150.740
2026-05-08T12:46:43;q_learning_train;level_1;4;21;ai;complete;13;13;0;0.139;150.740
2026-05-08T12:46:43;q_learning_train;level_1;4;22;ai;complete;13;13;0;0.140;150.740
2026-05-08T12:46:43;q_learning_train;level_1;4;24;ai;complete;13;13;0;0.140;150.740
2026-05-08T12:46:43;q_learning_train;level_1;4;25;ai;complete;13;13;0;0.141;150.740
2026-05-08T12:46:43;q_learning_train;level_1;4;26;ai;complete;13;13;0;0.141;150.740
2026-05-08T12:46:43;q_learning_train;level_1;4;29;ai;complete;13;13;0;0.142;150.740
2026-05-08T12:46:43;q_learning_train;level_1;4;30;ai;complete;13;13;0;0.142;150.740
2026-05-08T12:46:43;q_learning_train;level_1;4;32;ai;complete;13;13;0;0.143;150.740
2026-05-08T12:46:43;q_learning_train;level_1;4;34;ai;complete;13;13;0;0.144;150.740
2026-05-08T12:46:43;q_learning_train;level_1;4;36;ai;complete;13;13;0;0.144;150.740
2026-05-08T12:46:43;q_learning_train;level_1;4;37;ai;complete;13;13;0;0.145;150.740
2026-05-08T12:46:43;q_learning_train;level_1;4;39;ai;complete;13;13;0;0.145;150.740
2026-05-08T12:46:43;q_learning_train;level_1;4;41;ai;complete;13;13;0;0.146;150.740
2026-05-08T12:46:43;q_learning_train;level_1;4;44;ai;complete;13;13;0;0.146;150.740
2026-05-08T12:46:43;q_learning_train;level_1;4;45;ai;complete;13;13;0;0.146;150.740
2026-05-08T12:46:43;q_learning_train;level_1;4;47;ai;complete;13;13;0;0.147;150.740
2026-05-08T12:46:43;q_learning_train;level_1;4;50;ai;complete;13;13;0;0.147;150.740
2026-05-08T12:46:43;q_learning_train;level_1;4;51;ai;complete;13;13;0;0.148;150.740
2026-05-08T12:46:43;q_learning_train;level_1;4;52;ai;complete;13;13;0;0.149;150.740
2026-05-08T12:46:43;q_learning_train;level_1;4;54;ai;complete;13;13;0;0.149;150.740
2026-05-08T12:46:43;q_learning_train;level_1;4;56;ai;complete;13;13;0;0.150;150.740
2026-05-08T12:46:43;q_learning_train;level_1;4;57;ai;complete;13;13;0;0.151;150.740
2026-05-08T12:46:43;q_learning_train;level_1;4;58;ai;complete;13;13;0;0.152;150.740
2026-05-08T12:46:43;q_learning_train;level_1;4;60;ai;complete;13;13;0;0.152;150.740
2026-05-08T12:46:43;q_learning_train;level_1;4;61;ai;complete;13;13;0;0.153;150.740
2026-05-08T12:46:43;q_learning_train;level_1;4;62;ai;complete;13;13;0;0.153;150.740
2026-05-08T12:46:43;q_learning_train;level_1;4;63;ai;complete;13;13;0;0.154;150.740
2026-05-08T12:46:43;q_learning_train;level_1;4;69;ai;complete;13;13;0;0.155;150.740
2026-05-08T12:46:43;q_learning_train;level_1;4;72;ai;complete;13;13;0;0.155;150.740
2026-05-08T12:46:43;q_learning_train;level_1;4;73;ai;complete;13;13;0;0.156;150.740
2026-05-08T12:46:43;q_learning_train;level_1;4;74;ai;complete;13;13;0;0.156;150.740
2026-05-08T12:46:43;q_learning_train;level_1;4;79;ai;complete;13;13;0;0.157;150.740
2026-05-08T12:46:43;q_learning_train;level_1;4;83;ai;complete;13;13;0;0.157;150.740
2026-05-08T12:46:43;q_learning_train;level_1;4;84;ai;complete;13;13;0;0.158;150.740
2026-05-08T12:46:43;q_learning_train;level_1;4;85;ai;complete;13;13;0;0.159;150.740
2026-05-08T12:46:43;q_learning_train;level_1;4;86;ai;complete;13;13;0;0.159;150.740
2026-05-08T12:46:43;q_learning_train;level_1;4;87;ai;complete;13;13;0;0.159;150.740
2026-05-08T12:46:43;q_learning_train;level_1;4;90;ai;complete;13;13;0;0.160;150.740
2026-05-08T12:46:43;q_learning_train;level_1;4;91;ai;complete;13;13;0;0.161;150.740
2026-05-08T12:46:43;q_learning_train;level_1;4;93;ai;complete;13;13;0;0.161;150.740
2026-05-08T12:46:43;q_learning_train;level_1;4;95;ai;complete;13;13;0;0.162;150.740
2026-05-08T12:46:43;q_learning_train;level_1;4;96;ai;complete;13;13;0;0.163;150.740
2026-05-08T12:46:43;q_learning_train;level_1;4;97;ai;complete;13;13;0;0.164;150.740
2026-05-08T12:46:43;q_learning_train;level_1;4;1;ai;complete;14;13;0;0.173;150.740
2026-05-08T12:46:43;q_learning_train;level_1;4;3;ai;complete;14;13;0;0.174;150.740
2026-05-08T12:46:43;q_learning_train;level_1;4;12;ai;complete;14;14;0;0.174;150.740
2026-05-08T12:46:43;q_learning_train;level_1;4;31;ai;complete;14;13;0;0.173;150.740
2026-05-08T12:46:43;q_learning_train;level_1;4;38;ai;complete;14;13;0;0.173;150.740
2026-05-08T12:46:43;q_learning_train;level_1;4;42;ai;complete;14;14;0;0.174;150.740
2026-05-08T12:46:43;q_learning_train;level_1;4;43;ai;complete;14;14;0;0.174;150.740
2026-05-08T12:46:43;q_learning_train;level_1;4;46;ai;complete;14;13;0;0.175;150.740
2026-05-08T12:46:43;q_learning_train;level_1;4;49;ai;complete;14;14;0;0.175;150.740
2026-05-08T12:46:43;q_learning_train;level_1;4;53;ai;complete;14;13;0;0.175;150.740
2026-05-08T12:46:43;q_learning_train;level_1;4;55;ai;complete;14;13;0;0.176;150.740
2026-05-08T12:46:43;q_learning_train;level_1;4;64;ai;complete;14;13;0;0.176;150.740
2026-05-08T12:46:43;q_learning_train;level_1;4;65;ai;complete;14;14;0;0.176;150.740
2026-05-08T12:46:43;q_learning_train;level_1;4;70;ai;complete;14;14;0;0.177;150.740
2026-05-08T12:46:43;q_learning_train;level_1;4;76;ai;complete;14;14;0;0.177;150.740
2026-05-08T12:46:43;q_learning_train;level_1;4;77;ai;complete;14;13;0;0.177;150.740
2026-05-08T12:46:43;q_learning_train;level_1;4;78;ai;complete;14;14;0;0.178;150.740
2026-05-08T12:46:43;q_learning_train;level_1;4;81;ai;complete;14;14;0;0.178;150.740
2026-05-08T12:46:43;q_learning_train;level_1;4;82;ai;complete;14;14;0;0.179;150.740
2026-05-08T12:46:43;q_learning_train;level_1;4;89;ai;complete;14;13;0;0.179;150.740
2026-05-08T12:46:43;q_learning_train;level_1;4;94;ai;complete;14;13;0;0.180;150.740
2026-05-08T12:46:43;q_learning_train;level_1;4;98;ai;complete;14;14;0;0.180;150.740
2026-05-08T12:46:43;q_learning_train;level_1;4;100;ai;complete;14;13;0;0.181;150.740
2026-05-08T12:46:43;q_learning_train;level_1;4;2;ai;complete;15;15;0;0.190;150.740
2026-05-08T12:46:43;q_learning_train;level_1;4;23;ai;complete;15;15;0;0.189;150.740
2026-05-08T12:46:43;q_learning_train;level_1;4;28;ai;complete;15;15;0;0.190;150.740
2026-05-08T12:46:43;q_learning_train;level_1;4;33;ai;complete;15;15;0;0.190;150.740
2026-05-08T12:46:43;q_learning_train;level_1;4;35;ai;complete;15;13;0;0.190;150.740
2026-05-08T12:46:43;q_learning_train;level_1;4;40;ai;complete;15;15;0;0.190;150.740
2026-05-08T12:46:43;q_learning_train;level_1;4;48;ai;complete;15;14;0;0.190;150.740
2026-05-08T12:46:43;q_learning_train;level_1;4;59;ai;complete;15;13;0;0.190;150.740
2026-05-08T12:46:43;q_learning_train;level_1;4;66;ai;complete;15;14;0;0.190;150.740
2026-05-08T12:46:43;q_learning_train;level_1;4;67;ai;complete;15;15;0;0.190;150.740
2026-05-08T12:46:43;q_learning_train;level_1;4;68;ai;complete;15;15;0;0.191;150.740
2026-05-08T12:46:43;q_learning_train;level_1;4;71;ai;complete;15;15;0;0.191;150.740
2026-05-08T12:46:43;q_learning_train;level_1;4;75;ai;complete;15;14;0;0.191;150.740
2026-05-08T12:46:43;q_learning_train;level_1;4;80;ai;complete;15;15;0;0.191;150.740
2026-05-08T12:46:43;q_learning_train;level_1;4;88;ai;complete;15;14;0;0.191;150.740
2026-05-08T12:46:43;q_learning_train;level_1;4;92;ai;complete;15;14;0;0.192;150.740
2026-05-08T12:46:43;q_learning_train;level_1;4;99;ai;complete;15;14;0;0.192;150.740
2026-05-08T12:46:43;q_learning_train;level_1;4;5;ai;complete;16;15;0;0.201;150.740
2026-05-08T12:46:43;q_learning_train;level_1;4;10;ai;complete;16;16;0;0.201;150.740
2026-05-08T12:46:43;q_learning_train;level_1;4;6;ai;complete;18;18;0;0.203;150.740
2026-05-08T12:46:43;q_learning_train;level_1;4;27;ai;complete;19;19;0;0.202;150.740
2026-05-08T12:46:43;q_learning_evaluation;level_1;4;1;ai;complete;13;13;0;0.001;150.740
2026-05-08T12:46:43;q_learning_evaluation;level_1;4;2;ai;complete;13;13;0;0.001;150.740
2026-05-08T12:46:43;q_learning_evaluation;level_1;4;3;ai;complete;13;13;0;0.001;150.740
2026-05-08T12:46:43;q_learning_evaluation;level_1;4;4;ai;complete;13;13;0;0.001;150.740
2026-05-08T12:46:43;q_learning_evaluation;level_1;4;5;ai;complete;13;13;0;0.001;150.740
2026-05-08T12:46:44;q_learning_preview;level_1;4;0;ai;complete;13;13;0;1.309;150.740
2026-05-08T12:46:45;q_learning_train;level_1;5;1;ai;complete;13;13;0;0.135;150.740
2026-05-08T12:46:45;q_learning_train;level_1;5;2;ai;complete;13;13;0;0.137;150.740
2026-05-08T12:46:45;q_learning_train;level_1;5;4;ai;complete;13;13;0;0.138;150.740
2026-05-08T12:46:45;q_learning_train;level_1;5;5;ai;complete;13;13;0;0.139;150.740
2026-05-08T12:46:45;q_learning_train;level_1;5;6;ai;complete;13;13;0;0.140;150.740
2026-05-08T12:46:45;q_learning_train;level_1;5;8;ai;complete;13;13;0;0.141;150.740
2026-05-08T12:46:45;q_learning_train;level_1;5;10;ai;complete;13;13;0;0.142;150.740
2026-05-08T12:46:45;q_learning_train;level_1;5;15;ai;complete;13;13;0;0.143;150.740
2026-05-08T12:46:45;q_learning_train;level_1;5;16;ai;complete;13;13;0;0.144;150.740
2026-05-08T12:46:45;q_learning_train;level_1;5;18;ai;complete;13;13;0;0.145;150.740
2026-05-08T12:46:45;q_learning_train;level_1;5;19;ai;complete;13;13;0;0.146;150.740
2026-05-08T12:46:45;q_learning_train;level_1;5;21;ai;complete;13;13;0;0.147;150.740
2026-05-08T12:46:45;q_learning_train;level_1;5;22;ai;complete;13;13;0;0.148;150.740
2026-05-08T12:46:45;q_learning_train;level_1;5;23;ai;complete;13;13;0;0.149;150.740
2026-05-08T12:46:45;q_learning_train;level_1;5;25;ai;complete;13;13;0;0.150;150.740
2026-05-08T12:46:45;q_learning_train;level_1;5;26;ai;complete;13;13;0;0.151;150.740
2026-05-08T12:46:45;q_learning_train;level_1;5;27;ai;complete;13;13;0;0.152;150.740
2026-05-08T12:46:45;q_learning_train;level_1;5;28;ai;complete;13;13;0;0.153;150.740
2026-05-08T12:46:45;q_learning_train;level_1;5;29;ai;complete;13;13;0;0.154;150.740
2026-05-08T12:46:45;q_learning_train;level_1;5;30;ai;complete;13;13;0;0.154;150.740
2026-05-08T12:46:45;q_learning_train;level_1;5;32;ai;complete;13;13;0;0.156;150.740
2026-05-08T12:46:45;q_learning_train;level_1;5;33;ai;complete;13;13;0;0.157;150.740
2026-05-08T12:46:45;q_learning_train;level_1;5;38;ai;complete;13;13;0;0.158;150.740
2026-05-08T12:46:45;q_learning_train;level_1;5;42;ai;complete;13;13;0;0.159;150.740
2026-05-08T12:46:45;q_learning_train;level_1;5;45;ai;complete;13;13;0;0.160;150.740
2026-05-08T12:46:45;q_learning_train;level_1;5;46;ai;complete;13;13;0;0.161;150.740
2026-05-08T12:46:45;q_learning_train;level_1;5;48;ai;complete;13;13;0;0.162;150.740
2026-05-08T12:46:45;q_learning_train;level_1;5;51;ai;complete;13;13;0;0.162;150.740
2026-05-08T12:46:45;q_learning_train;level_1;5;52;ai;complete;13;13;0;0.163;150.740
2026-05-08T12:46:45;q_learning_train;level_1;5;53;ai;complete;13;13;0;0.164;150.740
2026-05-08T12:46:45;q_learning_train;level_1;5;54;ai;complete;13;13;0;0.165;150.740
2026-05-08T12:46:45;q_learning_train;level_1;5;55;ai;complete;13;13;0;0.166;150.740
2026-05-08T12:46:45;q_learning_train;level_1;5;56;ai;complete;13;13;0;0.167;150.740
2026-05-08T12:46:45;q_learning_train;level_1;5;59;ai;complete;13;13;0;0.168;150.740
2026-05-08T12:46:45;q_learning_train;level_1;5;62;ai;complete;13;13;0;0.168;150.740
2026-05-08T12:46:45;q_learning_train;level_1;5;64;ai;complete;13;13;0;0.169;150.740
2026-05-08T12:46:45;q_learning_train;level_1;5;69;ai;complete;13;13;0;0.170;150.740
2026-05-08T12:46:45;q_learning_train;level_1;5;73;ai;complete;13;13;0;0.170;150.740
2026-05-08T12:46:45;q_learning_train;level_1;5;75;ai;complete;13;13;0;0.171;150.740
2026-05-08T12:46:45;q_learning_train;level_1;5;76;ai;complete;13;13;0;0.171;150.740
2026-05-08T12:46:45;q_learning_train;level_1;5;77;ai;complete;13;13;0;0.172;150.740
2026-05-08T12:46:45;q_learning_train;level_1;5;78;ai;complete;13;13;0;0.172;150.740
2026-05-08T12:46:45;q_learning_train;level_1;5;79;ai;complete;13;13;0;0.173;150.740
2026-05-08T12:46:45;q_learning_train;level_1;5;81;ai;complete;13;13;0;0.173;150.740
2026-05-08T12:46:45;q_learning_train;level_1;5;83;ai;complete;13;13;0;0.174;150.740
2026-05-08T12:46:45;q_learning_train;level_1;5;85;ai;complete;13;13;0;0.174;150.740
2026-05-08T12:46:45;q_learning_train;level_1;5;86;ai;complete;13;13;0;0.175;150.740
2026-05-08T12:46:45;q_learning_train;level_1;5;88;ai;complete;13;13;0;0.176;150.740
2026-05-08T12:46:45;q_learning_train;level_1;5;89;ai;complete;13;13;0;0.176;150.740
2026-05-08T12:46:45;q_learning_train;level_1;5;90;ai;complete;13;13;0;0.177;150.740
2026-05-08T12:46:45;q_learning_train;level_1;5;93;ai;complete;13;13;0;0.178;150.740
2026-05-08T12:46:45;q_learning_train;level_1;5;99;ai;complete;13;13;0;0.178;150.740
2026-05-08T12:46:45;q_learning_train;level_1;5;3;ai;complete;14;14;0;0.187;150.740
2026-05-08T12:46:45;q_learning_train;level_1;5;11;ai;complete;14;13;0;0.187;150.740
2026-05-08T12:46:45;q_learning_train;level_1;5;13;ai;complete;14;14;0;0.188;150.740
2026-05-08T12:46:45;q_learning_train;level_1;5;14;ai;complete;14;14;0;0.189;150.740
2026-05-08T12:46:45;q_learning_train;level_1;5;17;ai;complete;14;14;0;0.189;150.740
2026-05-08T12:46:45;q_learning_train;level_1;5;35;ai;complete;14;14;0;0.189;150.740
2026-05-08T12:46:45;q_learning_train;level_1;5;36;ai;complete;14;14;0;0.189;150.740
2026-05-08T12:46:45;q_learning_train;level_1;5;39;ai;complete;14;14;0;0.191;150.740
2026-05-08T12:46:45;q_learning_train;level_1;5;43;ai;complete;14;14;0;0.192;150.740
2026-05-08T12:46:45;q_learning_train;level_1;5;57;ai;complete;14;13;0;0.192;150.740
2026-05-08T12:46:45;q_learning_train;level_1;5;60;ai;complete;14;14;0;0.192;150.740
2026-05-08T12:46:45;q_learning_train;level_1;5;63;ai;complete;14;13;0;0.193;150.740
2026-05-08T12:46:45;q_learning_train;level_1;5;66;ai;complete;14;14;0;0.194;150.740
2026-05-08T12:46:45;q_learning_train;level_1;5;68;ai;complete;14;14;0;0.194;150.740
2026-05-08T12:46:45;q_learning_train;level_1;5;70;ai;complete;14;14;0;0.195;150.740
2026-05-08T12:46:45;q_learning_train;level_1;5;71;ai;complete;14;14;0;0.195;150.740
2026-05-08T12:46:45;q_learning_train;level_1;5;72;ai;complete;14;14;0;0.196;150.740
2026-05-08T12:46:45;q_learning_train;level_1;5;80;ai;complete;14;14;0;0.196;150.740
2026-05-08T12:46:45;q_learning_train;level_1;5;82;ai;complete;14;13;0;0.197;150.740
2026-05-08T12:46:45;q_learning_train;level_1;5;84;ai;complete;14;13;0;0.197;150.740
2026-05-08T12:46:45;q_learning_train;level_1;5;94;ai;complete;14;14;0;0.198;150.740
2026-05-08T12:46:45;q_learning_train;level_1;5;97;ai;complete;14;13;0;0.199;150.740
2026-05-08T12:46:45;q_learning_train;level_1;5;100;ai;complete;14;14;0;0.199;150.740
2026-05-08T12:46:45;q_learning_train;level_1;5;7;ai;complete;15;15;0;0.207;150.740
2026-05-08T12:46:45;q_learning_train;level_1;5;20;ai;complete;15;15;0;0.207;150.740
2026-05-08T12:46:45;q_learning_train;level_1;5;24;ai;complete;15;15;0;0.207;150.740
2026-05-08T12:46:45;q_learning_train;level_1;5;31;ai;complete;15;15;0;0.208;150.740
2026-05-08T12:46:45;q_learning_train;level_1;5;37;ai;complete;15;15;0;0.208;150.740
2026-05-08T12:46:45;q_learning_train;level_1;5;40;ai;complete;15;15;0;0.208;150.740
2026-05-08T12:46:45;q_learning_train;level_1;5;41;ai;complete;15;15;0;0.209;150.740
2026-05-08T12:46:45;q_learning_train;level_1;5;44;ai;complete;15;15;0;0.209;150.740
2026-05-08T12:46:45;q_learning_train;level_1;5;47;ai;complete;15;15;0;0.210;150.740
2026-05-08T12:46:45;q_learning_train;level_1;5;50;ai;complete;15;14;0;0.211;150.740
2026-05-08T12:46:45;q_learning_train;level_1;5;58;ai;complete;15;15;0;0.211;150.740
2026-05-08T12:46:45;q_learning_train;level_1;5;65;ai;complete;15;14;0;0.211;150.740
2026-05-08T12:46:45;q_learning_train;level_1;5;74;ai;complete;15;15;0;0.212;150.740
2026-05-08T12:46:45;q_learning_train;level_1;5;87;ai;complete;15;14;0;0.212;150.740
2026-05-08T12:46:45;q_learning_train;level_1;5;91;ai;complete;15;14;0;0.212;150.740
2026-05-08T12:46:45;q_learning_train;level_1;5;92;ai;complete;15;15;0;0.213;150.740
2026-05-08T12:46:45;q_learning_train;level_1;5;95;ai;complete;15;15;0;0.213;150.740
2026-05-08T12:46:45;q_learning_train;level_1;5;96;ai;complete;15;15;0;0.214;150.740
2026-05-08T12:46:45;q_learning_train;level_1;5;98;ai;complete;15;15;0;0.215;150.740
2026-05-08T12:46:45;q_learning_train;level_1;5;9;ai;complete;16;16;0;0.222;150.740
2026-05-08T12:46:45;q_learning_train;level_1;5;12;ai;complete;16;16;0;0.222;150.740
2026-05-08T12:46:45;q_learning_train;level_1;5;34;ai;complete;16;15;0;0.222;150.740
2026-05-08T12:46:45;q_learning_train;level_1;5;49;ai;complete;16;16;0;0.221;150.740
2026-05-08T12:46:45;q_learning_train;level_1;5;61;ai;complete;17;17;0;0.222;150.740
2026-05-08T12:46:45;q_learning_train;level_1;5;67;ai;complete;17;16;0;0.222;150.740
2026-05-08T12:46:45;q_learning_evaluation;level_1;5;1;ai;complete;13;13;0;0.001;150.740
2026-05-08T12:46:45;q_learning_evaluation;level_1;5;2;ai;complete;13;13;0;0.001;150.740
2026-05-08T12:46:45;q_learning_evaluation;level_1;5;3;ai;complete;13;13;0;0.001;150.740
2026-05-08T12:46:45;q_learning_evaluation;level_1;5;4;ai;complete;13;13;0;0.001;150.740
2026-05-08T12:46:45;q_learning_evaluation;level_1;5;5;ai;complete;13;13;0;0.001;150.740
2026-05-08T12:46:46;q_learning_preview;level_1;5;0;ai;complete;13;13;0;1.307;150.740
2026-05-08T12:46:47;q_learning_train;level_2;1;37;ai;complete;13;13;0;0.281;150.740
2026-05-08T12:46:47;q_learning_train;level_2;1;39;ai;complete;13;13;0;0.283;150.740
2026-05-08T12:46:47;q_learning_train;level_2;1;41;ai;complete;13;13;0;0.285;150.740
2026-05-08T12:46:47;q_learning_train;level_2;1;45;ai;complete;13;13;0;0.288;150.740
2026-05-08T12:46:47;q_learning_train;level_2;1;46;ai;complete;13;13;0;0.289;150.740
2026-05-08T12:46:47;q_learning_train;level_2;1;47;ai;complete;13;13;0;0.291;150.740
2026-05-08T12:46:47;q_learning_train;level_2;1;48;ai;complete;13;13;0;0.292;150.740
2026-05-08T12:46:47;q_learning_train;level_2;1;51;ai;complete;13;13;0;0.294;150.740
2026-05-08T12:46:47;q_learning_train;level_2;1;57;ai;complete;13;13;0;0.296;150.740
2026-05-08T12:46:47;q_learning_train;level_2;1;58;ai;complete;13;13;0;0.297;150.740
2026-05-08T12:46:47;q_learning_train;level_2;1;60;ai;complete;13;13;0;0.298;150.740
2026-05-08T12:46:47;q_learning_train;level_2;1;62;ai;complete;13;13;0;0.300;150.740
2026-05-08T12:46:47;q_learning_train;level_2;1;64;ai;complete;13;13;0;0.301;150.740
2026-05-08T12:46:47;q_learning_train;level_2;1;67;ai;complete;13;13;0;0.303;150.740
2026-05-08T12:46:47;q_learning_train;level_2;1;70;ai;complete;13;13;0;0.305;150.740
2026-05-08T12:46:47;q_learning_train;level_2;1;72;ai;complete;13;13;0;0.306;150.740
2026-05-08T12:46:47;q_learning_train;level_2;1;73;ai;complete;13;13;0;0.307;150.740
2026-05-08T12:46:47;q_learning_train;level_2;1;77;ai;complete;13;13;0;0.309;150.740
2026-05-08T12:46:47;q_learning_train;level_2;1;78;ai;complete;13;13;0;0.311;150.740
2026-05-08T12:46:47;q_learning_train;level_2;1;79;ai;complete;13;13;0;0.312;150.740
2026-05-08T12:46:47;q_learning_train;level_2;1;80;ai;complete;13;13;0;0.313;150.740
2026-05-08T12:46:47;q_learning_train;level_2;1;84;ai;complete;13;13;0;0.314;150.740
2026-05-08T12:46:47;q_learning_train;level_2;1;90;ai;complete;13;13;0;0.316;150.740
2026-05-08T12:46:47;q_learning_train;level_2;1;92;ai;complete;13;13;0;0.317;150.740
2026-05-08T12:46:47;q_learning_train;level_2;1;93;ai;complete;13;13;0;0.318;150.740
2026-05-08T12:46:47;q_learning_train;level_2;1;97;ai;complete;13;13;0;0.319;150.740
2026-05-08T12:46:47;q_learning_train;level_2;1;99;ai;complete;13;13;0;0.320;150.740
2026-05-08T12:46:47;q_learning_train;level_2;1;1;ai;complete;14;13;0;0.331;150.740
2026-05-08T12:46:47;q_learning_train;level_2;1;3;ai;complete;14;14;0;0.332;150.740
2026-05-08T12:46:47;q_learning_train;level_2;1;28;ai;complete;14;14;0;0.335;150.740
2026-05-08T12:46:47;q_learning_train;level_2;1;32;ai;complete;14;13;0;0.337;150.740
2026-05-08T12:46:47;q_learning_train;level_2;1;35;ai;complete;14;14;0;0.338;150.740
2026-05-08T12:46:47;q_learning_train;level_2;1;42;ai;complete;14;13;0;0.339;150.740
2026-05-08T12:46:47;q_learning_train;level_2;1;49;ai;complete;14;14;0;0.340;150.740
2026-05-08T12:46:47;q_learning_train;level_2;1;50;ai;complete;14;14;0;0.341;150.740
2026-05-08T12:46:47;q_learning_train;level_2;1;56;ai;complete;14;13;0;0.342;150.740
2026-05-08T12:46:47;q_learning_train;level_2;1;65;ai;complete;14;14;0;0.344;150.740
2026-05-08T12:46:47;q_learning_train;level_2;1;66;ai;complete;14;14;0;0.345;150.740
2026-05-08T12:46:47;q_learning_train;level_2;1;68;ai;complete;14;13;0;0.346;150.740
2026-05-08T12:46:47;q_learning_train;level_2;1;69;ai;complete;14;14;0;0.347;150.740
2026-05-08T12:46:47;q_learning_train;level_2;1;71;ai;complete;14;14;0;0.348;150.740
2026-05-08T12:46:47;q_learning_train;level_2;1;74;ai;complete;14;14;0;0.348;150.740
2026-05-08T12:46:47;q_learning_train;level_2;1;76;ai;complete;14;14;0;0.349;150.740
2026-05-08T12:46:47;q_learning_train;level_2;1;81;ai;complete;14;14;0;0.350;150.740
2026-05-08T12:46:47;q_learning_train;level_2;1;82;ai;complete;14;14;0;0.351;150.740
2026-05-08T12:46:47;q_learning_train;level_2;1;83;ai;complete;14;13;0;0.352;150.740
2026-05-08T12:46:47;q_learning_train;level_2;1;85;ai;complete;14;14;0;0.353;150.740
2026-05-08T12:46:47;q_learning_train;level_2;1;86;ai;complete;14;13;0;0.354;150.740
2026-05-08T12:46:47;q_learning_train;level_2;1;87;ai;complete;14;14;0;0.356;150.740
2026-05-08T12:46:47;q_learning_train;level_2;1;89;ai;complete;14;14;0;0.358;150.740
2026-05-08T12:46:47;q_learning_train;level_2;1;91;ai;complete;14;14;0;0.359;150.740
2026-05-08T12:46:47;q_learning_train;level_2;1;94;ai;complete;14;14;0;0.360;150.740
2026-05-08T12:46:47;q_learning_train;level_2;1;96;ai;complete;14;13;0;0.361;150.740
2026-05-08T12:46:47;q_learning_train;level_2;1;98;ai;complete;14;14;0;0.362;150.740
2026-05-08T12:46:47;q_learning_train;level_2;1;2;ai;complete;15;15;0;0.372;150.740
2026-05-08T12:46:47;q_learning_train;level_2;1;5;ai;complete;15;14;0;0.373;150.740
2026-05-08T12:46:47;q_learning_train;level_2;1;9;ai;complete;15;14;0;0.374;150.740
2026-05-08T12:46:47;q_learning_train;level_2;1;10;ai;complete;15;15;0;0.375;150.740
2026-05-08T12:46:47;q_learning_train;level_2;1;11;ai;complete;15;15;0;0.376;150.740
2026-05-08T12:46:47;q_learning_train;level_2;1;14;ai;complete;15;13;0;0.378;150.740
2026-05-08T12:46:47;q_learning_train;level_2;1;15;ai;complete;15;15;0;0.379;150.740
2026-05-08T12:46:47;q_learning_train;level_2;1;17;ai;complete;15;15;0;0.380;150.740
2026-05-08T12:46:47;q_learning_train;level_2;1;19;ai;complete;15;15;0;0.381;150.740
2026-05-08T12:46:47;q_learning_train;level_2;1;20;ai;complete;15;14;0;0.382;150.740
2026-05-08T12:46:47;q_learning_train;level_2;1;22;ai;complete;15;15;0;0.383;150.740
2026-05-08T12:46:47;q_learning_train;level_2;1;25;ai;complete;15;14;0;0.385;150.740
2026-05-08T12:46:47;q_learning_train;level_2;1;26;ai;complete;15;15;0;0.386;150.740
2026-05-08T12:46:47;q_learning_train;level_2;1;36;ai;complete;15;15;0;0.387;150.740
2026-05-08T12:46:47;q_learning_train;level_2;1;40;ai;complete;15;13;0;0.388;150.740
2026-05-08T12:46:47;q_learning_train;level_2;1;53;ai;complete;15;15;0;0.389;150.740
2026-05-08T12:46:47;q_learning_train;level_2;1;54;ai;complete;15;14;0;0.390;150.740
2026-05-08T12:46:47;q_learning_train;level_2;1;59;ai;complete;15;14;0;0.390;150.740
2026-05-08T12:46:47;q_learning_train;level_2;1;75;ai;complete;15;14;0;0.390;150.740
2026-05-08T12:46:47;q_learning_train;level_2;1;88;ai;complete;15;13;0;0.391;150.740
2026-05-08T12:46:47;q_learning_train;level_2;1;4;ai;complete;16;15;0;0.400;150.740
2026-05-08T12:46:47;q_learning_train;level_2;1;6;ai;complete;16;15;0;0.401;150.740
2026-05-08T12:46:47;q_learning_train;level_2;1;8;ai;complete;16;15;0;0.402;150.740
2026-05-08T12:46:47;q_learning_train;level_2;1;24;ai;complete;16;16;0;0.402;150.740
2026-05-08T12:46:47;q_learning_train;level_2;1;29;ai;complete;16;15;0;0.403;150.740
2026-05-08T12:46:47;q_learning_train;level_2;1;33;ai;complete;16;16;0;0.404;150.740
2026-05-08T12:46:47;q_learning_train;level_2;1;43;ai;complete;16;16;0;0.405;150.740
2026-05-08T12:46:47;q_learning_train;level_2;1;44;ai;complete;16;15;0;0.407;150.740
2026-05-08T12:46:47;q_learning_train;level_2;1;52;ai;complete;16;16;0;0.407;150.740
2026-05-08T12:46:47;q_learning_train;level_2;1;55;ai;complete;16;15;0;0.408;150.740
2026-05-08T12:46:47;q_learning_train;level_2;1;61;ai;complete;16;16;0;0.409;150.740
2026-05-08T12:46:47;q_learning_train;level_2;1;13;ai;complete;17;17;0;0.417;150.740
2026-05-08T12:46:47;q_learning_train;level_2;1;18;ai;complete;17;17;0;0.418;150.740
2026-05-08T12:46:47;q_learning_train;level_2;1;21;ai;complete;17;16;0;0.419;150.740
2026-05-08T12:46:47;q_learning_train;level_2;1;27;ai;complete;17;16;0;0.420;150.740
2026-05-08T12:46:47;q_learning_train;level_2;1;30;ai;complete;17;17;0;0.421;150.740
2026-05-08T12:46:47;q_learning_train;level_2;1;34;ai;complete;17;16;0;0.422;150.740
2026-05-08T12:46:47;q_learning_train;level_2;1;38;ai;complete;17;17;0;0.423;150.740
2026-05-08T12:46:47;q_learning_train;level_2;1;7;ai;complete;18;17;0;0.428;150.740
2026-05-08T12:46:47;q_learning_train;level_2;1;12;ai;complete;18;18;0;0.429;150.740
2026-05-08T12:46:47;q_learning_train;level_2;1;23;ai;complete;18;17;0;0.429;150.740
2026-05-08T12:46:47;q_learning_train;level_2;1;31;ai;complete;18;18;0;0.430;150.740
2026-05-08T12:46:47;q_learning_train;level_2;1;63;ai;complete;18;18;0;0.428;150.740
2026-05-08T12:46:47;q_learning_train;level_2;1;95;ai;complete;19;19;0;0.428;150.740
2026-05-08T12:46:47;q_learning_train;level_2;1;100;ai;complete;19;19;0;0.429;150.740
2026-05-08T12:46:47;q_learning_train;level_2;1;16;ai;complete;21;20;0;0.438;150.740
2026-05-08T12:46:47;q_learning_evaluation;level_2;1;1;ai;complete;13;13;0;0.003;150.740
2026-05-08T12:46:47;q_learning_evaluation;level_2;1;2;ai;complete;13;13;0;0.003;150.740
2026-05-08T12:46:47;q_learning_evaluation;level_2;1;3;ai;complete;13;13;0;0.003;150.740
2026-05-08T12:46:47;q_learning_evaluation;level_2;1;4;ai;complete;13;13;0;0.003;150.740
2026-05-08T12:46:47;q_learning_evaluation;level_2;1;5;ai;complete;13;13;0;0.002;150.740
2026-05-08T12:46:49;q_learning_preview;level_2;1;0;ai;complete;13;13;0;1.306;150.740
2026-05-08T12:46:49;q_learning_train;level_2;2;2;ai;complete;13;13;0;0.312;150.740
2026-05-08T12:46:49;q_learning_train;level_2;2;3;ai;complete;13;13;0;0.314;150.740
2026-05-08T12:46:49;q_learning_train;level_2;2;4;ai;complete;13;13;0;0.315;150.740
2026-05-08T12:46:49;q_learning_train;level_2;2;5;ai;complete;13;13;0;0.315;150.740
2026-05-08T12:46:49;q_learning_train;level_2;2;6;ai;complete;13;13;0;0.316;150.740
2026-05-08T12:46:49;q_learning_train;level_2;2;7;ai;complete;13;13;0;0.317;150.740
2026-05-08T12:46:49;q_learning_train;level_2;2;8;ai;complete;13;13;0;0.318;150.740
2026-05-08T12:46:49;q_learning_train;level_2;2;10;ai;complete;13;13;0;0.319;150.740
2026-05-08T12:46:49;q_learning_train;level_2;2;12;ai;complete;13;13;0;0.320;150.740
2026-05-08T12:46:49;q_learning_train;level_2;2;14;ai;complete;13;13;0;0.321;150.740
2026-05-08T12:46:49;q_learning_train;level_2;2;15;ai;complete;13;13;0;0.322;150.740
2026-05-08T12:46:49;q_learning_train;level_2;2;16;ai;complete;13;13;0;0.323;150.740
2026-05-08T12:46:49;q_learning_train;level_2;2;17;ai;complete;13;13;0;0.324;150.740
2026-05-08T12:46:49;q_learning_train;level_2;2;18;ai;complete;13;13;0;0.325;150.740
2026-05-08T12:46:49;q_learning_train;level_2;2;19;ai;complete;13;13;0;0.326;150.740
2026-05-08T12:46:49;q_learning_train;level_2;2;20;ai;complete;13;13;0;0.327;150.740
2026-05-08T12:46:49;q_learning_train;level_2;2;24;ai;complete;13;13;0;0.329;150.740
2026-05-08T12:46:49;q_learning_train;level_2;2;25;ai;complete;13;13;0;0.329;150.740
2026-05-08T12:46:49;q_learning_train;level_2;2;26;ai;complete;13;13;0;0.330;150.740
2026-05-08T12:46:49;q_learning_train;level_2;2;29;ai;complete;13;13;0;0.331;150.740
2026-05-08T12:46:49;q_learning_train;level_2;2;30;ai;complete;13;13;0;0.332;150.740
2026-05-08T12:46:49;q_learning_train;level_2;2;35;ai;complete;13;13;0;0.334;150.740
2026-05-08T12:46:49;q_learning_train;level_2;2;36;ai;complete;13;13;0;0.335;150.740
2026-05-08T12:46:49;q_learning_train;level_2;2;39;ai;complete;13;13;0;0.336;150.740
2026-05-08T12:46:49;q_learning_train;level_2;2;42;ai;complete;13;13;0;0.337;150.740
2026-05-08T12:46:49;q_learning_train;level_2;2;44;ai;complete;13;13;0;0.357;150.740
2026-05-08T12:46:49;q_learning_train;level_2;2;45;ai;complete;13;13;0;0.359;150.740
2026-05-08T12:46:49;q_learning_train;level_2;2;47;ai;complete;13;13;0;0.360;150.740
2026-05-08T12:46:49;q_learning_train;level_2;2;50;ai;complete;13;13;0;0.369;150.740
2026-05-08T12:46:49;q_learning_train;level_2;2;51;ai;complete;13;13;0;0.371;150.740
2026-05-08T12:46:49;q_learning_train;level_2;2;52;ai;complete;13;13;0;0.373;150.740
2026-05-08T12:46:49;q_learning_train;level_2;2;54;ai;complete;13;13;0;0.376;150.740
2026-05-08T12:46:49;q_learning_train;level_2;2;55;ai;complete;13;13;0;0.378;150.740
2026-05-08T12:46:49;q_learning_train;level_2;2;56;ai;complete;13;13;0;0.380;150.740
2026-05-08T12:46:49;q_learning_train;level_2;2;58;ai;complete;13;13;0;0.383;150.740
2026-05-08T12:46:49;q_learning_train;level_2;2;61;ai;complete;13;13;0;0.386;150.740
2026-05-08T12:46:49;q_learning_train;level_2;2;63;ai;complete;13;13;0;0.392;150.740
2026-05-08T12:46:49;q_learning_train;level_2;2;64;ai;complete;13;13;0;0.395;150.740
2026-05-08T12:46:49;q_learning_train;level_2;2;66;ai;complete;13;13;0;0.404;150.740
2026-05-08T12:46:49;q_learning_train;level_2;2;67;ai;complete;13;13;0;0.406;150.740
2026-05-08T12:46:49;q_learning_train;level_2;2;73;ai;complete;13;13;0;0.409;150.740
2026-05-08T12:46:49;q_learning_train;level_2;2;74;ai;complete;13;13;0;0.411;150.740
2026-05-08T12:46:49;q_learning_train;level_2;2;75;ai;complete;13;13;0;0.412;150.740
2026-05-08T12:46:49;q_learning_train;level_2;2;77;ai;complete;13;13;0;0.415;150.740
2026-05-08T12:46:49;q_learning_train;level_2;2;78;ai;complete;13;13;0;0.417;150.740
2026-05-08T12:46:49;q_learning_train;level_2;2;79;ai;complete;13;13;0;0.418;150.740
2026-05-08T12:46:49;q_learning_train;level_2;2;80;ai;complete;13;13;0;0.419;150.740
2026-05-08T12:46:49;q_learning_train;level_2;2;82;ai;complete;13;13;0;0.421;150.740
2026-05-08T12:46:49;q_learning_train;level_2;2;83;ai;complete;13;13;0;0.423;150.740
2026-05-08T12:46:49;q_learning_train;level_2;2;84;ai;complete;13;13;0;0.425;150.740
2026-05-08T12:46:49;q_learning_train;level_2;2;86;ai;complete;13;13;0;0.426;150.740
2026-05-08T12:46:49;q_learning_train;level_2;2;87;ai;complete;13;13;0;0.427;150.740
2026-05-08T12:46:49;q_learning_train;level_2;2;91;ai;complete;13;13;0;0.430;150.740
2026-05-08T12:46:49;q_learning_train;level_2;2;94;ai;complete;13;13;0;0.432;150.740
2026-05-08T12:46:49;q_learning_train;level_2;2;95;ai;complete;13;13;0;0.437;150.740
2026-05-08T12:46:49;q_learning_train;level_2;2;96;ai;complete;13;13;0;0.439;150.740
2026-05-08T12:46:49;q_learning_train;level_2;2;97;ai;complete;13;13;0;0.441;150.740
2026-05-08T12:46:49;q_learning_train;level_2;2;98;ai;complete;13;13;0;0.443;150.740
2026-05-08T12:46:49;q_learning_train;level_2;2;99;ai;complete;13;13;0;0.444;150.740
2026-05-08T12:46:49;q_learning_train;level_2;2;9;ai;complete;14;13;0;0.457;150.740
2026-05-08T12:46:49;q_learning_train;level_2;2;11;ai;complete;14;14;0;0.458;150.740
2026-05-08T12:46:49;q_learning_train;level_2;2;21;ai;complete;14;14;0;0.458;150.740
2026-05-08T12:46:49;q_learning_train;level_2;2;32;ai;complete;14;14;0;0.460;150.740
2026-05-08T12:46:49;q_learning_train;level_2;2;33;ai;complete;14;14;0;0.461;150.740
2026-05-08T12:46:49;q_learning_train;level_2;2;34;ai;complete;14;14;0;0.463;150.740
2026-05-08T12:46:49;q_learning_train;level_2;2;38;ai;complete;14;14;0;0.464;150.740
2026-05-08T12:46:49;q_learning_train;level_2;2;40;ai;complete;14;14;0;0.465;150.740
2026-05-08T12:46:49;q_learning_train;level_2;2;41;ai;complete;14;14;0;0.466;150.740
2026-05-08T12:46:49;q_learning_train;level_2;2;43;ai;complete;14;14;0;0.467;150.740
2026-05-08T12:46:49;q_learning_train;level_2;2;48;ai;complete;14;14;0;0.468;150.740
2026-05-08T12:46:49;q_learning_train;level_2;2;49;ai;complete;14;14;0;0.470;150.740
2026-05-08T12:46:49;q_learning_train;level_2;2;53;ai;complete;14;13;0;0.471;150.740
2026-05-08T12:46:49;q_learning_train;level_2;2;57;ai;complete;14;14;0;0.472;150.740
2026-05-08T12:46:49;q_learning_train;level_2;2;60;ai;complete;14;13;0;0.473;150.740
2026-05-08T12:46:49;q_learning_train;level_2;2;62;ai;complete;14;14;0;0.475;150.740
2026-05-08T12:46:49;q_learning_train;level_2;2;65;ai;complete;14;14;0;0.475;150.740
2026-05-08T12:46:49;q_learning_train;level_2;2;68;ai;complete;14;13;0;0.477;150.740
2026-05-08T12:46:49;q_learning_train;level_2;2;70;ai;complete;14;14;0;0.478;150.740
2026-05-08T12:46:49;q_learning_train;level_2;2;76;ai;complete;14;14;0;0.479;150.740
2026-05-08T12:46:49;q_learning_train;level_2;2;88;ai;complete;14;14;0;0.480;150.740
2026-05-08T12:46:49;q_learning_train;level_2;2;89;ai;complete;14;13;0;0.481;150.740
2026-05-08T12:46:49;q_learning_train;level_2;2;90;ai;complete;14;13;0;0.482;150.740
2026-05-08T12:46:49;q_learning_train;level_2;2;13;ai;complete;15;15;0;0.494;150.740
2026-05-08T12:46:49;q_learning_train;level_2;2;22;ai;complete;15;14;0;0.494;150.740
2026-05-08T12:46:49;q_learning_train;level_2;2;23;ai;complete;15;14;0;0.495;150.740
2026-05-08T12:46:49;q_learning_train;level_2;2;46;ai;complete;15;14;0;0.496;150.740
2026-05-08T12:46:49;q_learning_train;level_2;2;72;ai;complete;15;15;0;0.495;150.740
2026-05-08T12:46:49;q_learning_train;level_2;2;81;ai;complete;15;15;0;0.495;150.740
2026-05-08T12:46:49;q_learning_train;level_2;2;85;ai;complete;15;15;0;0.496;150.740
2026-05-08T12:46:49;q_learning_train;level_2;2;93;ai;complete;15;15;0;0.497;150.740
2026-05-08T12:46:49;q_learning_train;level_2;2;27;ai;complete;16;16;0;0.506;150.740
2026-05-08T12:46:49;q_learning_train;level_2;2;37;ai;complete;16;16;0;0.507;150.740
2026-05-08T12:46:49;q_learning_train;level_2;2;59;ai;complete;16;16;0;0.506;150.740
2026-05-08T12:46:49;q_learning_train;level_2;2;69;ai;complete;16;16;0;0.507;150.740
2026-05-08T12:46:49;q_learning_train;level_2;2;71;ai;complete;16;16;0;0.508;150.740
2026-05-08T12:46:49;q_learning_train;level_2;2;100;ai;complete;16;16;0;0.506;150.740
2026-05-08T12:46:49;q_learning_train;level_2;2;1;ai;complete;17;17;0;0.520;150.740
2026-05-08T12:46:50;q_learning_train;level_2;2;28;ai;complete;17;16;0;0.517;150.740
2026-05-08T12:46:50;q_learning_train;level_2;2;31;ai;complete;20;18;0;0.520;150.740
2026-05-08T12:46:50;q_learning_train;level_2;2;92;ai;complete;20;17;0;0.515;150.740
2026-05-08T12:46:50;q_learning_evaluation;level_2;2;1;ai;complete;13;13;0;0.004;150.740
2026-05-08T12:46:50;q_learning_evaluation;level_2;2;2;ai;complete;13;13;0;0.003;150.740
2026-05-08T12:46:50;q_learning_evaluation;level_2;2;3;ai;complete;13;13;0;0.003;150.740
2026-05-08T12:46:50;q_learning_evaluation;level_2;2;4;ai;complete;13;13;0;0.004;150.740
2026-05-08T12:46:50;q_learning_evaluation;level_2;2;5;ai;complete;13;13;0;0.003;150.740
2026-05-08T12:46:51;q_learning_preview;level_2;2;0;ai;complete;13;13;0;1.306;150.740
2026-05-08T12:46:52;q_learning_train;level_2;3;1;ai;complete;13;13;0;0.295;150.740
2026-05-08T12:46:52;q_learning_train;level_2;3;2;ai;complete;13;13;0;0.297;150.740
2026-05-08T12:46:52;q_learning_train;level_2;3;5;ai;complete;13;13;0;0.299;150.740
2026-05-08T12:46:52;q_learning_train;level_2;3;7;ai;complete;13;13;0;0.300;150.740
2026-05-08T12:46:52;q_learning_train;level_2;3;8;ai;complete;13;13;0;0.301;150.740
2026-05-08T12:46:52;q_learning_train;level_2;3;10;ai;complete;13;13;0;0.302;150.740
2026-05-08T12:46:52;q_learning_train;level_2;3;11;ai;complete;13;13;0;0.303;150.740
2026-05-08T12:46:52;q_learning_train;level_2;3;15;ai;complete;13;13;0;0.304;150.740
2026-05-08T12:46:52;q_learning_train;level_2;3;16;ai;complete;13;13;0;0.305;150.740
2026-05-08T12:46:52;q_learning_train;level_2;3;17;ai;complete;13;13;0;0.306;150.740
2026-05-08T12:46:52;q_learning_train;level_2;3;21;ai;complete;13;13;0;0.308;150.740
2026-05-08T12:46:52;q_learning_train;level_2;3;22;ai;complete;13;13;0;0.309;150.740
2026-05-08T12:46:52;q_learning_train;level_2;3;28;ai;complete;13;13;0;0.312;150.740
2026-05-08T12:46:52;q_learning_train;level_2;3;32;ai;complete;13;13;0;0.313;150.740
2026-05-08T12:46:52;q_learning_train;level_2;3;35;ai;complete;13;13;0;0.315;150.740
2026-05-08T12:46:52;q_learning_train;level_2;3;36;ai;complete;13;13;0;0.315;150.740
2026-05-08T12:46:52;q_learning_train;level_2;3;37;ai;complete;13;13;0;0.316;150.740
2026-05-08T12:46:52;q_learning_train;level_2;3;40;ai;complete;13;13;0;0.317;150.740
2026-05-08T12:46:52;q_learning_train;level_2;3;42;ai;complete;13;13;0;0.318;150.740
2026-05-08T12:46:52;q_learning_train;level_2;3;43;ai;complete;13;13;0;0.319;150.740
2026-05-08T12:46:52;q_learning_train;level_2;3;50;ai;complete;13;13;0;0.320;150.740
2026-05-08T12:46:52;q_learning_train;level_2;3;51;ai;complete;13;13;0;0.321;150.740
2026-05-08T12:46:52;q_learning_train;level_2;3;55;ai;complete;13;13;0;0.321;150.740
2026-05-08T12:46:52;q_learning_train;level_2;3;56;ai;complete;13;13;0;0.322;150.740
2026-05-08T12:46:52;q_learning_train;level_2;3;57;ai;complete;13;13;0;0.323;150.740
2026-05-08T12:46:52;q_learning_train;level_2;3;58;ai;complete;13;13;0;0.324;150.740
2026-05-08T12:46:52;q_learning_train;level_2;3;61;ai;complete;13;13;0;0.325;150.740
2026-05-08T12:46:52;q_learning_train;level_2;3;62;ai;complete;13;13;0;0.326;150.740
2026-05-08T12:46:52;q_learning_train;level_2;3;63;ai;complete;13;13;0;0.327;150.740
2026-05-08T12:46:52;q_learning_train;level_2;3;65;ai;complete;13;13;0;0.328;150.740
2026-05-08T12:46:52;q_learning_train;level_2;3;66;ai;complete;13;13;0;0.328;150.740
2026-05-08T12:46:52;q_learning_train;level_2;3;68;ai;complete;13;13;0;0.329;150.740
2026-05-08T12:46:52;q_learning_train;level_2;3;70;ai;complete;13;13;0;0.330;150.740
2026-05-08T12:46:52;q_learning_train;level_2;3;74;ai;complete;13;13;0;0.332;150.740
2026-05-08T12:46:52;q_learning_train;level_2;3;76;ai;complete;13;13;0;0.333;150.740
2026-05-08T12:46:52;q_learning_train;level_2;3;78;ai;complete;13;13;0;0.334;150.740
2026-05-08T12:46:52;q_learning_train;level_2;3;82;ai;complete;13;13;0;0.335;150.740
2026-05-08T12:46:52;q_learning_train;level_2;3;83;ai;complete;13;13;0;0.336;150.740
2026-05-08T12:46:52;q_learning_train;level_2;3;85;ai;complete;13;13;0;0.338;150.740
2026-05-08T12:46:52;q_learning_train;level_2;3;87;ai;complete;13;13;0;0.339;150.740
2026-05-08T12:46:52;q_learning_train;level_2;3;89;ai;complete;13;13;0;0.340;150.740
2026-05-08T12:46:52;q_learning_train;level_2;3;92;ai;complete;13;13;0;0.341;150.740
2026-05-08T12:46:52;q_learning_train;level_2;3;94;ai;complete;13;13;0;0.342;150.740
2026-05-08T12:46:52;q_learning_train;level_2;3;95;ai;complete;13;13;0;0.342;150.740
2026-05-08T12:46:52;q_learning_train;level_2;3;98;ai;complete;13;13;0;0.344;150.740
2026-05-08T12:46:52;q_learning_train;level_2;3;100;ai;complete;13;13;0;0.345;150.740
2026-05-08T12:46:52;q_learning_train;level_2;3;3;ai;complete;14;14;0;0.354;150.740
2026-05-08T12:46:52;q_learning_train;level_2;3;13;ai;complete;14;13;0;0.355;150.740
2026-05-08T12:46:52;q_learning_train;level_2;3;18;ai;complete;14;14;0;0.356;150.740
2026-05-08T12:46:52;q_learning_train;level_2;3;19;ai;complete;14;14;0;0.357;150.740
2026-05-08T12:46:52;q_learning_train;level_2;3;20;ai;complete;14;13;0;0.358;150.740
2026-05-08T12:46:52;q_learning_train;level_2;3;25;ai;complete;14;14;0;0.359;150.740
2026-05-08T12:46:52;q_learning_train;level_2;3;26;ai;complete;14;14;0;0.360;150.740
2026-05-08T12:46:52;q_learning_train;level_2;3;29;ai;complete;14;14;0;0.361;150.740
2026-05-08T12:46:52;q_learning_train;level_2;3;30;ai;complete;14;14;0;0.362;150.740
2026-05-08T12:46:52;q_learning_train;level_2;3;34;ai;complete;14;14;0;0.363;150.740
2026-05-08T12:46:52;q_learning_train;level_2;3;39;ai;complete;14;13;0;0.364;150.740
2026-05-08T12:46:52;q_learning_train;level_2;3;41;ai;complete;14;14;0;0.365;150.740
2026-05-08T12:46:52;q_learning_train;level_2;3;45;ai;complete;14;14;0;0.365;150.740
2026-05-08T12:46:52;q_learning_train;level_2;3;46;ai;complete;14;14;0;0.366;150.740
2026-05-08T12:46:52;q_learning_train;level_2;3;48;ai;complete;14;14;0;0.367;150.740
2026-05-08T12:46:52;q_learning_train;level_2;3;59;ai;complete;14;14;0;0.368;150.740
2026-05-08T12:46:52;q_learning_train;level_2;3;69;ai;complete;14;13;0;0.370;150.740
2026-05-08T12:46:52;q_learning_train;level_2;3;72;ai;complete;14;14;0;0.371;150.740
2026-05-08T12:46:52;q_learning_train;level_2;3;77;ai;complete;14;13;0;0.372;150.740
2026-05-08T12:46:52;q_learning_train;level_2;3;80;ai;complete;14;13;0;0.373;150.740
2026-05-08T12:46:52;q_learning_train;level_2;3;84;ai;complete;14;14;0;0.374;150.740
2026-05-08T12:46:52;q_learning_train;level_2;3;90;ai;complete;14;14;0;0.375;150.740
2026-05-08T12:46:52;q_learning_train;level_2;3;96;ai;complete;14;14;0;0.376;150.740
2026-05-08T12:46:52;q_learning_train;level_2;3;4;ai;complete;15;15;0;0.385;150.740
2026-05-08T12:46:52;q_learning_train;level_2;3;9;ai;complete;15;14;0;0.386;150.740
2026-05-08T12:46:52;q_learning_train;level_2;3;14;ai;complete;15;15;0;0.387;150.740
2026-05-08T12:46:52;q_learning_train;level_2;3;23;ai;complete;15;15;0;0.387;150.740
2026-05-08T12:46:52;q_learning_train;level_2;3;24;ai;complete;15;14;0;0.388;150.740
2026-05-08T12:46:52;q_learning_train;level_2;3;38;ai;complete;15;14;0;0.389;150.740
2026-05-08T12:46:52;q_learning_train;level_2;3;44;ai;complete;15;14;0;0.390;150.740
2026-05-08T12:46:52;q_learning_train;level_2;3;52;ai;complete;15;13;0;0.391;150.740
2026-05-08T12:46:52;q_learning_train;level_2;3;60;ai;complete;15;15;0;0.391;150.740
2026-05-08T12:46:52;q_learning_train;level_2;3;67;ai;complete;15;15;0;0.392;150.740
2026-05-08T12:46:52;q_learning_train;level_2;3;71;ai;complete;15;14;0;0.392;150.740
2026-05-08T12:46:52;q_learning_train;level_2;3;73;ai;complete;15;15;0;0.393;150.740
2026-05-08T12:46:52;q_learning_train;level_2;3;75;ai;complete;15;15;0;0.394;150.740
2026-05-08T12:46:52;q_learning_train;level_2;3;79;ai;complete;15;14;0;0.394;150.740
2026-05-08T12:46:52;q_learning_train;level_2;3;81;ai;complete;15;15;0;0.395;150.740
2026-05-08T12:46:52;q_learning_train;level_2;3;88;ai;complete;15;15;0;0.396;150.740
2026-05-08T12:46:52;q_learning_train;level_2;3;93;ai;complete;15;15;0;0.397;150.740
2026-05-08T12:46:52;q_learning_train;level_2;3;99;ai;complete;15;15;0;0.397;150.740
2026-05-08T12:46:52;q_learning_train;level_2;3;12;ai;complete;16;14;0;0.407;150.740
2026-05-08T12:46:52;q_learning_train;level_2;3;27;ai;complete;16;16;0;0.407;150.740
2026-05-08T12:46:52;q_learning_train;level_2;3;31;ai;complete;16;16;0;0.407;150.740
2026-05-08T12:46:52;q_learning_train;level_2;3;33;ai;complete;16;16;0;0.408;150.740
2026-05-08T12:46:52;q_learning_train;level_2;3;47;ai;complete;16;15;0;0.408;150.740
2026-05-08T12:46:52;q_learning_train;level_2;3;49;ai;complete;16;15;0;0.409;150.740
2026-05-08T12:46:52;q_learning_train;level_2;3;53;ai;complete;16;16;0;0.410;150.740
2026-05-08T12:46:52;q_learning_train;level_2;3;86;ai;complete;16;15;0;0.408;150.740
2026-05-08T12:46:52;q_learning_train;level_2;3;91;ai;complete;16;15;0;0.409;150.740
2026-05-08T12:46:52;q_learning_train;level_2;3;54;ai;complete;17;16;0;0.413;150.740
2026-05-08T12:46:52;q_learning_train;level_2;3;64;ai;complete;17;16;0;0.413;150.740
2026-05-08T12:46:52;q_learning_train;level_2;3;6;ai;complete;20;18;0;0.421;150.740
2026-05-08T12:46:52;q_learning_train;level_2;3;97;ai;complete;20;18;0;0.413;150.740
2026-05-08T12:46:52;q_learning_evaluation;level_2;3;1;ai;complete;13;13;0;0.002;150.740
2026-05-08T12:46:52;q_learning_evaluation;level_2;3;2;ai;complete;13;13;0;0.002;150.740
2026-05-08T12:46:52;q_learning_evaluation;level_2;3;3;ai;complete;13;13;0;0.002;150.740
2026-05-08T12:46:52;q_learning_evaluation;level_2;3;4;ai;complete;13;13;0;0.002;150.740
2026-05-08T12:46:52;q_learning_evaluation;level_2;3;5;ai;complete;13;13;0;0.003;150.740
2026-05-08T12:46:54;q_learning_preview;level_2;3;0;ai;complete;13;13;0;1.307;150.740
2026-05-08T12:46:54;q_learning_train;level_2;4;1;ai;complete;13;13;0;0.351;150.740
2026-05-08T12:46:54;q_learning_train;level_2;4;2;ai;complete;13;13;0;0.352;150.740
2026-05-08T12:46:54;q_learning_train;level_2;4;3;ai;complete;13;13;0;0.352;150.740
2026-05-08T12:46:54;q_learning_train;level_2;4;4;ai;complete;13;13;0;0.353;150.740
2026-05-08T12:46:54;q_learning_train;level_2;4;5;ai;complete;13;13;0;0.354;150.740
2026-05-08T12:46:54;q_learning_train;level_2;4;6;ai;complete;13;13;0;0.354;150.740
2026-05-08T12:46:54;q_learning_train;level_2;4;7;ai;complete;13;13;0;0.355;150.740
2026-05-08T12:46:54;q_learning_train;level_2;4;8;ai;complete;13;13;0;0.356;150.740
2026-05-08T12:46:54;q_learning_train;level_2;4;9;ai;complete;13;13;0;0.356;150.740
2026-05-08T12:46:54;q_learning_train;level_2;4;12;ai;complete;13;13;0;0.357;150.740
2026-05-08T12:46:54;q_learning_train;level_2;4;13;ai;complete;13;13;0;0.358;150.740
2026-05-08T12:46:54;q_learning_train;level_2;4;15;ai;complete;13;13;0;0.359;150.740
2026-05-08T12:46:54;q_learning_train;level_2;4;17;ai;complete;13;13;0;0.360;150.740
2026-05-08T12:46:54;q_learning_train;level_2;4;18;ai;complete;13;13;0;0.361;150.740
2026-05-08T12:46:54;q_learning_train;level_2;4;19;ai;complete;13;13;0;0.362;150.740
2026-05-08T12:46:54;q_learning_train;level_2;4;20;ai;complete;13;13;0;0.363;150.740
2026-05-08T12:46:54;q_learning_train;level_2;4;21;ai;complete;13;13;0;0.364;150.740
2026-05-08T12:46:54;q_learning_train;level_2;4;22;ai;complete;13;13;0;0.364;150.740
2026-05-08T12:46:54;q_learning_train;level_2;4;23;ai;complete;13;13;0;0.365;150.740
2026-05-08T12:46:54;q_learning_train;level_2;4;26;ai;complete;13;13;0;0.366;150.740
2026-05-08T12:46:54;q_learning_train;level_2;4;27;ai;complete;13;13;0;0.367;150.740
2026-05-08T12:46:54;q_learning_train;level_2;4;32;ai;complete;13;13;0;0.369;150.740
2026-05-08T12:46:54;q_learning_train;level_2;4;33;ai;complete;13;13;0;0.370;150.740
2026-05-08T12:46:54;q_learning_train;level_2;4;34;ai;complete;13;13;0;0.371;150.740
2026-05-08T12:46:54;q_learning_train;level_2;4;36;ai;complete;13;13;0;0.372;150.740
2026-05-08T12:46:54;q_learning_train;level_2;4;37;ai;complete;13;13;0;0.373;150.740
2026-05-08T12:46:54;q_learning_train;level_2;4;38;ai;complete;13;13;0;0.373;150.740
2026-05-08T12:46:54;q_learning_train;level_2;4;40;ai;complete;13;13;0;0.374;150.740
2026-05-08T12:46:54;q_learning_train;level_2;4;41;ai;complete;13;13;0;0.375;150.740
2026-05-08T12:46:54;q_learning_train;level_2;4;42;ai;complete;13;13;0;0.376;150.740
2026-05-08T12:46:54;q_learning_train;level_2;4;43;ai;complete;13;13;0;0.377;150.740
2026-05-08T12:46:54;q_learning_train;level_2;4;44;ai;complete;13;13;0;0.378;150.740
2026-05-08T12:46:54;q_learning_train;level_2;4;46;ai;complete;13;13;0;0.378;150.740
2026-05-08T12:46:54;q_learning_train;level_2;4;47;ai;complete;13;13;0;0.378;150.740
2026-05-08T12:46:54;q_learning_train;level_2;4;49;ai;complete;13;13;0;0.379;150.740
2026-05-08T12:46:54;q_learning_train;level_2;4;52;ai;complete;13;13;0;0.379;150.740
2026-05-08T12:46:54;q_learning_train;level_2;4;53;ai;complete;13;13;0;0.379;150.740
2026-05-08T12:46:54;q_learning_train;level_2;4;54;ai;complete;13;13;0;0.380;150.740
2026-05-08T12:46:54;q_learning_train;level_2;4;55;ai;complete;13;13;0;0.381;150.740
2026-05-08T12:46:54;q_learning_train;level_2;4;57;ai;complete;13;13;0;0.382;150.740
2026-05-08T12:46:54;q_learning_train;level_2;4;58;ai;complete;13;13;0;0.383;150.740
2026-05-08T12:46:54;q_learning_train;level_2;4;59;ai;complete;13;13;0;0.384;150.740
2026-05-08T12:46:54;q_learning_train;level_2;4;62;ai;complete;13;13;0;0.384;150.740
2026-05-08T12:46:54;q_learning_train;level_2;4;63;ai;complete;13;13;0;0.385;150.740
2026-05-08T12:46:54;q_learning_train;level_2;4;64;ai;complete;13;13;0;0.386;150.740
2026-05-08T12:46:54;q_learning_train;level_2;4;65;ai;complete;13;13;0;0.387;150.740
2026-05-08T12:46:54;q_learning_train;level_2;4;66;ai;complete;13;13;0;0.388;150.740
2026-05-08T12:46:54;q_learning_train;level_2;4;67;ai;complete;13;13;0;0.389;150.740
2026-05-08T12:46:54;q_learning_train;level_2;4;68;ai;complete;13;13;0;0.390;150.740
2026-05-08T12:46:54;q_learning_train;level_2;4;70;ai;complete;13;13;0;0.392;150.740
2026-05-08T12:46:54;q_learning_train;level_2;4;71;ai;complete;13;13;0;0.394;150.740
2026-05-08T12:46:54;q_learning_train;level_2;4;72;ai;complete;13;13;0;0.395;150.740
2026-05-08T12:46:54;q_learning_train;level_2;4;74;ai;complete;13;13;0;0.397;150.740
2026-05-08T12:46:54;q_learning_train;level_2;4;75;ai;complete;13;13;0;0.399;150.740
2026-05-08T12:46:54;q_learning_train;level_2;4;76;ai;complete;13;13;0;0.400;150.740
2026-05-08T12:46:54;q_learning_train;level_2;4;77;ai;complete;13;13;0;0.402;150.740
2026-05-08T12:46:54;q_learning_train;level_2;4;78;ai;complete;13;13;0;0.403;150.740
2026-05-08T12:46:54;q_learning_train;level_2;4;79;ai;complete;13;13;0;0.404;150.740
2026-05-08T12:46:54;q_learning_train;level_2;4;81;ai;complete;13;13;0;0.405;150.740
2026-05-08T12:46:54;q_learning_train;level_2;4;82;ai;complete;13;13;0;0.407;150.740
2026-05-08T12:46:54;q_learning_train;level_2;4;83;ai;complete;13;13;0;0.408;150.740
2026-05-08T12:46:54;q_learning_train;level_2;4;84;ai;complete;13;13;0;0.409;150.740
2026-05-08T12:46:54;q_learning_train;level_2;4;86;ai;complete;13;13;0;0.410;150.740
2026-05-08T12:46:54;q_learning_train;level_2;4;87;ai;complete;13;13;0;0.412;150.740
2026-05-08T12:46:54;q_learning_train;level_2;4;92;ai;complete;13;13;0;0.412;150.740
2026-05-08T12:46:54;q_learning_train;level_2;4;93;ai;complete;13;13;0;0.412;150.740
2026-05-08T12:46:54;q_learning_train;level_2;4;95;ai;complete;13;13;0;0.413;150.740
2026-05-08T12:46:54;q_learning_train;level_2;4;96;ai;complete;13;13;0;0.414;150.740
2026-05-08T12:46:54;q_learning_train;level_2;4;97;ai;complete;13;13;0;0.414;150.740
2026-05-08T12:46:54;q_learning_train;level_2;4;11;ai;complete;14;14;0;0.437;150.740
2026-05-08T12:46:54;q_learning_train;level_2;4;16;ai;complete;14;14;0;0.438;150.740
2026-05-08T12:46:54;q_learning_train;level_2;4;28;ai;complete;14;14;0;0.438;150.740
2026-05-08T12:46:54;q_learning_train;level_2;4;29;ai;complete;14;14;0;0.439;150.740
2026-05-08T12:46:54;q_learning_train;level_2;4;30;ai;complete;14;14;0;0.440;150.740
2026-05-08T12:46:54;q_learning_train;level_2;4;31;ai;complete;14;13;0;0.440;150.740
2026-05-08T12:46:54;q_learning_train;level_2;4;35;ai;complete;14;14;0;0.441;150.740
2026-05-08T12:46:54;q_learning_train;level_2;4;39;ai;complete;14;14;0;0.441;150.740
2026-05-08T12:46:54;q_learning_train;level_2;4;48;ai;complete;14;13;0;0.439;150.740
2026-05-08T12:46:54;q_learning_train;level_2;4;50;ai;complete;14;14;0;0.439;150.740
2026-05-08T12:46:54;q_learning_train;level_2;4;51;ai;complete;14;14;0;0.440;150.740
2026-05-08T12:46:54;q_learning_train;level_2;4;56;ai;complete;14;13;0;0.439;150.740
2026-05-08T12:46:54;q_learning_train;level_2;4;61;ai;complete;14;13;0;0.439;150.740
2026-05-08T12:46:54;q_learning_train;level_2;4;85;ai;complete;14;14;0;0.437;150.740
2026-05-08T12:46:54;q_learning_train;level_2;4;88;ai;complete;14;14;0;0.438;150.740
2026-05-08T12:46:54;q_learning_train;level_2;4;89;ai;complete;14;14;0;0.439;150.740
2026-05-08T12:46:54;q_learning_train;level_2;4;90;ai;complete;14;14;0;0.440;150.740
2026-05-08T12:46:54;q_learning_train;level_2;4;91;ai;complete;14;14;0;0.439;150.740
2026-05-08T12:46:54;q_learning_train;level_2;4;94;ai;complete;14;14;0;0.439;150.740
2026-05-08T12:46:54;q_learning_train;level_2;4;99;ai;complete;14;14;0;0.439;150.740
2026-05-08T12:46:54;q_learning_train;level_2;4;100;ai;complete;14;14;0;0.440;150.740
2026-05-08T12:46:54;q_learning_train;level_2;4;10;ai;complete;15;14;0;0.462;150.740
2026-05-08T12:46:54;q_learning_train;level_2;4;60;ai;complete;15;14;0;0.452;150.740
2026-05-08T12:46:54;q_learning_train;level_2;4;24;ai;complete;16;15;0;0.464;150.740
2026-05-08T12:46:54;q_learning_train;level_2;4;25;ai;complete;16;16;0;0.465;150.740
2026-05-08T12:46:54;q_learning_train;level_2;4;69;ai;complete;16;15;0;0.454;150.740
2026-05-08T12:46:54;q_learning_train;level_2;4;80;ai;complete;16;15;0;0.453;150.740
2026-05-08T12:46:54;q_learning_train;level_2;4;98;ai;complete;16;16;0;0.449;150.740
2026-05-08T12:46:54;q_learning_train;level_2;4;73;ai;complete;17;15;0;0.457;150.740
2026-05-08T12:46:54;q_learning_train;level_2;4;45;ai;complete;18;17;0;0.467;150.740
2026-05-08T12:46:54;q_learning_train;level_2;4;14;ai;complete;19;18;0;0.474;150.740
2026-05-08T12:46:54;q_learning_evaluation;level_2;4;1;ai;complete;13;13;0;0.002;150.740
2026-05-08T12:46:54;q_learning_evaluation;level_2;4;2;ai;complete;13;13;0;0.002;150.740
2026-05-08T12:46:54;q_learning_evaluation;level_2;4;3;ai;complete;13;13;0;0.002;150.740
2026-05-08T12:46:54;q_learning_evaluation;level_2;4;4;ai;complete;13;13;0;0.002;150.740
2026-05-08T12:46:54;q_learning_evaluation;level_2;4;5;ai;complete;13;13;0;0.002;150.740
2026-05-08T12:46:56;q_learning_preview;level_2;4;0;ai;complete;13;13;0;1.306;150.740
2026-05-08T12:46:57;q_learning_train;level_2;5;1;ai;complete;13;13;0;0.252;150.740
2026-05-08T12:46:57;q_learning_train;level_2;5;2;ai;complete;13;13;0;0.253;150.740
2026-05-08T12:46:57;q_learning_train;level_2;5;5;ai;complete;13;13;0;0.258;150.740
2026-05-08T12:46:57;q_learning_train;level_2;5;6;ai;complete;13;13;0;0.259;150.740
2026-05-08T12:46:57;q_learning_train;level_2;5;7;ai;complete;13;13;0;0.260;150.740
2026-05-08T12:46:57;q_learning_train;level_2;5;10;ai;complete;13;13;0;0.261;150.740
2026-05-08T12:46:57;q_learning_train;level_2;5;11;ai;complete;13;13;0;0.263;150.740
2026-05-08T12:46:57;q_learning_train;level_2;5;13;ai;complete;13;13;0;0.264;150.740
2026-05-08T12:46:57;q_learning_train;level_2;5;14;ai;complete;13;13;0;0.264;150.740
2026-05-08T12:46:57;q_learning_train;level_2;5;15;ai;complete;13;13;0;0.265;150.740
2026-05-08T12:46:57;q_learning_train;level_2;5;16;ai;complete;13;13;0;0.266;150.740
2026-05-08T12:46:57;q_learning_train;level_2;5;17;ai;complete;13;13;0;0.267;150.740
2026-05-08T12:46:57;q_learning_train;level_2;5;21;ai;complete;13;13;0;0.268;150.740
2026-05-08T12:46:57;q_learning_train;level_2;5;22;ai;complete;13;13;0;0.269;150.740
2026-05-08T12:46:57;q_learning_train;level_2;5;24;ai;complete;13;13;0;0.270;150.740
2026-05-08T12:46:57;q_learning_train;level_2;5;27;ai;complete;13;13;0;0.271;150.740
2026-05-08T12:46:57;q_learning_train;level_2;5;28;ai;complete;13;13;0;0.272;150.740
2026-05-08T12:46:57;q_learning_train;level_2;5;29;ai;complete;13;13;0;0.273;150.740
2026-05-08T12:46:57;q_learning_train;level_2;5;30;ai;complete;13;13;0;0.274;150.740
2026-05-08T12:46:57;q_learning_train;level_2;5;31;ai;complete;13;13;0;0.275;150.740
2026-05-08T12:46:57;q_learning_train;level_2;5;32;ai;complete;13;13;0;0.277;150.740
2026-05-08T12:46:57;q_learning_train;level_2;5;33;ai;complete;13;13;0;0.278;150.740
2026-05-08T12:46:57;q_learning_train;level_2;5;34;ai;complete;13;13;0;0.279;150.740
2026-05-08T12:46:57;q_learning_train;level_2;5;35;ai;complete;13;13;0;0.281;150.740
2026-05-08T12:46:57;q_learning_train;level_2;5;37;ai;complete;13;13;0;0.282;150.740
2026-05-08T12:46:57;q_learning_train;level_2;5;38;ai;complete;13;13;0;0.283;150.740
2026-05-08T12:46:57;q_learning_train;level_2;5;40;ai;complete;13;13;0;0.284;150.740
2026-05-08T12:46:57;q_learning_train;level_2;5;41;ai;complete;13;13;0;0.285;150.740
2026-05-08T12:46:57;q_learning_train;level_2;5;43;ai;complete;13;13;0;0.287;150.740
2026-05-08T12:46:57;q_learning_train;level_2;5;46;ai;complete;13;13;0;0.288;150.740
2026-05-08T12:46:57;q_learning_train;level_2;5;47;ai;complete;13;13;0;0.289;150.740
2026-05-08T12:46:57;q_learning_train;level_2;5;49;ai;complete;13;13;0;0.291;150.740
2026-05-08T12:46:57;q_learning_train;level_2;5;50;ai;complete;13;13;0;0.292;150.740
2026-05-08T12:46:57;q_learning_train;level_2;5;53;ai;complete;13;13;0;0.294;150.740
2026-05-08T12:46:57;q_learning_train;level_2;5;54;ai;complete;13;13;0;0.295;150.740
2026-05-08T12:46:57;q_learning_train;level_2;5;58;ai;complete;13;13;0;0.296;150.740
2026-05-08T12:46:57;q_learning_train;level_2;5;59;ai;complete;13;13;0;0.297;150.740
2026-05-08T12:46:57;q_learning_train;level_2;5;61;ai;complete;13;13;0;0.299;150.740
2026-05-08T12:46:57;q_learning_train;level_2;5;62;ai;complete;13;13;0;0.300;150.740
2026-05-08T12:46:57;q_learning_train;level_2;5;63;ai;complete;13;13;0;0.301;150.740
2026-05-08T12:46:57;q_learning_train;level_2;5;64;ai;complete;13;13;0;0.302;150.740
2026-05-08T12:46:57;q_learning_train;level_2;5;65;ai;complete;13;13;0;0.303;150.740
2026-05-08T12:46:57;q_learning_train;level_2;5;67;ai;complete;13;13;0;0.304;150.740
2026-05-08T12:46:57;q_learning_train;level_2;5;69;ai;complete;13;13;0;0.305;150.740
2026-05-08T12:46:57;q_learning_train;level_2;5;71;ai;complete;13;13;0;0.307;150.740
2026-05-08T12:46:57;q_learning_train;level_2;5;72;ai;complete;13;13;0;0.308;150.740
2026-05-08T12:46:57;q_learning_train;level_2;5;73;ai;complete;13;13;0;0.309;150.740
2026-05-08T12:46:57;q_learning_train;level_2;5;74;ai;complete;13;13;0;0.311;150.740
2026-05-08T12:46:57;q_learning_train;level_2;5;75;ai;complete;13;13;0;0.312;150.740
2026-05-08T12:46:57;q_learning_train;level_2;5;76;ai;complete;13;13;0;0.313;150.740
2026-05-08T12:46:57;q_learning_train;level_2;5;77;ai;complete;13;13;0;0.314;150.740
2026-05-08T12:46:57;q_learning_train;level_2;5;78;ai;complete;13;13;0;0.315;150.740
2026-05-08T12:46:57;q_learning_train;level_2;5;80;ai;complete;13;13;0;0.316;150.740
2026-05-08T12:46:57;q_learning_train;level_2;5;82;ai;complete;13;13;0;0.317;150.740
2026-05-08T12:46:57;q_learning_train;level_2;5;87;ai;complete;13;13;0;0.319;150.740
2026-05-08T12:46:57;q_learning_train;level_2;5;88;ai;complete;13;13;0;0.320;150.740
2026-05-08T12:46:57;q_learning_train;level_2;5;89;ai;complete;13;13;0;0.321;150.740
2026-05-08T12:46:57;q_learning_train;level_2;5;93;ai;complete;13;13;0;0.322;150.740
2026-05-08T12:46:57;q_learning_train;level_2;5;94;ai;complete;13;13;0;0.323;150.740
2026-05-08T12:46:57;q_learning_train;level_2;5;96;ai;complete;13;13;0;0.324;150.740
2026-05-08T12:46:57;q_learning_train;level_2;5;99;ai;complete;13;13;0;0.326;150.740
2026-05-08T12:46:57;q_learning_train;level_2;5;100;ai;complete;13;13;0;0.327;150.740
2026-05-08T12:46:57;q_learning_train;level_2;5;8;ai;complete;14;13;0;0.335;150.740
2026-05-08T12:46:57;q_learning_train;level_2;5;12;ai;complete;14;14;0;0.336;150.740
2026-05-08T12:46:57;q_learning_train;level_2;5;18;ai;complete;14;14;0;0.337;150.740
2026-05-08T12:46:57;q_learning_train;level_2;5;19;ai;complete;14;14;0;0.338;150.740
2026-05-08T12:46:57;q_learning_train;level_2;5;23;ai;complete;14;13;0;0.339;150.740
2026-05-08T12:46:57;q_learning_train;level_2;5;26;ai;complete;14;14;0;0.340;150.740
2026-05-08T12:46:57;q_learning_train;level_2;5;42;ai;complete;14;13;0;0.342;150.740
2026-05-08T12:46:57;q_learning_train;level_2;5;44;ai;complete;14;14;0;0.343;150.740
2026-05-08T12:46:57;q_learning_train;level_2;5;45;ai;complete;14;14;0;0.344;150.740
2026-05-08T12:46:57;q_learning_train;level_2;5;48;ai;complete;14;14;0;0.346;150.740
2026-05-08T12:46:57;q_learning_train;level_2;5;52;ai;complete;14;13;0;0.347;150.740
2026-05-08T12:46:57;q_learning_train;level_2;5;56;ai;complete;14;14;0;0.349;150.740
2026-05-08T12:46:57;q_learning_train;level_2;5;66;ai;complete;14;14;0;0.350;150.740
2026-05-08T12:46:57;q_learning_train;level_2;5;68;ai;complete;14;14;0;0.351;150.740
2026-05-08T12:46:57;q_learning_train;level_2;5;79;ai;complete;14;14;0;0.352;150.740
2026-05-08T12:46:57;q_learning_train;level_2;5;81;ai;complete;14;13;0;0.353;150.740
2026-05-08T12:46:57;q_learning_train;level_2;5;84;ai;complete;14;14;0;0.354;150.740
2026-05-08T12:46:57;q_learning_train;level_2;5;86;ai;complete;14;14;0;0.355;150.740
2026-05-08T12:46:57;q_learning_train;level_2;5;91;ai;complete;14;14;0;0.357;150.740
2026-05-08T12:46:57;q_learning_train;level_2;5;92;ai;complete;14;14;0;0.358;150.740
2026-05-08T12:46:57;q_learning_train;level_2;5;97;ai;complete;14;14;0;0.359;150.740
2026-05-08T12:46:57;q_learning_train;level_2;5;98;ai;complete;14;14;0;0.360;150.740
2026-05-08T12:46:57;q_learning_train;level_2;5;4;ai;complete;15;14;0;0.367;150.740
2026-05-08T12:46:57;q_learning_train;level_2;5;51;ai;complete;15;15;0;0.366;150.740
2026-05-08T12:46:57;q_learning_train;level_2;5;70;ai;complete;15;15;0;0.366;150.740
2026-05-08T12:46:57;q_learning_train;level_2;5;85;ai;complete;15;15;0;0.366;150.740
2026-05-08T12:46:57;q_learning_train;level_2;5;90;ai;complete;15;14;0;0.367;150.740
2026-05-08T12:46:57;q_learning_train;level_2;5;95;ai;complete;15;15;0;0.368;150.740
2026-05-08T12:46:57;q_learning_train;level_2;5;3;ai;complete;16;16;0;0.375;150.740
2026-05-08T12:46:57;q_learning_train;level_2;5;9;ai;complete;16;16;0;0.376;150.740
2026-05-08T12:46:57;q_learning_train;level_2;5;25;ai;complete;16;16;0;0.376;150.740
2026-05-08T12:46:57;q_learning_train;level_2;5;39;ai;complete;16;15;0;0.377;150.740
2026-05-08T12:46:57;q_learning_train;level_2;5;55;ai;complete;16;16;0;0.377;150.740
2026-05-08T12:46:57;q_learning_train;level_2;5;57;ai;complete;16;16;0;0.378;150.740
2026-05-08T12:46:57;q_learning_train;level_2;5;60;ai;complete;16;15;0;0.378;150.740
2026-05-08T12:46:57;q_learning_train;level_2;5;83;ai;complete;16;14;0;0.378;150.740
2026-05-08T12:46:57;q_learning_train;level_2;5;36;ai;complete;17;17;0;0.383;150.740
2026-05-08T12:46:57;q_learning_train;level_2;5;20;ai;complete;18;16;0;0.385;150.740
2026-05-08T12:46:57;q_learning_evaluation;level_2;5;1;ai;complete;13;13;0;0.002;150.740
2026-05-08T12:46:57;q_learning_evaluation;level_2;5;2;ai;complete;13;13;0;0.002;150.740
2026-05-08T12:46:57;q_learning_evaluation;level_2;5;3;ai;complete;13;13;0;0.002;150.740
2026-05-08T12:46:57;q_learning_evaluation;level_2;5;4;ai;complete;13;13;0;0.002;150.740
2026-05-08T12:46:57;q_learning_evaluation;level_2;5;5;ai;complete;13;13;0;0.002;150.740
2026-05-08T12:46:59;q_learning_preview;level_2;5;0;ai;complete;13;13;0;1.309;150.740
2026-05-08T12:47:05;q_learning_train;level_3;1;1;ai;timeout;300;265;0;5.820;-0.060
2026-05-08T12:47:05;q_learning_train;level_3;1;2;ai;timeout;300;280;0;5.821;0.690
2026-05-08T12:47:05;q_learning_train;level_3;1;3;ai;timeout;300;268;0;5.822;0.690
2026-05-08T12:47:05;q_learning_train;level_3;1;4;ai;timeout;300;271;0;5.823;0.690
2026-05-08T12:47:05;q_learning_train;level_3;1;5;ai;timeout;300;265;0;5.824;-0.060
2026-05-08T12:47:05;q_learning_train;level_3;1;6;ai;timeout;300;267;0;5.824;-0.060
2026-05-08T12:47:05;q_learning_train;level_3;1;7;ai;timeout;300;269;0;5.825;-0.060
2026-05-08T12:47:05;q_learning_train;level_3;1;8;ai;timeout;300;265;0;5.826;-0.060
2026-05-08T12:47:05;q_learning_train;level_3;1;9;ai;timeout;300;268;0;5.826;-0.810
2026-05-08T12:47:05;q_learning_train;level_3;1;10;ai;timeout;300;262;0;5.827;-0.060
2026-05-08T12:47:05;q_learning_train;level_3;1;11;ai;timeout;300;260;0;5.828;-0.810
2026-05-08T12:47:05;q_learning_train;level_3;1;12;ai;timeout;300;265;0;5.829;-0.060
2026-05-08T12:47:05;q_learning_train;level_3;1;13;ai;timeout;300;260;0;5.830;-0.060
2026-05-08T12:47:05;q_learning_train;level_3;1;14;ai;timeout;300;274;0;5.830;-0.060
2026-05-08T12:47:05;q_learning_train;level_3;1;15;ai;timeout;300;274;0;5.831;-0.810
2026-05-08T12:47:05;q_learning_train;level_3;1;16;ai;timeout;300;263;0;5.832;-0.810
2026-05-08T12:47:05;q_learning_train;level_3;1;17;ai;timeout;300;278;0;5.833;-0.060
2026-05-08T12:47:05;q_learning_train;level_3;1;18;ai;timeout;300;268;0;5.833;-0.060
2026-05-08T12:47:05;q_learning_train;level_3;1;19;ai;timeout;300;266;0;5.834;0.690
2026-05-08T12:47:05;q_learning_train;level_3;1;20;ai;timeout;300;266;0;5.835;-0.060
2026-05-08T12:47:05;q_learning_train;level_3;1;21;ai;timeout;300;278;0;5.836;-0.810
2026-05-08T12:47:05;q_learning_train;level_3;1;22;ai;timeout;300;265;0;5.837;0.690
2026-05-08T12:47:05;q_learning_train;level_3;1;23;ai;timeout;300;265;0;5.837;0.690
2026-05-08T12:47:05;q_learning_train;level_3;1;24;ai;timeout;300;269;0;5.838;-0.060
2026-05-08T12:47:05;q_learning_train;level_3;1;25;ai;timeout;300;233;0;5.839;-0.060
2026-05-08T12:47:05;q_learning_train;level_3;1;26;ai;timeout;300;266;0;5.839;-0.060
2026-05-08T12:47:05;q_learning_train;level_3;1;27;ai;timeout;300;269;0;5.840;-0.060
2026-05-08T12:47:05;q_learning_train;level_3;1;28;ai;timeout;300;269;0;5.840;-0.810
2026-05-08T12:47:05;q_learning_train;level_3;1;29;ai;timeout;300;277;0;5.841;0.690
2026-05-08T12:47:05;q_learning_train;level_3;1;30;ai;timeout;300;269;0;5.842;-0.060
2026-05-08T12:47:05;q_learning_train;level_3;1;31;ai;timeout;300;262;0;5.843;0.690
2026-05-08T12:47:05;q_learning_train;level_3;1;32;ai;timeout;300;263;0;5.843;-0.060
2026-05-08T12:47:05;q_learning_train;level_3;1;33;ai;timeout;300;275;0;5.844;-0.810
2026-05-08T12:47:05;q_learning_train;level_3;1;34;ai;timeout;300;273;0;5.845;-0.060
2026-05-08T12:47:05;q_learning_train;level_3;1;35;ai;timeout;300;263;0;5.845;0.690
2026-05-08T12:47:05;q_learning_train;level_3;1;36;ai;timeout;300;270;0;5.846;-0.060
2026-05-08T12:47:05;q_learning_train;level_3;1;37;ai;timeout;300;272;0;5.847;-0.810
2026-05-08T12:47:05;q_learning_train;level_3;1;38;ai;timeout;300;266;0;5.847;-0.060
2026-05-08T12:47:05;q_learning_train;level_3;1;39;ai;timeout;300;274;0;5.848;-0.060
2026-05-08T12:47:05;q_learning_train;level_3;1;40;ai;timeout;300;267;0;5.849;-0.060
2026-05-08T12:47:05;q_learning_train;level_3;1;41;ai;timeout;300;276;0;5.850;0.690
2026-05-08T12:47:05;q_learning_train;level_3;1;42;ai;timeout;300;264;0;5.851;-0.060
2026-05-08T12:47:05;q_learning_train;level_3;1;43;ai;timeout;300;273;0;5.851;-0.060
2026-05-08T12:47:05;q_learning_train;level_3;1;44;ai;timeout;300;268;0;5.852;-0.810
2026-05-08T12:47:05;q_learning_train;level_3;1;45;ai;timeout;300;265;0;5.853;0.690
2026-05-08T12:47:05;q_learning_train;level_3;1;46;ai;timeout;300;268;0;5.854;-0.060
2026-05-08T12:47:05;q_learning_train;level_3;1;47;ai;timeout;300;269;0;5.855;-0.060
2026-05-08T12:47:05;q_learning_train;level_3;1;48;ai;timeout;300;272;0;5.856;-0.060
2026-05-08T12:47:05;q_learning_train;level_3;1;49;ai;timeout;300;274;0;5.857;-0.060
2026-05-08T12:47:05;q_learning_train;level_3;1;50;ai;timeout;300;257;0;5.858;-0.060
2026-05-08T12:47:05;q_learning_train;level_3;1;51;ai;timeout;300;275;0;5.859;-0.060
2026-05-08T12:47:05;q_learning_train;level_3;1;52;ai;timeout;300;264;0;5.859;-0.060
2026-05-08T12:47:05;q_learning_train;level_3;1;53;ai;timeout;300;268;0;5.860;-0.060
2026-05-08T12:47:05;q_learning_train;level_3;1;54;ai;timeout;300;275;0;5.861;-0.060
2026-05-08T12:47:05;q_learning_train;level_3;1;55;ai;timeout;300;261;0;5.862;-0.060
2026-05-08T12:47:05;q_learning_train;level_3;1;56;ai;timeout;300;273;0;5.863;-0.060
2026-05-08T12:47:05;q_learning_train;level_3;1;57;ai;timeout;300;268;0;5.864;-0.810
2026-05-08T12:47:05;q_learning_train;level_3;1;58;ai;timeout;300;266;0;5.866;-0.060
2026-05-08T12:47:05;q_learning_train;level_3;1;59;ai;timeout;300;273;0;5.867;-0.810
2026-05-08T12:47:05;q_learning_train;level_3;1;60;ai;timeout;300;269;0;5.868;-0.060
2026-05-08T12:47:05;q_learning_train;level_3;1;61;ai;timeout;300;265;0;5.869;-0.060
2026-05-08T12:47:05;q_learning_train;level_3;1;62;ai;timeout;300;276;0;5.870;-0.060
2026-05-08T12:47:05;q_learning_train;level_3;1;63;ai;timeout;300;268;0;5.871;-0.810
2026-05-08T12:47:05;q_learning_train;level_3;1;64;ai;timeout;300;274;0;5.872;-0.810
2026-05-08T12:47:05;q_learning_train;level_3;1;65;ai;timeout;300;265;0;5.873;-0.060
2026-05-08T12:47:05;q_learning_train;level_3;1;66;ai;timeout;300;264;0;5.874;0.690
2026-05-08T12:47:05;q_learning_train;level_3;1;67;ai;timeout;300;274;0;5.875;-0.060
2026-05-08T12:47:05;q_learning_train;level_3;1;68;ai;timeout;300;260;0;5.877;-0.060
2026-05-08T12:47:05;q_learning_train;level_3;1;69;ai;timeout;300;259;0;5.878;-0.060
2026-05-08T12:47:05;q_learning_train;level_3;1;70;ai;timeout;300;267;0;5.879;0.690
2026-05-08T12:47:05;q_learning_train;level_3;1;71;ai;timeout;300;272;0;5.881;-0.060
2026-05-08T12:47:05;q_learning_train;level_3;1;72;ai;timeout;300;264;0;5.882;0.690
2026-05-08T12:47:05;q_learning_train;level_3;1;73;ai;timeout;300;261;0;5.883;-0.060
2026-05-08T12:47:05;q_learning_train;level_3;1;74;ai;timeout;300;269;0;5.884;-0.060
2026-05-08T12:47:05;q_learning_train;level_3;1;75;ai;timeout;300;271;0;5.886;-0.810
2026-05-08T12:47:05;q_learning_train;level_3;1;76;ai;timeout;300;270;0;5.887;0.690
2026-05-08T12:47:05;q_learning_train;level_3;1;77;ai;timeout;300;264;0;5.888;-0.060
2026-05-08T12:47:05;q_learning_train;level_3;1;78;ai;timeout;300;272;0;5.889;-0.060
2026-05-08T12:47:05;q_learning_train;level_3;1;79;ai;timeout;300;266;0;5.890;-0.060
2026-05-08T12:47:05;q_learning_train;level_3;1;80;ai;timeout;300;271;0;5.892;-0.060
2026-05-08T12:47:05;q_learning_train;level_3;1;81;ai;timeout;300;274;0;5.894;-0.810
2026-05-08T12:47:05;q_learning_train;level_3;1;82;ai;timeout;300;272;0;5.895;0.690
2026-05-08T12:47:05;q_learning_train;level_3;1;83;ai;timeout;300;267;0;5.897;-0.060
2026-05-08T12:47:05;q_learning_train;level_3;1;84;ai;timeout;300;260;0;5.898;0.690
2026-05-08T12:47:05;q_learning_train;level_3;1;85;ai;timeout;300;267;0;5.899;-0.060
2026-05-08T12:47:05;q_learning_train;level_3;1;86;ai;timeout;300;270;0;5.900;0.690
2026-05-08T12:47:05;q_learning_train;level_3;1;87;ai;timeout;300;268;0;5.902;-0.060
2026-05-08T12:47:05;q_learning_train;level_3;1;88;ai;timeout;300;261;0;5.903;-0.060
2026-05-08T12:47:05;q_learning_train;level_3;1;89;ai;timeout;300;266;0;5.904;-0.060
2026-05-08T12:47:05;q_learning_train;level_3;1;90;ai;timeout;300;266;0;5.905;-0.060
2026-05-08T12:47:05;q_learning_train;level_3;1;91;ai;timeout;300;267;0;5.906;0.690
2026-05-08T12:47:05;q_learning_train;level_3;1;92;ai;timeout;300;273;0;5.908;-0.060
2026-05-08T12:47:05;q_learning_train;level_3;1;93;ai;timeout;300;263;0;5.909;-0.060
2026-05-08T12:47:05;q_learning_train;level_3;1;94;ai;timeout;300;255;0;5.910;-0.060
2026-05-08T12:47:05;q_learning_train;level_3;1;95;ai;timeout;300;267;0;5.912;-0.060
2026-05-08T12:47:05;q_learning_train;level_3;1;96;ai;timeout;300;275;0;5.913;0.690
2026-05-08T12:47:05;q_learning_train;level_3;1;97;ai;timeout;300;275;0;5.914;-0.060
2026-05-08T12:47:05;q_learning_train;level_3;1;98;ai;timeout;300;273;0;5.915;-0.060
2026-05-08T12:47:05;q_learning_train;level_3;1;99;ai;timeout;300;264;0;5.917;-0.810
2026-05-08T12:47:05;q_learning_train;level_3;1;100;ai;timeout;300;265;0;5.917;-0.060
2026-05-08T12:47:05;q_learning_evaluation;level_3;1;1;ai;timeout;300;10;0;0.029;-0.060
2026-05-08T12:47:05;q_learning_evaluation;level_3;1;2;ai;timeout;300;10;0;0.029;-0.060
2026-05-08T12:47:05;q_learning_evaluation;level_3;1;3;ai;timeout;300;10;0;0.033;-0.060
2026-05-08T12:47:05;q_learning_evaluation;level_3;1;4;ai;timeout;300;10;0;0.045;-0.060
2026-05-08T12:47:05;q_learning_evaluation;level_3;1;5;ai;timeout;300;10;0;0.032;-0.060
2026-05-08T12:47:36;q_learning_preview;level_3;1;0;ai;timeout;300;10;0;30.175;-0.060
2026-05-08T12:47:43;q_learning_train;level_3;2;1;ai;timeout;300;275;0;7.064;-0.060
2026-05-08T12:47:43;q_learning_train;level_3;2;2;ai;timeout;300;270;0;7.065;0.690
2026-05-08T12:47:43;q_learning_train;level_3;2;3;ai;timeout;300;277;0;7.066;0.690
2026-05-08T12:47:43;q_learning_train;level_3;2;4;ai;timeout;300;281;0;7.067;-0.060
2026-05-08T12:47:43;q_learning_train;level_3;2;5;ai;timeout;300;278;0;7.068;-0.060
2026-05-08T12:47:43;q_learning_train;level_3;2;6;ai;timeout;300;275;0;7.069;0.690
2026-05-08T12:47:43;q_learning_train;level_3;2;7;ai;timeout;300;274;0;7.070;-0.810
2026-05-08T12:47:43;q_learning_train;level_3;2;8;ai;timeout;300;280;0;7.070;-0.810
2026-05-08T12:47:43;q_learning_train;level_3;2;9;ai;timeout;300;271;0;7.071;-0.810
2026-05-08T12:47:43;q_learning_train;level_3;2;10;ai;timeout;300;277;0;7.072;0.690
2026-05-08T12:47:43;q_learning_train;level_3;2;11;ai;timeout;300;283;0;7.072;-0.060
2026-05-08T12:47:43;q_learning_train;level_3;2;12;ai;timeout;300;282;0;7.073;-0.060
2026-05-08T12:47:43;q_learning_train;level_3;2;13;ai;timeout;300;273;0;7.074;-0.810
2026-05-08T12:47:43;q_learning_train;level_3;2;14;ai;timeout;300;278;0;7.075;0.690
2026-05-08T12:47:43;q_learning_train;level_3;2;15;ai;timeout;300;279;0;7.076;-0.060
2026-05-08T12:47:43;q_learning_train;level_3;2;16;ai;timeout;300;273;0;7.076;-0.060
2026-05-08T12:47:43;q_learning_train;level_3;2;17;ai;timeout;300;275;0;7.077;-0.810
2026-05-08T12:47:43;q_learning_train;level_3;2;18;ai;timeout;300;278;0;7.078;-0.060
2026-05-08T12:47:43;q_learning_train;level_3;2;19;ai;timeout;300;275;0;7.079;-0.810
2026-05-08T12:47:43;q_learning_train;level_3;2;20;ai;timeout;300;283;0;7.080;0.690
2026-05-08T12:47:43;q_learning_train;level_3;2;21;ai;timeout;300;274;0;7.081;-0.810
2026-05-08T12:47:43;q_learning_train;level_3;2;22;ai;timeout;300;276;0;7.082;0.690
2026-05-08T12:47:43;q_learning_train;level_3;2;23;ai;timeout;300;278;0;7.083;-0.060
2026-05-08T12:47:43;q_learning_train;level_3;2;24;ai;timeout;300;280;0;7.083;-0.810
2026-05-08T12:47:43;q_learning_train;level_3;2;25;ai;timeout;300;280;0;7.084;-0.060
2026-05-08T12:47:43;q_learning_train;level_3;2;26;ai;timeout;300;273;0;7.085;-0.060
2026-05-08T12:47:43;q_learning_train;level_3;2;27;ai;timeout;300;276;0;7.086;-0.060
2026-05-08T12:47:43;q_learning_train;level_3;2;28;ai;timeout;300;269;0;7.086;-0.060
2026-05-08T12:47:43;q_learning_train;level_3;2;29;ai;timeout;300;274;0;7.087;-0.810
2026-05-08T12:47:43;q_learning_train;level_3;2;30;ai;timeout;300;281;0;7.088;-0.060
2026-05-08T12:47:43;q_learning_train;level_3;2;31;ai;timeout;300;273;0;7.088;0.690
2026-05-08T12:47:43;q_learning_train;level_3;2;32;ai;timeout;300;278;0;7.090;-0.060
2026-05-08T12:47:43;q_learning_train;level_3;2;33;ai;timeout;300;273;0;7.091;0.690
2026-05-08T12:47:43;q_learning_train;level_3;2;34;ai;timeout;300;276;0;7.093;0.690
2026-05-08T12:47:43;q_learning_train;level_3;2;35;ai;timeout;300;276;0;7.094;-0.060
2026-05-08T12:47:43;q_learning_train;level_3;2;36;ai;timeout;300;276;0;7.094;-0.060
2026-05-08T12:47:43;q_learning_train;level_3;2;37;ai;timeout;300;273;0;7.095;-0.060
2026-05-08T12:47:43;q_learning_train;level_3;2;38;ai;timeout;300;279;0;7.096;-0.060
2026-05-08T12:47:43;q_learning_train;level_3;2;39;ai;timeout;300;279;0;7.097;0.690
2026-05-08T12:47:43;q_learning_train;level_3;2;40;ai;timeout;300;271;0;7.098;-0.060
2026-05-08T12:47:43;q_learning_train;level_3;2;41;ai;timeout;300;272;0;7.099;-0.060
2026-05-08T12:47:43;q_learning_train;level_3;2;42;ai;timeout;300;271;0;7.100;-0.060
2026-05-08T12:47:43;q_learning_train;level_3;2;43;ai;timeout;300;271;0;7.100;-0.060
2026-05-08T12:47:43;q_learning_train;level_3;2;44;ai;timeout;300;273;0;7.101;-0.060
2026-05-08T12:47:43;q_learning_train;level_3;2;45;ai;timeout;300;276;0;7.102;0.690
2026-05-08T12:47:43;q_learning_train;level_3;2;46;ai;timeout;300;285;0;7.103;-0.810
2026-05-08T12:47:43;q_learning_train;level_3;2;47;ai;timeout;300;275;0;7.103;-0.060
2026-05-08T12:47:43;q_learning_train;level_3;2;48;ai;timeout;300;279;0;7.104;-0.060
2026-05-08T12:47:43;q_learning_train;level_3;2;49;ai;timeout;300;274;0;7.105;-0.060
2026-05-08T12:47:43;q_learning_train;level_3;2;50;ai;timeout;300;273;0;7.106;-0.810
2026-05-08T12:47:43;q_learning_train;level_3;2;51;ai;timeout;300;281;0;7.107;-0.060
2026-05-08T12:47:43;q_learning_train;level_3;2;52;ai;timeout;300;275;0;7.108;0.690
2026-05-08T12:47:43;q_learning_train;level_3;2;53;ai;timeout;300;283;0;7.109;-0.060
2026-05-08T12:47:43;q_learning_train;level_3;2;54;ai;timeout;300;277;0;7.109;-0.810
2026-05-08T12:47:43;q_learning_train;level_3;2;55;ai;timeout;300;271;0;7.110;-0.060
2026-05-08T12:47:43;q_learning_train;level_3;2;56;ai;timeout;300;275;0;7.111;-0.060
2026-05-08T12:47:43;q_learning_train;level_3;2;57;ai;timeout;300;273;0;7.112;-0.060
2026-05-08T12:47:43;q_learning_train;level_3;2;58;ai;timeout;300;274;0;7.113;0.690
2026-05-08T12:47:43;q_learning_train;level_3;2;59;ai;timeout;300;278;0;7.114;-0.060
2026-05-08T12:47:43;q_learning_train;level_3;2;60;ai;timeout;300;279;0;7.115;0.690
2026-05-08T12:47:43;q_learning_train;level_3;2;61;ai;timeout;300;280;0;7.116;-0.060
2026-05-08T12:47:43;q_learning_train;level_3;2;62;ai;timeout;300;283;0;7.117;0.690
2026-05-08T12:47:43;q_learning_train;level_3;2;63;ai;timeout;300;275;0;7.117;-0.060
2026-05-08T12:47:43;q_learning_train;level_3;2;64;ai;timeout;300;273;0;7.119;-0.060
2026-05-08T12:47:43;q_learning_train;level_3;2;65;ai;timeout;300;266;0;7.119;-0.060
2026-05-08T12:47:43;q_learning_train;level_3;2;66;ai;timeout;300;278;0;7.120;-0.060
2026-05-08T12:47:43;q_learning_train;level_3;2;67;ai;timeout;300;275;0;7.121;-0.060
2026-05-08T12:47:43;q_learning_train;level_3;2;68;ai;timeout;300;269;0;7.122;-0.060
2026-05-08T12:47:43;q_learning_train;level_3;2;69;ai;timeout;300;281;0;7.123;-0.060
2026-05-08T12:47:43;q_learning_train;level_3;2;70;ai;timeout;300;275;0;7.123;-0.060
2026-05-08T12:47:43;q_learning_train;level_3;2;71;ai;timeout;300;276;0;7.124;-0.060
2026-05-08T12:47:43;q_learning_train;level_3;2;72;ai;timeout;300;275;0;7.125;-0.060
2026-05-08T12:47:43;q_learning_train;level_3;2;73;ai;timeout;300;280;0;7.126;0.690
2026-05-08T12:47:43;q_learning_train;level_3;2;74;ai;timeout;300;277;0;7.126;-0.060
2026-05-08T12:47:43;q_learning_train;level_3;2;75;ai;timeout;300;277;0;7.127;0.690
2026-05-08T12:47:43;q_learning_train;level_3;2;76;ai;timeout;300;278;0;7.128;-0.060
2026-05-08T12:47:43;q_learning_train;level_3;2;77;ai;timeout;300;272;0;7.129;-0.810
2026-05-08T12:47:43;q_learning_train;level_3;2;78;ai;timeout;300;277;0;7.130;-0.060
2026-05-08T12:47:43;q_learning_train;level_3;2;79;ai;timeout;300;277;0;7.131;-0.060
2026-05-08T12:47:43;q_learning_train;level_3;2;80;ai;timeout;300;276;0;7.132;-0.060
2026-05-08T12:47:43;q_learning_train;level_3;2;81;ai;timeout;300;269;0;7.133;-0.060
2026-05-08T12:47:43;q_learning_train;level_3;2;82;ai;timeout;300;281;0;7.134;-0.060
2026-05-08T12:47:43;q_learning_train;level_3;2;83;ai;timeout;300;276;0;7.135;0.690
2026-05-08T12:47:43;q_learning_train;level_3;2;84;ai;timeout;300;275;0;7.136;0.690
2026-05-08T12:47:43;q_learning_train;level_3;2;85;ai;timeout;300;284;0;7.137;-0.060
2026-05-08T12:47:43;q_learning_train;level_3;2;86;ai;timeout;300;279;0;7.138;-0.060
2026-05-08T12:47:43;q_learning_train;level_3;2;87;ai;timeout;300;277;0;7.139;-0.810
2026-05-08T12:47:43;q_learning_train;level_3;2;88;ai;timeout;300;282;0;7.140;0.690
2026-05-08T12:47:43;q_learning_train;level_3;2;89;ai;timeout;300;269;0;7.141;-0.060
2026-05-08T12:47:43;q_learning_train;level_3;2;90;ai;timeout;300;283;0;7.141;-0.810
2026-05-08T12:47:43;q_learning_train;level_3;2;91;ai;timeout;300;276;0;7.142;0.690
2026-05-08T12:47:43;q_learning_train;level_3;2;92;ai;timeout;300;275;0;7.144;0.690
2026-05-08T12:47:43;q_learning_train;level_3;2;93;ai;timeout;300;271;0;7.145;-0.060
2026-05-08T12:47:43;q_learning_train;level_3;2;94;ai;timeout;300;276;0;7.145;-0.060
2026-05-08T12:47:43;q_learning_train;level_3;2;95;ai;timeout;300;278;0;7.146;-0.060
2026-05-08T12:47:43;q_learning_train;level_3;2;96;ai;timeout;300;276;0;7.147;-0.060
2026-05-08T12:47:43;q_learning_train;level_3;2;97;ai;timeout;300;273;0;7.148;-0.060
2026-05-08T12:47:43;q_learning_train;level_3;2;98;ai;timeout;300;281;0;7.148;0.690
2026-05-08T12:47:43;q_learning_train;level_3;2;99;ai;timeout;300;280;0;7.149;-0.060
2026-05-08T12:47:43;q_learning_train;level_3;2;100;ai;timeout;300;265;0;7.150;-0.060
2026-05-08T12:47:43;q_learning_evaluation;level_3;2;1;ai;timeout;300;300;0;0.049;-0.060
2026-05-08T12:47:43;q_learning_evaluation;level_3;2;2;ai;timeout;300;300;0;0.049;-0.060
2026-05-08T12:47:43;q_learning_evaluation;level_3;2;3;ai;timeout;300;300;0;0.048;-0.060
2026-05-08T12:47:43;q_learning_evaluation;level_3;2;4;ai;timeout;300;300;0;0.048;-0.060
2026-05-08T12:47:43;q_learning_evaluation;level_3;2;5;ai;timeout;300;300;0;0.049;-0.060
2026-05-08T12:48:14;q_learning_preview;level_3;2;0;ai;timeout;300;300;0;30.196;-0.060
2026-05-08T12:48:20;q_learning_train;level_3;3;1;ai;timeout;300;255;0;6.013;0.690
2026-05-08T12:48:20;q_learning_train;level_3;3;2;ai;timeout;300;263;0;6.014;-0.760
2026-05-08T12:48:20;q_learning_train;level_3;3;3;ai;timeout;300;240;0;6.015;-0.060
2026-05-08T12:48:20;q_learning_train;level_3;3;4;ai;timeout;300;261;0;6.016;-0.060
2026-05-08T12:48:20;q_learning_train;level_3;3;5;ai;timeout;300;263;0;6.017;-0.060
2026-05-08T12:48:20;q_learning_train;level_3;3;6;ai;timeout;300;266;0;6.017;-0.810
2026-05-08T12:48:20;q_learning_train;level_3;3;7;ai;timeout;300;267;0;6.018;-0.060
2026-05-08T12:48:20;q_learning_train;level_3;3;8;ai;timeout;300;255;0;6.019;-0.060
2026-05-08T12:48:20;q_learning_train;level_3;3;9;ai;timeout;300;268;0;6.019;-0.060
2026-05-08T12:48:20;q_learning_train;level_3;3;10;ai;timeout;300;255;0;6.020;-0.810
2026-05-08T12:48:20;q_learning_train;level_3;3;11;ai;timeout;300;260;0;6.021;-0.060
2026-05-08T12:48:20;q_learning_train;level_3;3;12;ai;timeout;300;249;0;6.021;-0.060
2026-05-08T12:48:20;q_learning_train;level_3;3;13;ai;timeout;300;245;0;6.022;0.740
2026-05-08T12:48:20;q_learning_train;level_3;3;14;ai;timeout;300;264;0;6.022;-0.060
2026-05-08T12:48:20;q_learning_train;level_3;3;15;ai;timeout;300;263;0;6.023;0.690
2026-05-08T12:48:20;q_learning_train;level_3;3;16;ai;timeout;300;256;0;6.024;0.390
2026-05-08T12:48:20;q_learning_train;level_3;3;17;ai;timeout;300;269;0;6.024;-0.060
2026-05-08T12:48:20;q_learning_train;level_3;3;18;ai;timeout;300;264;0;6.025;0.690
2026-05-08T12:48:20;q_learning_train;level_3;3;19;ai;timeout;300;262;0;6.026;0.690
2026-05-08T12:48:20;q_learning_train;level_3;3;20;ai;timeout;300;259;0;6.027;0.690
2026-05-08T12:48:20;q_learning_train;level_3;3;21;ai;timeout;300;261;0;6.027;-0.060
2026-05-08T12:48:20;q_learning_train;level_3;3;22;ai;timeout;300;266;0;6.028;0.690
2026-05-08T12:48:20;q_learning_train;level_3;3;23;ai;timeout;300;251;0;6.029;0.690
2026-05-08T12:48:20;q_learning_train;level_3;3;24;ai;timeout;300;259;0;6.030;-0.060
2026-05-08T12:48:20;q_learning_train;level_3;3;25;ai;timeout;300;265;0;6.030;0.690
2026-05-08T12:48:20;q_learning_train;level_3;3;26;ai;timeout;300;269;0;6.031;-0.060
2026-05-08T12:48:20;q_learning_train;level_3;3;27;ai;timeout;300;260;0;6.032;0.690
2026-05-08T12:48:20;q_learning_train;level_3;3;28;ai;timeout;300;264;0;6.032;0.690
2026-05-08T12:48:20;q_learning_train;level_3;3;29;ai;timeout;300;254;0;6.034;0.690
2026-05-08T12:48:20;q_learning_train;level_3;3;30;ai;timeout;300;248;0;6.035;-0.060
2026-05-08T12:48:20;q_learning_train;level_3;3;31;ai;timeout;300;265;0;6.036;-0.060
2026-05-08T12:48:20;q_learning_train;level_3;3;32;ai;timeout;300;253;0;6.036;0.690
2026-05-08T12:48:20;q_learning_train;level_3;3;33;ai;timeout;300;253;0;6.038;0.690
2026-05-08T12:48:20;q_learning_train;level_3;3;34;ai;timeout;300;261;0;6.039;0.690
2026-05-08T12:48:20;q_learning_train;level_3;3;35;ai;timeout;300;259;0;6.040;-0.060
2026-05-08T12:48:20;q_learning_train;level_3;3;36;ai;timeout;300;266;0;6.040;-0.060
2026-05-08T12:48:20;q_learning_train;level_3;3;37;ai;timeout;300;271;0;6.041;0.690
2026-05-08T12:48:21;q_learning_train;level_3;3;38;ai;timeout;300;273;0;6.042;-0.060
2026-05-08T12:48:21;q_learning_train;level_3;3;39;ai;timeout;300;263;0;6.043;0.690
2026-05-08T12:48:21;q_learning_train;level_3;3;40;ai;timeout;300;254;0;6.044;-0.060
2026-05-08T12:48:21;q_learning_train;level_3;3;41;ai;timeout;300;265;0;6.044;0.690
2026-05-08T12:48:21;q_learning_train;level_3;3;42;ai;timeout;300;241;0;6.045;-0.060
2026-05-08T12:48:21;q_learning_train;level_3;3;43;ai;timeout;300;256;0;6.045;-0.060
2026-05-08T12:48:21;q_learning_train;level_3;3;44;ai;timeout;300;252;0;6.046;-0.060
2026-05-08T12:48:21;q_learning_train;level_3;3;45;ai;timeout;300;254;0;6.047;0.690
2026-05-08T12:48:21;q_learning_train;level_3;3;46;ai;timeout;300;255;0;6.047;-0.060
2026-05-08T12:48:21;q_learning_train;level_3;3;47;ai;timeout;300;273;0;6.048;0.690
2026-05-08T12:48:21;q_learning_train;level_3;3;48;ai;timeout;300;259;0;6.049;0.690
2026-05-08T12:48:21;q_learning_train;level_3;3;49;ai;timeout;300;255;0;6.050;0.690
2026-05-08T12:48:21;q_learning_train;level_3;3;50;ai;timeout;300;260;0;6.050;0.690
2026-05-08T12:48:21;q_learning_train;level_3;3;51;ai;timeout;300;263;0;6.051;0.690
2026-05-08T12:48:21;q_learning_train;level_3;3;52;ai;timeout;300;255;0;6.052;0.690
2026-05-08T12:48:21;q_learning_train;level_3;3;53;ai;timeout;300;250;0;6.052;0.690
2026-05-08T12:48:21;q_learning_train;level_3;3;54;ai;timeout;300;265;0;6.053;-0.060
2026-05-08T12:48:21;q_learning_train;level_3;3;55;ai;timeout;300;260;0;6.054;0.690
2026-05-08T12:48:21;q_learning_train;level_3;3;56;ai;timeout;300;257;0;6.054;0.690
2026-05-08T12:48:21;q_learning_train;level_3;3;57;ai;timeout;300;263;0;6.055;0.690
2026-05-08T12:48:21;q_learning_train;level_3;3;58;ai;timeout;300;259;0;6.056;-0.060
2026-05-08T12:48:21;q_learning_train;level_3;3;59;ai;timeout;300;255;0;6.057;-0.060
2026-05-08T12:48:21;q_learning_train;level_3;3;60;ai;timeout;300;255;0;6.057;-0.060
2026-05-08T12:48:21;q_learning_train;level_3;3;61;ai;timeout;300;264;0;6.058;-0.010
2026-05-08T12:48:21;q_learning_train;level_3;3;62;ai;timeout;300;256;0;6.059;0.690
2026-05-08T12:48:21;q_learning_train;level_3;3;63;ai;timeout;300;261;0;6.060;-0.060
2026-05-08T12:48:21;q_learning_train;level_3;3;64;ai;timeout;300;264;0;6.060;-0.010
2026-05-08T12:48:21;q_learning_train;level_3;3;65;ai;timeout;300;262;0;6.061;-0.060
2026-05-08T12:48:21;q_learning_train;level_3;3;66;ai;timeout;300;254;0;6.061;0.690
2026-05-08T12:48:21;q_learning_train;level_3;3;67;ai;timeout;300;269;0;6.062;0.690
2026-05-08T12:48:21;q_learning_train;level_3;3;68;ai;timeout;300;252;0;6.063;0.690
2026-05-08T12:48:21;q_learning_train;level_3;3;69;ai;timeout;300;259;0;6.064;-0.060
2026-05-08T12:48:21;q_learning_train;level_3;3;70;ai;timeout;300;260;0;6.064;0.690
2026-05-08T12:48:21;q_learning_train;level_3;3;71;ai;timeout;300;246;0;6.065;-0.060
2026-05-08T12:48:21;q_learning_train;level_3;3;72;ai;timeout;300;260;0;6.066;-0.060
2026-05-08T12:48:21;q_learning_train;level_3;3;73;ai;timeout;300;261;0;6.066;0.690
2026-05-08T12:48:21;q_learning_train;level_3;3;74;ai;timeout;300;268;0;6.067;0.690
2026-05-08T12:48:21;q_learning_train;level_3;3;75;ai;timeout;300;252;0;6.068;0.690
2026-05-08T12:48:21;q_learning_train;level_3;3;76;ai;timeout;300;265;0;6.068;0.690
2026-05-08T12:48:21;q_learning_train;level_3;3;77;ai;timeout;300;260;0;6.069;-0.060
2026-05-08T12:48:21;q_learning_train;level_3;3;78;ai;timeout;300;266;0;6.070;0.690
2026-05-08T12:48:21;q_learning_train;level_3;3;79;ai;timeout;300;258;0;6.071;0.690
2026-05-08T12:48:21;q_learning_train;level_3;3;80;ai;timeout;300;262;0;6.071;-0.060
2026-05-08T12:48:21;q_learning_train;level_3;3;81;ai;timeout;300;262;0;6.072;-0.060
2026-05-08T12:48:21;q_learning_train;level_3;3;82;ai;timeout;300;265;0;6.073;-0.060
2026-05-08T12:48:21;q_learning_train;level_3;3;83;ai;timeout;300;266;0;6.073;-0.010
2026-05-08T12:48:21;q_learning_train;level_3;3;84;ai;timeout;300;257;0;6.074;0.690
2026-05-08T12:48:21;q_learning_train;level_3;3;85;ai;timeout;300;263;0;6.075;0.690
2026-05-08T12:48:21;q_learning_train;level_3;3;86;ai;timeout;300;253;0;6.075;-0.060
2026-05-08T12:48:21;q_learning_train;level_3;3;87;ai;timeout;300;261;0;6.076;-0.060
2026-05-08T12:48:21;q_learning_train;level_3;3;88;ai;timeout;300;269;0;6.077;0.690
2026-05-08T12:48:21;q_learning_train;level_3;3;89;ai;timeout;300;245;0;6.078;-0.060
2026-05-08T12:48:21;q_learning_train;level_3;3;90;ai;timeout;300;253;0;6.079;-0.810
2026-05-08T12:48:21;q_learning_train;level_3;3;91;ai;timeout;300;262;0;6.080;0.690
2026-05-08T12:48:21;q_learning_train;level_3;3;92;ai;timeout;300;268;0;6.080;0.690
2026-05-08T12:48:21;q_learning_train;level_3;3;93;ai;timeout;300;262;0;6.081;-0.060
2026-05-08T12:48:21;q_learning_train;level_3;3;94;ai;timeout;300;260;0;6.081;-0.810
2026-05-08T12:48:21;q_learning_train;level_3;3;95;ai;timeout;300;251;0;6.082;-0.060
2026-05-08T12:48:21;q_learning_train;level_3;3;96;ai;timeout;300;260;0;6.083;-0.060
2026-05-08T12:48:21;q_learning_train;level_3;3;97;ai;timeout;300;255;0;6.084;-0.060
2026-05-08T12:48:21;q_learning_train;level_3;3;98;ai;timeout;300;261;0;6.085;0.690
2026-05-08T12:48:21;q_learning_train;level_3;3;99;ai;timeout;300;269;0;6.086;-0.810
2026-05-08T12:48:21;q_learning_train;level_3;3;100;ai;timeout;300;255;0;6.087;0.690
2026-05-08T12:48:21;q_learning_evaluation;level_3;3;1;ai;timeout;300;300;0;0.048;-0.060
2026-05-08T12:48:21;q_learning_evaluation;level_3;3;2;ai;timeout;300;300;0;0.048;-0.060
2026-05-08T12:48:21;q_learning_evaluation;level_3;3;3;ai;timeout;300;300;0;0.048;-0.060
2026-05-08T12:48:21;q_learning_evaluation;level_3;3;4;ai;timeout;300;300;0;0.048;-0.060
2026-05-08T12:48:21;q_learning_evaluation;level_3;3;5;ai;timeout;300;300;0;0.048;-0.060
2026-05-08T12:48:51;q_learning_preview;level_3;3;0;ai;timeout;300;300;0;30.175;-0.060
2026-05-08T12:48:57;q_learning_train;level_3;4;1;ai;timeout;300;254;0;5.332;-0.060
2026-05-08T12:48:57;q_learning_train;level_3;4;2;ai;timeout;300;235;0;5.333;-0.060
2026-05-08T12:48:57;q_learning_train;level_3;4;3;ai;timeout;300;247;0;5.334;-0.060
2026-05-08T12:48:57;q_learning_train;level_3;4;4;ai;timeout;300;242;0;5.335;-0.060
2026-05-08T12:48:57;q_learning_train;level_3;4;5;ai;timeout;300;243;0;5.336;-0.060
2026-05-08T12:48:57;q_learning_train;level_3;4;6;ai;timeout;300;209;0;5.336;-0.060
2026-05-08T12:48:57;q_learning_train;level_3;4;7;ai;timeout;300;236;0;5.337;-0.060
2026-05-08T12:48:57;q_learning_train;level_3;4;8;ai;timeout;300;234;0;5.337;-0.060
2026-05-08T12:48:57;q_learning_train;level_3;4;9;ai;timeout;300;225;0;5.338;-0.060
2026-05-08T12:48:57;q_learning_train;level_3;4;10;ai;timeout;300;216;0;5.339;-0.060
2026-05-08T12:48:57;q_learning_train;level_3;4;11;ai;timeout;300;234;0;5.339;-0.060
2026-05-08T12:48:57;q_learning_train;level_3;4;12;ai;timeout;300;241;0;5.340;-0.060
2026-05-08T12:48:57;q_learning_train;level_3;4;13;ai;timeout;300;244;0;5.341;-0.060
2026-05-08T12:48:57;q_learning_train;level_3;4;14;ai;timeout;300;214;0;5.341;-0.060
2026-05-08T12:48:57;q_learning_train;level_3;4;15;ai;timeout;300;242;0;5.342;-0.060
2026-05-08T12:48:57;q_learning_train;level_3;4;16;ai;timeout;300;251;0;5.343;-0.060
2026-05-08T12:48:57;q_learning_train;level_3;4;17;ai;timeout;300;255;0;5.343;-0.060
2026-05-08T12:48:57;q_learning_train;level_3;4;18;ai;timeout;300;208;0;5.344;-0.060
2026-05-08T12:48:57;q_learning_train;level_3;4;19;ai;timeout;300;231;0;5.345;-0.060
2026-05-08T12:48:57;q_learning_train;level_3;4;20;ai;timeout;300;202;0;5.345;-0.060
2026-05-08T12:48:57;q_learning_train;level_3;4;21;ai;timeout;300;224;0;5.346;-0.060
2026-05-08T12:48:57;q_learning_train;level_3;4;22;ai;timeout;300;231;0;5.347;-0.060
2026-05-08T12:48:57;q_learning_train;level_3;4;23;ai;timeout;300;241;0;5.348;-0.060
2026-05-08T12:48:57;q_learning_train;level_3;4;24;ai;timeout;300;226;0;5.348;-0.060
2026-05-08T12:48:57;q_learning_train;level_3;4;25;ai;timeout;300;218;0;5.349;-0.060
2026-05-08T12:48:57;q_learning_train;level_3;4;26;ai;timeout;300;233;0;5.350;-0.060
2026-05-08T12:48:57;q_learning_train;level_3;4;27;ai;timeout;300;223;0;5.351;-0.060
2026-05-08T12:48:57;q_learning_train;level_3;4;28;ai;timeout;300;235;0;5.352;-0.060
2026-05-08T12:48:57;q_learning_train;level_3;4;29;ai;timeout;300;244;0;5.352;-0.060
2026-05-08T12:48:57;q_learning_train;level_3;4;30;ai;timeout;300;244;0;5.353;-0.060
2026-05-08T12:48:57;q_learning_train;level_3;4;31;ai;timeout;300;256;0;5.354;-0.060
2026-05-08T12:48:57;q_learning_train;level_3;4;32;ai;timeout;300;228;0;5.355;-0.060
2026-05-08T12:48:57;q_learning_train;level_3;4;33;ai;timeout;300;263;0;5.377;-0.060
2026-05-08T12:48:57;q_learning_train;level_3;4;34;ai;timeout;300;243;0;5.378;-0.810
2026-05-08T12:48:57;q_learning_train;level_3;4;35;ai;timeout;300;236;0;5.379;-0.060
2026-05-08T12:48:57;q_learning_train;level_3;4;36;ai;timeout;300;222;0;5.380;-0.060
2026-05-08T12:48:57;q_learning_train;level_3;4;37;ai;timeout;300;265;0;5.380;-0.060
2026-05-08T12:48:57;q_learning_train;level_3;4;38;ai;timeout;300;224;0;5.381;-0.060
2026-05-08T12:48:57;q_learning_train;level_3;4;39;ai;timeout;300;252;0;5.381;-0.060
2026-05-08T12:48:57;q_learning_train;level_3;4;40;ai;timeout;300;223;0;5.382;-0.060
2026-05-08T12:48:57;q_learning_train;level_3;4;41;ai;timeout;300;252;0;5.383;-0.060
2026-05-08T12:48:57;q_learning_train;level_3;4;42;ai;timeout;300;222;0;5.383;-0.060
2026-05-08T12:48:57;q_learning_train;level_3;4;43;ai;timeout;300;198;0;5.384;-0.060
2026-05-08T12:48:57;q_learning_train;level_3;4;44;ai;timeout;300;238;0;5.384;-0.060
2026-05-08T12:48:57;q_learning_train;level_3;4;45;ai;timeout;300;228;0;5.385;-0.060
2026-05-08T12:48:57;q_learning_train;level_3;4;46;ai;timeout;300;213;0;5.386;-0.060
2026-05-08T12:48:57;q_learning_train;level_3;4;47;ai;timeout;300;225;0;5.386;-0.060
2026-05-08T12:48:57;q_learning_train;level_3;4;48;ai;timeout;300;218;0;5.387;-0.060
2026-05-08T12:48:57;q_learning_train;level_3;4;49;ai;timeout;300;210;0;5.387;-0.060
2026-05-08T12:48:57;q_learning_train;level_3;4;50;ai;timeout;300;240;0;5.388;-0.060
2026-05-08T12:48:57;q_learning_train;level_3;4;51;ai;timeout;300;214;0;5.389;-0.060
2026-05-08T12:48:57;q_learning_train;level_3;4;52;ai;timeout;300;248;0;5.389;-0.060
2026-05-08T12:48:57;q_learning_train;level_3;4;53;ai;timeout;300;219;0;5.390;-0.060
2026-05-08T12:48:57;q_learning_train;level_3;4;54;ai;timeout;300;236;0;5.390;-0.060
2026-05-08T12:48:57;q_learning_train;level_3;4;55;ai;timeout;300;225;0;5.391;-0.060
2026-05-08T12:48:57;q_learning_train;level_3;4;56;ai;timeout;300;266;0;5.392;-0.060
2026-05-08T12:48:57;q_learning_train;level_3;4;57;ai;timeout;300;233;0;5.392;-0.060
2026-05-08T12:48:57;q_learning_train;level_3;4;58;ai;timeout;300;243;0;5.393;-0.060
2026-05-08T12:48:57;q_learning_train;level_3;4;59;ai;timeout;300;210;0;5.394;-0.060
2026-05-08T12:48:57;q_learning_train;level_3;4;60;ai;timeout;300;219;0;5.395;0.690
2026-05-08T12:48:57;q_learning_train;level_3;4;61;ai;timeout;300;248;0;5.395;0.690
2026-05-08T12:48:57;q_learning_train;level_3;4;62;ai;timeout;300;229;0;5.396;-0.060
2026-05-08T12:48:57;q_learning_train;level_3;4;63;ai;timeout;300;229;0;5.396;-0.060
2026-05-08T12:48:57;q_learning_train;level_3;4;64;ai;timeout;300;250;0;5.397;0.690
2026-05-08T12:48:57;q_learning_train;level_3;4;65;ai;timeout;300;203;0;5.397;-0.060
2026-05-08T12:48:57;q_learning_train;level_3;4;66;ai;timeout;300;235;0;5.398;-0.060
2026-05-08T12:48:57;q_learning_train;level_3;4;67;ai;timeout;300;233;0;5.398;-0.060
2026-05-08T12:48:57;q_learning_train;level_3;4;68;ai;timeout;300;216;0;5.399;-0.810
2026-05-08T12:48:57;q_learning_train;level_3;4;69;ai;timeout;300;227;0;5.400;-0.060
2026-05-08T12:48:57;q_learning_train;level_3;4;70;ai;timeout;300;228;0;5.400;-0.060
2026-05-08T12:48:57;q_learning_train;level_3;4;71;ai;timeout;300;229;0;5.401;-0.060
2026-05-08T12:48:57;q_learning_train;level_3;4;72;ai;timeout;300;227;0;5.401;-0.060
2026-05-08T12:48:57;q_learning_train;level_3;4;73;ai;timeout;300;235;0;5.402;0.690
2026-05-08T12:48:57;q_learning_train;level_3;4;74;ai;timeout;300;225;0;5.402;-0.060
2026-05-08T12:48:57;q_learning_train;level_3;4;75;ai;timeout;300;229;0;5.403;-0.060
2026-05-08T12:48:57;q_learning_train;level_3;4;76;ai;timeout;300;221;0;5.403;-0.060
2026-05-08T12:48:57;q_learning_train;level_3;4;77;ai;timeout;300;223;0;5.404;-0.060
2026-05-08T12:48:57;q_learning_train;level_3;4;78;ai;timeout;300;259;0;5.405;0.690
2026-05-08T12:48:57;q_learning_train;level_3;4;79;ai;timeout;300;229;0;5.406;-0.060
2026-05-08T12:48:57;q_learning_train;level_3;4;80;ai;timeout;300;226;0;5.407;-0.060
2026-05-08T12:48:57;q_learning_train;level_3;4;81;ai;timeout;300;206;0;5.408;-0.060
2026-05-08T12:48:57;q_learning_train;level_3;4;82;ai;timeout;300;242;0;5.409;0.690
2026-05-08T12:48:57;q_learning_train;level_3;4;83;ai;timeout;300;203;0;5.409;-0.060
2026-05-08T12:48:57;q_learning_train;level_3;4;84;ai;timeout;300;248;0;5.410;-0.060
2026-05-08T12:48:57;q_learning_train;level_3;4;85;ai;timeout;300;222;0;5.411;-0.060
2026-05-08T12:48:57;q_learning_train;level_3;4;86;ai;timeout;300;266;0;5.411;-0.060
2026-05-08T12:48:57;q_learning_train;level_3;4;87;ai;timeout;300;218;0;5.412;-0.060
2026-05-08T12:48:57;q_learning_train;level_3;4;88;ai;timeout;300;252;0;5.412;-0.060
2026-05-08T12:48:57;q_learning_train;level_3;4;89;ai;timeout;300;198;0;5.413;-0.060
2026-05-08T12:48:57;q_learning_train;level_3;4;90;ai;timeout;300;231;0;5.414;-0.060
2026-05-08T12:48:57;q_learning_train;level_3;4;91;ai;timeout;300;207;0;5.415;-0.810
2026-05-08T12:48:57;q_learning_train;level_3;4;92;ai;timeout;300;224;0;5.416;-0.060
2026-05-08T12:48:57;q_learning_train;level_3;4;93;ai;timeout;300;255;0;5.417;-0.060
2026-05-08T12:48:57;q_learning_train;level_3;4;94;ai;timeout;300;235;0;5.417;-0.060
2026-05-08T12:48:57;q_learning_train;level_3;4;95;ai;timeout;300;215;0;5.418;-0.060
2026-05-08T12:48:57;q_learning_train;level_3;4;96;ai;timeout;300;229;0;5.418;-0.060
2026-05-08T12:48:57;q_learning_train;level_3;4;97;ai;timeout;300;226;0;5.419;-0.060
2026-05-08T12:48:57;q_learning_train;level_3;4;98;ai;timeout;300;240;0;5.420;-0.060
2026-05-08T12:48:57;q_learning_train;level_3;4;99;ai;timeout;300;211;0;5.421;-0.060
2026-05-08T12:48:57;q_learning_train;level_3;4;100;ai;timeout;300;215;0;5.422;-0.060
2026-05-08T12:48:57;q_learning_evaluation;level_3;4;1;ai;timeout;300;300;0;0.032;-0.060
2026-05-08T12:48:57;q_learning_evaluation;level_3;4;2;ai;timeout;300;300;0;0.031;-0.060
2026-05-08T12:48:57;q_learning_evaluation;level_3;4;3;ai;timeout;300;300;0;0.031;-0.060
2026-05-08T12:48:57;q_learning_evaluation;level_3;4;4;ai;timeout;300;300;0;0.031;-0.060
2026-05-08T12:48:57;q_learning_evaluation;level_3;4;5;ai;timeout;300;300;0;0.031;-0.060
2026-05-08T12:49:28;q_learning_preview;level_3;4;0;ai;timeout;300;300;0;30.179;-0.060
2026-05-08T12:49:33;q_learning_train;level_3;5;1;ai;timeout;300;240;0;5.343;-0.060
2026-05-08T12:49:33;q_learning_train;level_3;5;2;ai;timeout;300;240;0;5.344;-0.060
2026-05-08T12:49:33;q_learning_train;level_3;5;3;ai;timeout;300;227;0;5.345;-0.060
2026-05-08T12:49:33;q_learning_train;level_3;5;4;ai;timeout;300;189;0;5.345;-0.060
2026-05-08T12:49:33;q_learning_train;level_3;5;5;ai;timeout;300;175;0;5.346;-0.060
2026-05-08T12:49:33;q_learning_train;level_3;5;6;ai;timeout;300;239;0;5.346;-0.060
2026-05-08T12:49:33;q_learning_train;level_3;5;7;ai;timeout;300;223;0;5.347;-0.060
2026-05-08T12:49:33;q_learning_train;level_3;5;8;ai;timeout;300;193;0;5.347;-0.060
2026-05-08T12:49:33;q_learning_train;level_3;5;9;ai;timeout;300;231;0;5.348;-0.060
2026-05-08T12:49:33;q_learning_train;level_3;5;10;ai;timeout;300;210;0;5.349;-0.810
2026-05-08T12:49:33;q_learning_train;level_3;5;11;ai;timeout;300;245;0;5.350;-0.060
2026-05-08T12:49:33;q_learning_train;level_3;5;12;ai;timeout;300;234;0;5.350;-0.060
2026-05-08T12:49:33;q_learning_train;level_3;5;13;ai;timeout;300;183;0;5.351;-0.060
2026-05-08T12:49:33;q_learning_train;level_3;5;14;ai;timeout;300;148;0;5.352;-0.060
2026-05-08T12:49:33;q_learning_train;level_3;5;15;ai;timeout;300;199;0;5.353;-0.060
2026-05-08T12:49:33;q_learning_train;level_3;5;16;ai;timeout;300;232;0;5.354;-0.060
2026-05-08T12:49:33;q_learning_train;level_3;5;17;ai;timeout;300;232;0;5.354;-0.060
2026-05-08T12:49:33;q_learning_train;level_3;5;18;ai;timeout;300;202;0;5.355;-0.060
2026-05-08T12:49:33;q_learning_train;level_3;5;19;ai;timeout;300;222;0;5.356;-0.060
2026-05-08T12:49:33;q_learning_train;level_3;5;20;ai;timeout;300;230;0;5.356;-0.060
2026-05-08T12:49:33;q_learning_train;level_3;5;21;ai;timeout;300;226;0;5.357;-0.060
2026-05-08T12:49:33;q_learning_train;level_3;5;22;ai;timeout;300;183;0;5.358;-0.060
2026-05-08T12:49:33;q_learning_train;level_3;5;23;ai;timeout;300;233;0;5.359;-0.060
2026-05-08T12:49:33;q_learning_train;level_3;5;24;ai;timeout;300;212;0;5.360;-0.060
2026-05-08T12:49:33;q_learning_train;level_3;5;25;ai;timeout;300;217;0;5.361;-0.060
2026-05-08T12:49:33;q_learning_train;level_3;5;26;ai;timeout;300;251;0;5.362;-0.060
2026-05-08T12:49:33;q_learning_train;level_3;5;27;ai;timeout;300;213;0;5.362;-0.060
2026-05-08T12:49:33;q_learning_train;level_3;5;28;ai;timeout;300;235;0;5.363;-0.060
2026-05-08T12:49:33;q_learning_train;level_3;5;29;ai;timeout;300;198;0;5.364;-0.060
2026-05-08T12:49:33;q_learning_train;level_3;5;30;ai;timeout;300;235;0;5.365;-0.060
2026-05-08T12:49:33;q_learning_train;level_3;5;31;ai;timeout;300;230;0;5.366;-0.060
2026-05-08T12:49:33;q_learning_train;level_3;5;32;ai;timeout;300;220;0;5.366;-0.060
2026-05-08T12:49:33;q_learning_train;level_3;5;33;ai;timeout;300;228;0;5.367;-0.060
2026-05-08T12:49:33;q_learning_train;level_3;5;34;ai;timeout;300;226;0;5.368;-0.060
2026-05-08T12:49:33;q_learning_train;level_3;5;35;ai;timeout;300;225;0;5.368;-0.060
2026-05-08T12:49:33;q_learning_train;level_3;5;36;ai;timeout;300;237;0;5.369;-0.060
2026-05-08T12:49:33;q_learning_train;level_3;5;37;ai;timeout;300;201;0;5.370;-0.060
2026-05-08T12:49:33;q_learning_train;level_3;5;38;ai;timeout;300;233;0;5.371;-0.060
2026-05-08T12:49:33;q_learning_train;level_3;5;39;ai;timeout;300;221;0;5.372;-0.060
2026-05-08T12:49:33;q_learning_train;level_3;5;40;ai;timeout;300;227;0;5.373;0.690
2026-05-08T12:49:33;q_learning_train;level_3;5;41;ai;timeout;300;234;0;5.373;-0.060
2026-05-08T12:49:33;q_learning_train;level_3;5;42;ai;timeout;300;203;0;5.374;-0.060
2026-05-08T12:49:33;q_learning_train;level_3;5;43;ai;timeout;300;226;0;5.375;-0.060
2026-05-08T12:49:33;q_learning_train;level_3;5;44;ai;timeout;300;220;0;5.376;-0.060
2026-05-08T12:49:33;q_learning_train;level_3;5;45;ai;timeout;300;147;0;5.376;-0.060
2026-05-08T12:49:33;q_learning_train;level_3;5;46;ai;timeout;300;236;0;5.377;-0.060
2026-05-08T12:49:33;q_learning_train;level_3;5;47;ai;timeout;300;214;0;5.378;-0.060
2026-05-08T12:49:33;q_learning_train;level_3;5;48;ai;timeout;300;193;0;5.379;-0.060
2026-05-08T12:49:33;q_learning_train;level_3;5;49;ai;timeout;300;213;0;5.380;-0.060
2026-05-08T12:49:33;q_learning_train;level_3;5;50;ai;timeout;300;241;0;5.381;-0.060
2026-05-08T12:49:33;q_learning_train;level_3;5;51;ai;timeout;300;218;0;5.382;-0.060
2026-05-08T12:49:33;q_learning_train;level_3;5;52;ai;timeout;300;222;0;5.384;-0.060
2026-05-08T12:49:33;q_learning_train;level_3;5;53;ai;timeout;300;235;0;5.385;-0.060
2026-05-08T12:49:33;q_learning_train;level_3;5;54;ai;timeout;300;202;0;5.386;-0.060
2026-05-08T12:49:33;q_learning_train;level_3;5;55;ai;timeout;300;176;0;5.387;-0.060
2026-05-08T12:49:33;q_learning_train;level_3;5;56;ai;timeout;300;228;0;5.388;-0.060
2026-05-08T12:49:33;q_learning_train;level_3;5;57;ai;timeout;300;225;0;5.389;-0.060
2026-05-08T12:49:33;q_learning_train;level_3;5;58;ai;timeout;300;213;0;5.390;-0.060
2026-05-08T12:49:33;q_learning_train;level_3;5;59;ai;timeout;300;228;0;5.391;-0.060
2026-05-08T12:49:33;q_learning_train;level_3;5;60;ai;timeout;300;197;0;5.392;-0.060
2026-05-08T12:49:33;q_learning_train;level_3;5;61;ai;timeout;300;234;0;5.393;-0.060
2026-05-08T12:49:33;q_learning_train;level_3;5;62;ai;timeout;300;222;0;5.393;-0.060
2026-05-08T12:49:33;q_learning_train;level_3;5;63;ai;timeout;300;226;0;5.394;0.690
2026-05-08T12:49:33;q_learning_train;level_3;5;64;ai;timeout;300;197;0;5.395;-0.060
2026-05-08T12:49:33;q_learning_train;level_3;5;65;ai;timeout;300;225;0;5.396;-0.060
2026-05-08T12:49:33;q_learning_train;level_3;5;66;ai;timeout;300;228;0;5.397;-0.060
2026-05-08T12:49:33;q_learning_train;level_3;5;67;ai;timeout;300;231;0;5.398;-0.060
2026-05-08T12:49:33;q_learning_train;level_3;5;68;ai;timeout;300;190;0;5.399;-0.060
2026-05-08T12:49:33;q_learning_train;level_3;5;69;ai;timeout;300;220;0;5.400;-0.060
2026-05-08T12:49:33;q_learning_train;level_3;5;70;ai;timeout;300;242;0;5.400;-0.060
2026-05-08T12:49:33;q_learning_train;level_3;5;71;ai;timeout;300;193;0;5.401;-0.060
2026-05-08T12:49:33;q_learning_train;level_3;5;72;ai;timeout;300;221;0;5.402;-0.060
2026-05-08T12:49:33;q_learning_train;level_3;5;73;ai;timeout;300;219;0;5.403;-0.060
2026-05-08T12:49:33;q_learning_train;level_3;5;74;ai;timeout;300;240;0;5.404;-0.060
2026-05-08T12:49:33;q_learning_train;level_3;5;75;ai;timeout;300;221;0;5.405;-0.060
2026-05-08T12:49:33;q_learning_train;level_3;5;76;ai;timeout;300;234;0;5.405;-0.060
2026-05-08T12:49:33;q_learning_train;level_3;5;77;ai;timeout;300;227;0;5.406;-0.060
2026-05-08T12:49:33;q_learning_train;level_3;5;78;ai;timeout;300;210;0;5.407;-0.060
2026-05-08T12:49:33;q_learning_train;level_3;5;79;ai;timeout;300;245;0;5.408;-0.060
2026-05-08T12:49:33;q_learning_train;level_3;5;80;ai;timeout;300;233;0;5.409;-0.060
2026-05-08T12:49:33;q_learning_train;level_3;5;81;ai;timeout;300;217;0;5.409;-0.060
2026-05-08T12:49:33;q_learning_train;level_3;5;82;ai;timeout;300;221;0;5.410;-0.060
2026-05-08T12:49:33;q_learning_train;level_3;5;83;ai;timeout;300;182;0;5.411;-0.060
2026-05-08T12:49:33;q_learning_train;level_3;5;84;ai;timeout;300;188;0;5.412;-0.060
2026-05-08T12:49:33;q_learning_train;level_3;5;85;ai;timeout;300;233;0;5.413;-0.060
2026-05-08T12:49:33;q_learning_train;level_3;5;86;ai;timeout;300;215;0;5.414;-0.060
2026-05-08T12:49:33;q_learning_train;level_3;5;87;ai;timeout;300;236;0;5.415;-0.060
2026-05-08T12:49:33;q_learning_train;level_3;5;88;ai;timeout;300;232;0;5.416;-0.060
2026-05-08T12:49:33;q_learning_train;level_3;5;89;ai;timeout;300;205;0;5.418;-0.060
2026-05-08T12:49:33;q_learning_train;level_3;5;90;ai;timeout;300;170;0;5.419;-0.060
2026-05-08T12:49:33;q_learning_train;level_3;5;91;ai;timeout;300;237;0;5.420;-0.060
2026-05-08T12:49:33;q_learning_train;level_3;5;92;ai;timeout;300;226;0;5.421;-0.060
2026-05-08T12:49:33;q_learning_train;level_3;5;93;ai;timeout;300;217;0;5.422;-0.060
2026-05-08T12:49:33;q_learning_train;level_3;5;94;ai;timeout;300;233;0;5.423;-0.060
2026-05-08T12:49:33;q_learning_train;level_3;5;95;ai;timeout;300;202;0;5.423;-0.060
2026-05-08T12:49:33;q_learning_train;level_3;5;96;ai;timeout;300;219;0;5.424;-0.060
2026-05-08T12:49:33;q_learning_train;level_3;5;97;ai;timeout;300;237;0;5.425;-0.060
2026-05-08T12:49:33;q_learning_train;level_3;5;98;ai;timeout;300;223;0;5.426;-0.060
2026-05-08T12:49:33;q_learning_train;level_3;5;99;ai;timeout;300;238;0;5.427;-0.060
2026-05-08T12:49:33;q_learning_train;level_3;5;100;ai;timeout;300;209;0;5.428;-0.060
2026-05-08T12:49:34;q_learning_evaluation;level_3;5;1;ai;timeout;300;0;0;0.030;-0.060
2026-05-08T12:49:34;q_learning_evaluation;level_3;5;2;ai;timeout;300;0;0;0.030;-0.060
2026-05-08T12:49:34;q_learning_evaluation;level_3;5;3;ai;timeout;300;0;0;0.030;-0.060
2026-05-08T12:49:34;q_learning_evaluation;level_3;5;4;ai;timeout;300;0;0;0.032;-0.060
2026-05-08T12:49:34;q_learning_evaluation;level_3;5;5;ai;timeout;300;0;0;0.030;-0.060
2026-05-08T13:30:18;human;level_1;;;Bob;complete;64;26;0;6.449;147.615
2026-05-08T13:31:17;human;level_1;;;Bob;complete;24;13;0;2.418;150.740
2026-05-08T13:31:23;human;level_2;;;Bob;complete;27;13;0;5.653;150.740
2026-05-08T13:31:38;human;level_3;;;Bob;complete;89;29;0;14.611;141.470
2026-05-12T19:39:30;human;level_1;;;Bob;complete;22;13;0;2.218;150.740
2026-05-12T19:39:35;human;level_2;;;Bob;complete;13;13;0;4.166;150.740
2026-05-12T19:39:45;human;level_3;;;Bob;complete;51;27;0;9.237;150.740
2026-05-12T19:43:46;human;level_1;;;Artur Tadeusz Felix Mazurkiewicz;complete;24;13;0;2.414;150.740
2026-05-12T19:43:52;human;level_2;;;Artur Tadeusz Felix Mazurkiewicz;complete;22;13;0;5.152;150.740
2026-05-12T19:44:03;human;level_3;;;Artur Tadeusz Felix Mazurkiewicz;complete;50;27;0;10.182;150.740
2026-05-12T19:44:33;human;level_4;;;Artur Tadeusz Felix Mazurkiewicz;complete;201;95;1;30.414;122.442
2026-05-12T19:45:07;human;level_5;;;Artur Tadeusz Felix Mazurkiewicz;complete;29;11;0;33.344;150.740
2026-05-12T19:48:04;human;level_1;;;Artur Tadeusz Felix Mazurkiewicz;complete;24;13;0;2.418;150.740
2026-05-12T19:48:09;human;level_2;;;Artur Tadeusz Felix Mazurkiewicz;complete;18;13;0;4.629;150.740
2026-05-12T19:48:21;human;level_3;;;Artur Tadeusz Felix Mazurkiewicz;complete;64;29;0;11.054;147.615
2026-05-12T19:48:36;human;level_4;;;Artur Tadeusz Felix Mazurkiewicz;complete;38;16;0;14.873;150.740
2026-05-12T19:48:53;human;level_5;;;Artur Tadeusz Felix Mazurkiewicz;complete;11;11;0;15.971;150.740
2026-05-12T19:49:02;human;level_1;;;Artur Tadeusz Felix Mazurkiewicz;complete;20;13;0;2.021;150.740
2026-05-12T19:49:06;human;level_2;;;Artur Tadeusz Felix Mazurkiewicz;complete;13;13;0;3.761;150.740
2026-05-12T19:49:15;human;level_3;;;Artur Tadeusz Felix Mazurkiewicz;complete;45;31;0;8.197;150.740
2026-05-12T19:49:27;human;level_4;;;Artur Tadeusz Felix Mazurkiewicz;complete;34;17;0;11.633;150.740
2026-05-12T19:49:41;human;level_5;;;Artur Tadeusz Felix Mazurkiewicz;complete;11;11;0;12.722;150.740
2026-05-12T19:49:47;human;level_1;;;Artur Tadeusz Felix Mazurkiewicz;complete;20;13;0;2.014;150.740
2026-05-12T19:49:51;human;level_2;;;Artur Tadeusz Felix Mazurkiewicz;complete;13;13;0;3.370;150.740
2026-05-12T19:49:59;human;level_3;;;Artur Tadeusz Felix Mazurkiewicz;complete;41;32;0;7.480;150.740
2026-05-12T19:50:09;human;level_4;;;Artur Tadeusz Felix Mazurkiewicz;complete;23;17;0;9.803;150.740
2026-05-12T19:50:20;human;level_5;;;Artur Tadeusz Felix Mazurkiewicz;complete;11;11;0;10.917;150.740
2026-05-12T19:50:26;human;level_1;;;Artur Tadeusz Felix Mazurkiewicz;complete;18;13;0;1.826;150.740
2026-05-12T19:50:30;human;level_2;;;Artur Tadeusz Felix Mazurkiewicz;complete;13;13;0;3.198;150.740
2026-05-12T19:50:39;human;level_3;;;Artur Tadeusz Felix Mazurkiewicz;complete;52;28;0;8.376;150.740
2026-05-12T19:50:50;human;level_4;;;Artur Tadeusz Felix Mazurkiewicz;complete;21;16;0;10.514;150.740
2026-05-12T19:51:02;human;level_5;;;Artur Tadeusz Felix Mazurkiewicz;complete;11;11;0;11.626;150.740
2026-05-12T19:51:07;human;level_1;;;Artur Tadeusz Felix Mazurkiewicz;complete;14;13;0;1.410;150.740
2026-05-12T19:51:10;human;level_2;;;Artur Tadeusz Felix Mazurkiewicz;complete;13;13;0;2.703;150.740
2026-05-12T19:51:17;human;level_3;;;Artur Tadeusz Felix Mazurkiewicz;complete;34;28;0;6.132;150.740
2026-05-12T19:51:27;human;level_4;;;Artur Tadeusz Felix Mazurkiewicz;complete;30;16;0;9.152;150.740
2026-05-12T19:51:37;human;level_5;;;Artur Tadeusz Felix Mazurkiewicz;complete;11;11;0;10.264;150.740
2026-05-12T19:54:33;human;level_1;;;Benjamin Paddags;complete;69;13;0;6.944;146.030
2026-05-12T19:54:43;human;level_2;;;Benjamin Paddags;complete;24;14;0;9.733;150.740
2026-05-12T19:54:58;human;level_3;;;Benjamin Paddags;complete;44;30;0;14.162;150.740
2026-05-12T19:55:15;human;level_4;;;Benjamin Paddags;complete;26;20;0;16.780;150.740
2026-05-12T19:55:34;human;level_5;;;Benjamin Paddags;complete;21;15;0;18.868;150.740
2026-05-12T19:55:43;human;level_1;;;Benjamin Paddags;complete;26;13;0;2.613;150.740
2026-05-12T19:55:50;human;level_2;;;Benjamin Paddags;complete;30;13;0;5.676;150.740
2026-05-12T19:56:03;human;level_3;;;Benjamin Paddags;complete;74;50;0;13.111;144.659
2026-05-12T19:56:35;human;level_4;;;Benjamin Paddags;complete;174;101;1;30.640;122.647
2026-05-12T19:57:07;human;level_5;;;Benjamin Paddags;complete;11;11;0;31.714;150.740
2026-05-12T19:57:13;human;level_1;;;Benjamin Paddags;complete;23;13;0;2.315;150.740
2026-05-12T19:57:18;human;level_2;;;Benjamin Paddags;complete;13;13;0;3.655;150.740
2026-05-12T19:57:25;human;level_3;;;Benjamin Paddags;complete;35;33;0;7.205;150.740
2026-05-12T19:57:43;human;level_4;;;Benjamin Paddags;complete;101;68;2;17.463;135.190
2026-05-12T19:58:03;human;level_5;;;Benjamin Paddags;complete;11;11;0;18.561;150.740
2026-05-12T19:58:08;human;level_1;;;Benjamin Paddags;complete;21;15;0;2.112;150.740
2026-05-12T19:58:13;human;level_2;;;Benjamin Paddags;complete;13;13;0;3.461;150.740
2026-05-12T19:58:21;human;level_3;;;Benjamin Paddags;complete;48;40;0;8.270;150.740
2026-05-12T19:58:35;human;level_4;;;Benjamin Paddags;complete;47;29;1;13.044;150.740
2026-05-12T19:58:50;human;level_5;;;Benjamin Paddags;complete;11;11;0;14.142;150.740
2026-05-12T19:58:58;human;level_1;;;Benjamin Paddags;complete;18;13;0;1.809;150.740
2026-05-12T19:59:02;human;level_2;;;Benjamin Paddags;complete;13;13;0;3.144;150.740
2026-05-12T19:59:09;human;level_3;;;Benjamin Paddags;complete;37;32;0;6.868;150.740
2026-05-12T19:59:19;human;level_4;;;Benjamin Paddags;complete;23;18;0;9.212;150.740
2026-05-12T19:59:30;human;level_5;;;Benjamin Paddags;complete;11;11;0;10.319;150.740
2026-05-12T20:00:11;human;level_1;;;Benjamin Paddags;complete;15;13;0;1.509;150.740
2026-05-12T20:00:14;human;level_2;;;Benjamin Paddags;complete;13;13;0;2.880;150.740
2026-05-12T20:00:21;human;level_3;;;Benjamin Paddags;complete;34;33;0;6.265;150.740
2026-05-12T20:00:32;human;level_4;;;Benjamin Paddags;complete;39;26;0;10.215;150.740
2026-05-12T20:00:44;human;level_5;;;Benjamin Paddags;complete;11;11;0;11.312;150.740
2026-05-12T20:03:57;human;level_1;;;Darren Birk Gleisner;complete;43;13;0;4.329;150.740
2026-05-12T20:04:10;human;level_2;;;Darren Birk Gleisner;complete;79;41;0;12.676;143.462
2026-05-12T20:04:36;human;level_3;;;Darren Birk Gleisner;complete;126;77;0;25.359;130.033
2026-05-12T20:05:32;human;level_4;;;Darren Birk Gleisner;timeout;300;143;3;55.738;-0.010
2026-05-12T20:06:37;human;level_4;;;Darren Birk Gleisner;complete;83;30;0;64.125;142.607
2026-05-12T20:07:50;human;level_5;;;Darren Birk Gleisner;complete;81;19;0;72.266;143.024
2026-05-12T20:07:59;human;level_1;;;Darren Birk Gleisner;complete;36;13;0;3.626;150.740
2026-05-12T20:08:07;human;level_2;;;Darren Birk Gleisner;complete;33;13;0;7.026;150.740
2026-05-12T20:08:23;human;level_3;;;Darren Birk Gleisner;complete;84;36;0;15.404;142.407
2026-05-12T20:08:46;human;level_4;;;Darren Birk Gleisner;complete;70;25;0;22.514;145.740
2026-05-12T20:09:11;human;level_5;;;Darren Birk Gleisner;complete;17;11;0;24.190;150.740
2026-05-12T20:09:17;human;level_1;;;Darren Birk Gleisner;complete;20;13;0;2.016;150.740
2026-05-12T20:09:21;human;level_2;;;Darren Birk Gleisner;complete;13;13;0;3.350;150.740
2026-05-12T20:09:32;human;level_3;;;Darren Birk Gleisner;complete;69;38;0;10.290;146.030
2026-05-12T20:09:47;human;level_4;;;Darren Birk Gleisner;complete;34;18;0;13.708;150.740
2026-05-12T20:10:02;human;level_5;;;Darren Birk Gleisner;complete;11;11;0;14.794;150.740
2026-05-12T20:10:09;human;level_1;;;Darren Birk Gleisner;complete;21;13;0;2.115;150.740
2026-05-12T20:10:13;human;level_2;;;Darren Birk Gleisner;complete;13;13;0;3.451;150.740
2026-05-12T20:10:24;human;level_3;;;Darren Birk Gleisner;complete;67;37;0;10.230;146.636
2026-05-12T20:10:39;human;level_4;;;Darren Birk Gleisner;complete;44;18;0;14.619;150.740
2026-05-12T20:10:57;human;level_5;;;Darren Birk Gleisner;complete;29;11;0;17.544;150.740
2026-05-12T20:11:03;human;level_1;;;Darren Birk Gleisner;complete;23;13;0;2.317;150.740
2026-05-12T20:11:08;human;level_2;;;Darren Birk Gleisner;complete;13;13;0;3.666;150.740
2026-05-12T20:11:18;human;level_3;;;Darren Birk Gleisner;complete;58;30;0;9.474;149.878
2026-05-12T20:11:31;human;level_4;;;Darren Birk Gleisner;complete;35;17;0;13.034;150.740
2026-05-12T20:11:46;human;level_5;;;Darren Birk Gleisner;complete;11;11;0;14.118;150.740
2026-05-12T20:11:51;human;level_1;;;Darren Birk Gleisner;complete;18;13;0;1.811;150.740
2026-05-12T20:11:55;human;level_2;;;Darren Birk Gleisner;complete;13;13;0;3.133;150.740
2026-05-12T20:12:04;human;level_3;;;Darren Birk Gleisner;complete;48;33;0;7.969;150.740
2026-05-12T20:12:16;human;level_4;;;Darren Birk Gleisner;complete;35;18;0;11.513;150.740
2026-05-12T20:12:29;human;level_5;;;Darren Birk Gleisner;complete;11;11;0;12.614;150.740
2026-05-12T20:13:31;ai;level_1;;;ai;timeout;300;236;0;30.187;-0.060
2026-05-12T20:14:15;ai;level_1;;;ai;complete;131;105;0;43.746;124.760
2026-05-12T20:15:29;ai;level_2;;;ai;timeout;300;241;0;73.918;-0.060
